bet_id,soort_vergoeding,waarde,max_periode
125923103,,0,0
125923544,,0,0
125924143,,0,0
125926502,,0,0
125926506,,0,0
125935707,,0,0
125935710,,0,0
125954450,,0,0
125957500,,0,0
125957512,,0,0
125957862,,0,0
125967484,,0,0
125991127,,0,0
125992923,,0,0
126004429,,0,0
126004561,,0,0
126004577,,0,0
126004925,,0,0
126004945,,0,0
126005389,,0,0
126005641,,0,0
126005857,,0,0
126006419,,0,0
126016199,,0,0
126016324,,0,0
126016328,,0,0
126018024,,0,0
126020382,,0,0
126025579,,0,0
126028650,,0,0
126044929,,0,0
126044938,,0,0
126046009,,0,0
126050948,,0,0
126050951,,0,0
126051589,,0,0
126052637,,0,0
126052651,,0,0
126052681,,0,0
126052802,,0,0
126054269,,0,0
126054459,,0,0
126054542,,0,0
126054562,,0,0
126054847,,0,0
126054958,,0,0
126054962,,0,0
126054966,,0,0
126055046,,0,0
126055151,,0,0
126055473,,0,0
126055655,,0,0
126063841,,0,0
126065370,,0,0
126071546,,0,0
126071566,,0,0
126072093,,0,0
126072103,,0,0
126072493,,0,0
126072558,,0,0
126072583,,0,0
126072591,,0,0
126072613,,0,0
126080329,,0,0
126080358,,0,0
126080374,,0,0
126080382,,0,0
126080407,,0,0
126088195,,0,0
126088317,,0,0
126088370,,0,0
126088437,,0,0
126088445,,0,0
126088457,,0,0
126088470,,0,0
126088474,,0,0
126088937,,0,0
126089018,,0,0
126089446,,0,0
126089473,,0,0
126089502,,0,0
126089514,,0,0
126089549,,0,0
126089765,,0,0
126089777,,0,0
126089815,,0,0
126090279,,0,0
126090283,,0,0
126090463,,0,0
126090466,,0,0
126090755,,0,0
126090759,,0,0
126090847,,0,0
126090849,,0,0
126090851,,0,0
126090858,,0,0
126090866,,0,0
126090917,,0,0
126091393,,0,0
126091655,,0,0
126091831,,0,0
126091841,,0,0
126091898,,0,0
126091918,,0,0
126091934,,0,0
126091938,,0,0
126092093,,0,0
126092250,,0,0
126092254,,0,0
126092986,,0,0
126094569,,0,0
126094577,,0,0
126094603,,0,0
126094613,,0,0
126094761,,0,0
126094775,,0,0
126094946,,0,0
126094981,,0,0
126095193,,0,0
126095199,,0,0
126095219,,0,0
126095227,,0,0
126095297,,0,0
126095511,,0,0
126095519,,0,0
126095935,,0,0
126095966,,0,0
126096213,,0,0
126096215,,0,0
126096282,,0,0
126097434,,0,0
126097450,,0,0
126102565,,0,0
126102599,,0,0
126107099,,0,0
126107113,,0,0
126107115,,0,0
126107122,,0,0
126107197,,0,0
126107215,,0,0
126107219,,0,0
126107262,,0,0
126107305,,0,0
126107347,,0,0
126107373,,0,0
126107381,,0,0
126107438,,0,0
126107471,,0,0
126107473,,0,0
126107570,,0,0
126107574,,0,0
126107595,,0,0
126107606,,0,0
126107610,,0,0
126110487,,0,0
126110542,,0,0
126110574,,0,0
126110639,,0,0
126110926,,0,0
126110985,,0,0
126111001,,0,0
126111083,,0,0
126111125,,0,0
126111189,,0,0
126111210,,0,0
126111290,,0,0
126111397,,0,0
126111398,,0,0
126111442,,0,0
126111527,,0,0
126111531,,0,0
126111535,,0,0
126111887,,0,0
126111919,,0,0
126111939,,0,0
126112427,,0,0
126112611,,0,0
126112621,,0,0
126112649,,0,0
126112655,,0,0
126112659,,0,0
126112673,,0,0
126112689,,0,0
126112743,,0,0
126113975,,0,0
126113979,,0,0
126116641,,0,0
126116677,,0,0
126116687,,0,0
126116741,,0,0
126117811,,0,0
126117854,,0,0
126117857,,0,0
126117889,,0,0
126117901,,0,0
126117922,,0,0
126117928,,0,0
126117985,,0,0
126118054,,0,0
126118063,,0,0
126118112,,0,0
126118132,,0,0
126118144,,0,0
126118147,,0,0
126118210,,0,0
126118630,,0,0
126118744,,0,0
126118750,,0,0
126118753,,0,0
126119305,,0,0
126119341,,0,0
126119347,,0,0
126119578,,0,0
126119609,,0,0
126119819,,0,0
126120059,,0,0
126120082,,0,0
126120281,,0,0
126120476,,0,0
126120481,,0,0
126121048,,0,0
126121159,,0,0
126121276,,0,0
126121378,,0,0
126121384,,0,0
126122002,,0,0
126122011,,0,0
126122063,,0,0
126128224,,0,0
126128266,,0,0
126128389,,0,0
126128416,,0,0
126128428,,0,0
126129406,,0,0
126129424,,0,0
126129430,,0,0
126129488,,0,0
126129503,,0,0
126129619,,0,0
126129676,,0,0
126129688,,0,0
126129839,,0,0
126130157,,0,0
126130163,,0,0
126130988,,0,0
126131035,,0,0
126131584,,0,0
126131602,,0,0
126131632,,0,0
126131680,,0,0
126131683,,0,0
126131686,,0,0
126131965,,0,0
126132034,,0,0
126132562,,0,0
126132574,,0,0
126171961,,0,0
126176305,,0,0
126177628,,0,0
126177637,,0,0
126177646,,0,0
126177686,,0,0
126178304,,0,0
126179035,,0,0
126189622,,0,0
126193189,,0,0
126193883,,0,0
126194458,,0,0
126194495,,0,0
126194557,,0,0
126194833,,0,0
126196075,,0,0
126196078,,0,0
126196138,,0,0
126196184,,0,0
126196187,,0,0
126196211,,0,0
126196256,,0,0
126196262,,0,0
126196417,,0,0
126196546,,0,0
126196603,,0,0
126196606,,0,0
126198136,,0,0
126198443,,0,0
126203371,,0,0
126204152,,0,0
126204173,,0,0
126212932,,0,0
126220028,,0,0
126223759,,0,0
126234811,,0,0
126261082,,0,0
126261088,,0,0
126270691,,0,0
126290621,,0,0
126291640,,0,0
126304712,,0,0
126305683,,0,0
126310837,,0,0
126310988,,0,0
126329338,,0,0
126329344,,0,0
126329347,,0,0
126330013,,0,0
126330019,,0,0
126357754,,0,0
126357763,,0,0
126405406,,0,0
126405460,,0,0
126408211,,0,0
126421039,,0,0
126424694,,0,0
126484393,,0,0
126485138,,0,0
126560911,,0,0
126577979,,0,0
126614947,,0,0
126620295,,0,0
126693347,,0,0
126693801,,0,0
126701724,,0,0
126701726,,0,0
126701729,,0,0
126704967,,0,0
126705762,,0,0
126709869,,0,0
126710016,,0,0
126711096,,0,0
126713289,,0,0
126714528,,0,0
126717507,,0,0
126717513,,0,0
126717518,,0,0
126717675,,0,0
126717684,,0,0
126717722,,0,0
126791642,,0,0
126812610,,0,0
126813087,,0,0
126813141,,0,0
126859227,,0,0
126859236,,0,0
126859245,,0,0
127043712,,0,0
127043792,,0,0
127044486,,0,0
127044489,,0,0
127047693,,0,0
127048284,,0,0
127049529,,0,0
127055117,,0,0
127056462,,0,0
127057410,,0,0
127057421,,0,0
127072140,,0,0
127090494,,0,0
127106085,,0,0
127107270,,0,0
127815096,,0,0
127937315,,0,0
128679387,,0,0
128689247,,0,0
128696121,,0,0
128767905,,0,0
128774766,,0,0
128779250,,0,0
128783868,,0,0
128788827,,0,0
128798205,,0,0
128809188,,0,0
128809694,,0,0
128821553,,0,0
128826218,,0,0
128826230,,0,0
128858493,,0,0
128858666,,0,0
128865480,,0,0
128873324,,0,0
128873835,,0,0
128874939,,0,0
128880146,,0,0
128903940,,0,0
128904003,,0,0
128918358,,0,0
128986395,,0,0
129022821,,0,0
129023814,,0,0
129214221,,0,0
129214584,,0,0
129217563,,0,0
129228609,,0,0
129240887,,0,0
129242162,,0,0
129255915,,0,0
129256019,,0,0
129256074,,0,0
129268668,,0,0
129314715,,0,0
129323193,,0,0
129323762,,0,0
129335883,,0,0
129353141,,0,0
129385377,,0,0
129385449,,0,0
129385854,,0,0
129386448,,0,0
129390855,,0,0
129391853,,0,0
129392205,,0,0
129393234,,0,0
129395094,,0,0
129395337,,0,0
129397679,,0,0
129399381,,0,0
129399434,,0,0
129400959,,0,0
129401754,,0,0
129401757,,0,0
129401760,,0,0
129404412,,0,0
129404676,,0,0
129405192,,0,0
129405278,,0,0
129405311,,0,0
129405344,,0,0
129405368,,0,0
129408108,,0,0
129416523,,0,0
129416612,,0,0
129417578,,0,0
129479304,,0,0
129715944,,0,0
129723080,,0,0
129723254,,0,0
129811398,,0,0
129838163,,0,0
129845061,,0,0
129846011,,0,0
129878355,,0,0
129879419,,0,0
129905439,,0,0
129905442,,0,0
129980619,,0,0
130007094,,0,0
130050173,,0,0
130053240,,0,0
130053912,,0,0
130075179,,0,0
130080927,,0,0
130153988,,0,0
130185495,,0,0
130186098,,0,0
130215291,,0,0
130245702,,0,0
130259351,,0,0
130260002,,0,0
130351541,,0,0
130380084,,0,0
130488951,,0,0
130489067,,0,0
130533554,,0,0
130533555,,0,0
130564748,,0,0
130564850,,0,0
130593453,,0,0
130710873,,0,0
130714962,,0,0
130991447,,0,0
130991534,,0,0
130994822,,0,0
131306853,,0,0
131334153,,0,0
131339184,,0,0
131373618,,0,0
131405151,,0,0
131414960,,0,0
131415498,,0,0
131415513,,0,0
131415626,,0,0
131415645,,0,0
131523821,,0,0
131564087,,0,0
131618151,,0,0
131620280,,0,0
131622287,,0,0
131757719,,0,0
131835725,,0,0
131848448,,0,0
132023688,,0,0
132035819,,0,0
132078078,,0,0
132082866,,0,0
132124350,,0,0
132124356,,0,0
132126953,,0,0
132215915,,0,0
132224999,,0,0
132359423,,0,0
132363290,,0,0
132370428,,0,0
132399648,,0,0
132399729,,0,0
132400931,,0,0
132400934,,0,0
132413333,,0,0
132444258,,0,0
132444938,,0,0
132481779,,0,0
132536562,,0,0
132597051,,0,0
132597075,,0,0
132597402,,0,0
132597713,,0,0
132599147,,0,0
132600290,,0,0
132600299,,0,0
132600446,,0,0
132600701,,0,0
132601448,,0,0
132602276,,0,0
132602445,,0,0
132602502,,0,0
132603317,,0,0
132604892,,0,0
132648422,,0,0
132649109,,0,0
132668636,,0,0
132717668,,0,0
132733812,,0,0
132750666,,0,0
132753434,,0,0
132773570,,0,0
132788060,,0,0
132788721,,0,0
132839535,,0,0
132839805,,0,0
132842363,,0,0
132842417,,0,0
132847197,,0,0
132860823,,0,0
132861822,,0,0
132871160,,0,0
132874904,,0,0
132891524,,0,0
132899996,,0,0
132974720,,0,0
132996582,,0,0
133000214,,0,0
133000802,,0,0
133002860,,0,0
133098356,,0,0
133151649,,0,0
133161167,,0,0
133162017,,0,0
133169799,,0,0
133170477,,0,0
133263429,,0,0
133390349,,0,0
133390352,,0,0
133407818,,0,0
133526964,,0,0
133526967,,0,0
133527087,,0,0
133544145,,0,0
133544547,,0,0
133618079,,0,0
133643964,,0,0
133644765,,0,0
133647224,,0,0
133734044,,0,0
133736873,,0,0
133744751,,0,0
133781511,,0,0
133781547,,0,0
133782921,,0,0
133859883,,0,0
133875492,,0,0
133904879,,0,0
133926500,,0,0
133984773,,0,0
133999401,,0,0
133999476,,0,0
133999815,,0,0
134002434,,0,0
134014811,,0,0
134042028,,0,0
134178698,,0,0
134315662,,0,0
134324398,,0,0
134331871,,0,0
134342036,,0,0
134411674,,0,0
134413672,,0,0
134461189,,0,0
134509754,,0,0
134510089,,0,0
134559601,,0,0
134562070,,0,0
134574457,,0,0
134575415,,0,0
134707024,,0,0
134728003,,0,0
134730553,,0,0
134730820,,0,0
134730823,,0,0
134747485,,0,0
134747729,,0,0
134765119,,0,0
134833043,,0,0
134833657,,0,0
134834825,,0,0
134854553,,0,0
134873237,,0,0
134875376,,0,0
134893928,,0,0
134896949,,0,0
134897639,,0,0
134900006,,0,0
134919569,,0,0
134920534,,0,0
134923547,,0,0
135001250,,0,0
135002294,,0,0
135002651,,0,0
135050428,,0,0
135074389,,0,0
135074768,,0,0
135077225,,0,0
135077231,,0,0
135077237,,0,0
135140768,,0,0
135164087,,0,0
135167149,,0,0
135183922,,0,0
135257434,,0,0
135353689,,0,0
135612487,,0,0
135636607,,0,0
135636655,,0,0
135803329,,0,0
135947681,,0,0
135967142,,0,0
136254277,,0,0
136291582,,0,0
136347677,,0,0
136380464,,0,0
136398250,,0,0
136481737,,0,0
136500220,,0,0
136514458,,0,0
136514530,,0,0
136514588,,0,0
136514621,,0,0
136514624,,0,0
136514627,,0,0
136514636,,0,0
136514657,,0,0
136514675,,0,0
136514693,,0,0
136514696,,0,0
136514705,,0,0
136514713,,0,0
136534054,,0,0
136539715,,0,0
136553767,,0,0
136559441,,0,0
136614319,,0,0
136628305,,0,0
136632601,,0,0
136671944,,0,0
136672675,,0,0
136672678,,0,0
136730200,,0,0
136730203,,0,0
136730326,,0,0
136743859,,0,0
136763561,,0,0
136764496,,0,0
136784951,,0,0
136786570,,0,0
136804423,,0,0
136883968,,0,0
136884616,,0,0
136884640,,0,0
136884649,,0,0
136884689,,0,0
136884695,,0,0
136884698,,0,0
136884788,,0,0
136885135,,0,0
136885144,,0,0
136885546,,0,0
136885552,,0,0
136885597,,0,0
136885669,,0,0
136885996,,0,0
136886005,,0,0
136886203,,0,0
136886218,,0,0
136886236,,0,0
136886465,,0,0
136886470,,0,0
136886533,,0,0
136886599,,0,0
136886677,,0,0
136887181,,0,0
136887523,,0,0
136887535,,0,0
136887733,,0,0
136887952,,0,0
136887961,,0,0
136888231,,0,0
136888774,,0,0
136888838,,0,0
136902274,,0,0
136903237,,0,0
136903303,,0,0
136903423,,0,0
136903585,,0,0
136903645,,0,0
136903819,,0,0
136903828,,0,0
136904018,,0,0
136904135,,0,0
136904153,,0,0
136904359,,0,0
136904368,,0,0
136904383,,0,0
136904392,,0,0
136904395,,0,0
136904699,,0,0
136904704,,0,0
136904722,,0,0
136904728,,0,0
136904737,,0,0
136904743,,0,0
136923535,,0,0
136946959,,0,0
136992511,,0,0
137012639,,0,0
137012911,,0,0
137013037,,0,0
137013070,,0,0
137013172,,0,0
137013479,,0,0
137013500,,0,0
137013566,,0,0
137014427,,0,0
137014546,,0,0
137014678,,0,0
137014691,,0,0
137014706,,0,0
137014727,,0,0
137014759,,0,0
137014954,,0,0
137015266,,0,0
137015344,,0,0
137015362,,0,0
137015422,,0,0
137015443,,0,0
137015510,,0,0
137015701,,0,0
137016157,,0,0
137016469,,0,0
137016739,,0,0
137016796,,0,0
137016805,,0,0
137016946,,0,0
137017015,,0,0
137017064,,0,0
137017079,,0,0
137017102,,0,0
137017123,,0,0
137017183,,0,0
137017232,,0,0
137031080,,0,0
137031149,,0,0
137031236,,0,0
137031314,,0,0
137031331,,0,0
137031814,,0,0
137031862,,0,0
137032006,,0,0
137032229,,0,0
137032660,,0,0
137032741,,0,0
137032777,,0,0
137032882,,0,0
137033375,,0,0
137033485,,0,0
137033593,,0,0
137033701,,0,0
137033849,,0,0
137033942,,0,0
137038058,,0,0
137038060,,0,0
137038102,,0,0
137053774,,0,0
137056754,,0,0
137076791,,0,0
137149084,,0,0
137149138,,0,0
137149270,,0,0
137149330,,0,0
137149546,,0,0
137149624,,0,0
137149705,,0,0
137149723,,0,0
137150044,,0,0
137151161,,0,0
137151182,,0,0
137151200,,0,0
137151209,,0,0
137151628,,0,0
137152066,,0,0
137152141,,0,0
137152150,,0,0
137153267,,0,0
137153284,,0,0
137153413,,0,0
137167984,,0,0
137168429,,0,0
137169841,,0,0
137169853,,0,0
137170030,,0,0
137170090,,0,0
137170271,,0,0
137170364,,0,0
137170453,,0,0
137170465,,0,0
137170483,,0,0
137170588,,0,0
137170594,,0,0
137171369,,0,0
137171408,,0,0
137171453,,0,0
137171656,,0,0
137171719,,0,0
137171734,,0,0
137171740,,0,0
137171752,,0,0
137171764,,0,0
137172215,,0,0
137172226,,0,0
137172238,,0,0
137172244,,0,0
137172256,,0,0
137175688,,0,0
137175691,,0,0
137198546,,0,0
137236360,,0,0
137244392,,0,0
137244458,,0,0
137244491,,0,0
137244503,,0,0
137244512,,0,0
137244518,,0,0
137244521,,0,0
137244527,,0,0
137244553,,0,0
137244619,,0,0
137244751,,0,0
137244766,,0,0
137244790,,0,0
137244836,,0,0
137244860,,0,0
137244869,,0,0
137244880,,0,0
137244889,,0,0
137244949,,0,0
137244955,,0,0
137245013,,0,0
137245054,,0,0
137245087,,0,0
137245093,,0,0
137245126,,0,0
137245144,,0,0
137245204,,0,0
137245225,,0,0
137245264,,0,0
137245831,,0,0
137245870,,0,0
137245876,,0,0
137245894,,0,0
137245960,,0,0
137245972,,0,0
137245981,,0,0
137245987,,0,0
137248475,,0,0
137263313,,0,0
137275486,,0,0
137279080,,0,0
137293847,,0,0
137352728,,0,0
137374651,,0,0
137374966,,0,0
137375551,,0,0
137401541,,0,0
137476810,,0,0
137477614,,0,0
137477620,,0,0
137477812,,0,0
137499443,,0,0
137500256,,0,0
137518912,,0,0
137533123,,0,0
137583736,,0,0
137619482,,0,0
137654653,,0,0
137654833,,0,0
137655454,,0,0
137719918,,0,0
137772674,,0,0
137773480,,0,0
137827700,,0,0
137847428,,0,0
137857324,,0,0
137870930,,0,0
137885554,,0,0
137885629,,0,0
137937169,,0,0
137937851,,0,0
137937877,,0,0
137938123,,0,0
137938597,,0,0
137939683,,0,0
137939821,,0,0
137939835,,0,0
137939837,,0,0
137939953,,0,0
137941611,,0,0
137941991,,0,0
137941993,,0,0
137944960,,0,0
137945343,,0,0
137945379,,0,0
137947731,,0,0
137948207,,0,0
137950017,,0,0
137950039,,0,0
137968960,,0,0
137969217,,0,0
137970186,,0,0
137970348,,0,0
137971716,,0,0
137971809,,0,0
137971812,,0,0
137971815,,0,0
137971818,,0,0
137971821,,0,0
137971824,,0,0
137971827,,0,0
137971830,,0,0
137971833,,0,0
137971836,,0,0
137971840,,0,0
137971846,,0,0
137972472,,0,0
137972493,,0,0
137972551,,0,0
137972632,,0,0
137973345,,0,0
137973574,,0,0
137975602,,0,0
137977306,,0,0
137980029,,0,0
137980215,,0,0
137980234,,0,0
137980977,,0,0
137980983,,0,0
137982744,,0,0
137983104,,0,0
137983159,,0,0
137983528,,0,0
137983887,,0,0
137984725,,0,0
137984839,,0,0
137985204,,0,0
137985282,,0,0
137985285,,0,0
137985637,,0,0
137985880,,0,0
137986257,,0,0
137986329,,0,0
137986608,,0,0
137986614,,0,0
137987493,,0,0
137988334,,0,0
137988379,,0,0
137988391,,0,0
137988501,,0,0
137993098,,0,0
137993709,,0,0
137994186,,0,0
137995269,,0,0
137995755,,0,0
137998290,,0,0
137998354,,0,0
137998360,,0,0
137998842,,0,0
137999152,,0,0
137999383,,0,0
138000502,,0,0
138000643,,0,0
138000739,,0,0
138001605,,0,0
138023016,,0,0
138086967,,0,0
138087177,,0,0
138087217,,0,0
138088431,,0,0
138088557,,0,0
138089550,,0,0
138090394,,0,0
138090435,,0,0
138110307,,0,0
138110636,,0,0
138183693,,0,0
138183707,,0,0
138255272,,0,0
138263277,,0,0
138320308,,0,0
138339748,,0,0
138401091,,0,0
138424521,,0,0
138427324,,0,0
138543766,,0,0
138596110,,0,0
138598086,,0,0
138659503,,0,0
138659706,,0,0
138659712,,0,0
138660438,,0,0
138660744,,0,0
138666408,,0,0
138675828,,0,0
138675829,,0,0
138676011,,0,0
138677079,,0,0
138677113,,0,0
138677395,,0,0
138677482,,0,0
138688443,,0,0
138688605,,0,0
138688789,,0,0
138691639,,0,0
138693073,,0,0
138693076,,0,0
138693079,,0,0
138694242,,0,0
138695538,,0,0
138696702,,0,0
138698385,,0,0
138709835,,0,0
138711314,,0,0
138711912,,0,0
138712050,,0,0
138713385,,0,0
138713442,,0,0
138714432,,0,0
138714702,,0,0
138719790,,0,0
138720101,,0,0
138721044,,0,0
138721713,,0,0
138721899,,0,0
138721944,,0,0
138722055,,0,0
138722807,,0,0
138722894,,0,0
138723117,,0,0
138724260,,0,0
138725249,,0,0
138727050,,0,0
138727881,,0,0
138728840,,0,0
138728904,,0,0
138733443,,0,0
138754368,,0,0
138754782,,0,0
138757292,,0,0
138758058,,0,0
138759447,,0,0
138759534,,0,0
138760068,,0,0
138760716,,0,0
138762969,,0,0
138763077,,0,0
138763104,,0,0
138764151,,0,0
138764153,,0,0
138764175,,0,0
138765291,,0,0
138765462,,0,0
138765501,,0,0
138766589,,0,0
138767052,,0,0
138768308,,0,0
138770516,,0,0
138773405,,0,0
138774861,,0,0
138774914,,0,0
138775839,,0,0
138775907,,0,0
138776175,,0,0
138776226,,0,0
138778137,,0,0
138780702,,0,0
138781532,,0,0
138785441,,0,0
138785562,,0,0
138786098,,0,0
138786101,,0,0
138808688,,0,0
138809237,,0,0
138809505,,0,0
138811229,,0,0
138811238,,0,0
138931794,,0,0
138932427,,0,0
138932429,,0,0
138933499,,0,0
138933502,,0,0
138935298,,0,0
138936744,,0,0
138945619,,0,0
138946299,,0,0
138947296,,0,0
138959734,,0,0
138961228,,0,0
138968635,,0,0
138968742,,0,0
138968793,,0,0
138969498,,0,0
138970371,,0,0
138974023,,0,0
138974032,,0,0
138975430,,0,0
138975788,,0,0
138977082,,0,0
138978978,,0,0
138981040,,0,0
138981699,,0,0
138982659,,0,0
138982873,,0,0
138986563,,0,0
138991627,,0,0
138992608,,0,0
138992691,,0,0
138995286,,0,0
138997404,,0,0
138999036,,0,0
138999220,,0,0
139000887,,0,0
139001946,,0,0
139002018,,0,0
139003458,,0,0
139017757,,0,0
139018422,,0,0
139019028,,0,0
139019796,,0,0
139019817,,0,0
139020516,,0,0
139021515,,0,0
139021521,,0,0
139021642,,0,0
139021684,,0,0
139021705,,0,0
139022427,,0,0
139023192,,0,0
139023936,,0,0
139026579,,0,0
139027543,,0,0
139027830,,0,0
139029229,,0,0
139030470,,0,0
139030861,,0,0
139030963,,0,0
139062540,,0,0
139063372,,0,0
139063381,,0,0
139111714,,0,0
139112998,,0,0
139115189,,0,0
139116347,,0,0
139116359,,0,0
139116776,,0,0
139116833,,0,0
139141634,,0,0
139141643,,0,0
139142360,,0,0
139142552,,0,0
139143668,,0,0
139144964,,0,0
139145056,,0,0
139145798,,0,0
139145801,,0,0
139146187,,0,0
139146208,,0,0
139147870,,0,0
139147958,,0,0
139148116,,0,0
139150033,,0,0
139150039,,0,0
139150093,,0,0
139150907,,0,0
139151513,,0,0
139151540,,0,0
139154092,,0,0
139157807,,0,0
139182115,,0,0
139182203,,0,0
139203374,,0,0
139205086,,0,0
139205303,,0,0
139205800,,0,0
139205803,,0,0
139206203,,0,0
139208591,,0,0
139256623,,0,0
139257119,,0,0
139258234,,0,0
139260746,,0,0
139261172,,0,0
139262516,,0,0
139262849,,0,0
139262852,,0,0
139263070,,0,0
139263890,,0,0
139264556,,0,0
139264690,,0,0
139264693,,0,0
139265470,,0,0
139265708,,0,0
139268699,,0,0
139270204,,0,0
139277591,,0,0
139277603,,0,0
139277626,,0,0
139277722,,0,0
139278470,,0,0
139278560,,0,0
139278686,,0,0
139278746,,0,0
139279205,,0,0
139279210,,0,0
139279553,,0,0
139280689,,0,0
139280695,,0,0
139281001,,0,0
139282063,,0,0
139282106,,0,0
139282124,,0,0
139282133,,0,0
139283009,,0,0
139283609,,0,0
139284022,,0,0
139284025,,0,0
139287455,,0,0
139287575,,0,0
139287602,,0,0
139287982,,0,0
139288111,,0,0
139288247,,0,0
139289231,,0,0
139289287,,0,0
139289492,,0,0
139290181,,0,0
139291142,,0,0
139291145,,0,0
139291166,,0,0
139291168,,0,0
139291420,,0,0
139293179,,0,0
139293512,,0,0
139293802,,0,0
139293848,,0,0
139293901,,0,0
139294088,,0,0
139295917,,0,0
139296908,,0,0
139296911,,0,0
139296956,,0,0
139298132,,0,0
139298665,,0,0
139298807,,0,0
139299764,,0,0
139300627,,0,0
139300642,,0,0
139301839,,0,0
139303004,,0,0
139303115,,0,0
139303673,,0,0
139304570,,0,0
139304908,,0,0
139306400,,0,0
139306474,,0,0
139307489,,0,0
139309289,,0,0
139310108,,0,0
139310111,,0,0
139310168,,0,0
139310317,,0,0
139310411,,0,0
139310843,,0,0
139311350,,0,0
139312757,,0,0
139312985,,0,0
139313039,,0,0
139314629,,0,0
139314881,,0,0
139315643,,0,0
139315861,,0,0
139315943,,0,0
139315984,,0,0
139317550,,0,0
139318114,,0,0
139319513,,0,0
139319522,,0,0
139319543,,0,0
139319734,,0,0
139319735,,0,0
139319774,,0,0
139321027,,0,0
139322810,,0,0
139323541,,0,0
139324178,,0,0
139324294,,0,0
139324517,,0,0
139325042,,0,0
139325948,,0,0
139327282,,0,0
139328195,,0,0
139330516,,0,0
139330519,,0,0
139330522,,0,0
139330706,,0,0
139330711,,0,0
139336843,,0,0
139336846,,0,0
139338241,,0,0
139340216,,0,0
139340336,,0,0
139341286,,0,0
139342138,,0,0
139342924,,0,0
139342940,,0,0
139343279,,0,0
139343842,,0,0
139344785,,0,0
139345040,,0,0
139345042,,0,0
139345067,,0,0
139345949,,0,0
139345952,,0,0
139346813,,0,0
139349662,,0,0
139349696,,0,0
139349717,,0,0
139349954,,0,0
139349957,,0,0
139351598,,0,0
139351643,,0,0
139352033,,0,0
139352261,,0,0
139352356,,0,0
139352710,,0,0
139354390,,0,0
139354454,,0,0
139375967,,0,0
139376809,,0,0
139376812,,0,0
139380094,,0,0
139380577,,0,0
139380589,,0,0
139381010,,0,0
139381097,,0,0
139381595,,0,0
139383442,,0,0
139383458,,0,0
139384187,,0,0
139384328,,0,0
139384375,,0,0
139384378,,0,0
139384834,,0,0
139385077,,0,0
139385117,,0,0
139385177,,0,0
139386050,,0,0
139386056,,0,0
139386059,,0,0
139387088,,0,0
139387091,,0,0
139388131,,0,0
139388189,,0,0
139388198,,0,0
139389293,,0,0
139389988,,0,0
139390741,,0,0
139391744,,0,0
139392605,,0,0
139392614,,0,0
139394425,,0,0
139394545,,0,0
139396292,,0,0
139396301,,0,0
139398395,,0,0
139398518,,0,0
139398521,,0,0
139398931,,0,0
139399019,,0,0
139400245,,0,0
139400254,,0,0
139400260,,0,0
139402094,,0,0
139402885,,0,0
139403683,,0,0
139403695,,0,0
139404737,,0,0
139405433,,0,0
139405931,,0,0
139407370,,0,0
139412546,,0,0
139414339,,0,0
139415965,,0,0
139416178,,0,0
139416784,,0,0
139417054,,0,0
139417421,,0,0
139417618,,0,0
139453688,,0,0
139453732,,0,0
139454672,,0,0
139455406,,0,0
139455626,,0,0
139456616,,0,0
139458569,,0,0
139459226,,0,0
139459342,,0,0
139461001,,0,0
139465382,,0,0
139468739,,0,0
139468745,,0,0
139472912,,0,0
139473647,,0,0
139473715,,0,0
139474847,,0,0
139475129,,0,0
139476188,,0,0
139476812,,0,0
139476887,,0,0
139477583,,0,0
139477811,,0,0
139477820,,0,0
139478741,,0,0
139478966,,0,0
139479827,,0,0
139482047,,0,0
139483175,,0,0
139483199,,0,0
139483268,,0,0
139483444,,0,0
139483619,,0,0
139483747,,0,0
139484986,,0,0
139485563,,0,0
139485770,,0,0
139486201,,0,0
139487402,,0,0
139487411,,0,0
139487723,,0,0
139487987,,0,0
139488365,,0,0
139488764,,0,0
139488934,,0,0
139489109,,0,0
139489112,,0,0
139489427,,0,0
139489456,,0,0
139490707,,0,0
139491131,,0,0
139491170,,0,0
139491250,,0,0
139492855,,0,0
139492858,,0,0
139492861,,0,0
139492885,,0,0
139492978,,0,0
139493176,,0,0
139493179,,0,0
139493188,,0,0
139493198,,0,0
139493345,,0,0
139493617,,0,0
139493621,,0,0
139493635,,0,0
139493675,,0,0
139493797,,0,0
139493885,,0,0
139494191,,0,0
139494194,,0,0
139494859,,0,0
139494865,,0,0
139496102,,0,0
139496654,,0,0
139497452,,0,0
139497455,,0,0
139498169,,0,0
139498327,,0,0
139499612,,0,0
139499692,,0,0
139499888,,0,0
139499920,,0,0
139499999,,0,0
139500298,,0,0
139500380,,0,0
139501093,,0,0
139502023,,0,0
139502081,,0,0
139502714,,0,0
139502951,,0,0
139503134,,0,0
139504505,,0,0
139505623,,0,0
139506277,,0,0
139507233,,0,0
139507842,,0,0
139508855,,0,0
139509669,,0,0
139509812,,0,0
139510766,,0,0
139510836,,0,0
139510851,,0,0
139511205,,0,0
139511208,,0,0
139511423,,0,0
139511426,,0,0
139511781,,0,0
139512474,,0,0
139514784,,0,0
139515906,,0,0
139517034,,0,0
139518726,,0,0
139519059,,0,0
139519587,,0,0
139520303,,0,0
139520511,,0,0
139520514,,0,0
139521438,,0,0
139521864,,0,0
139522539,,0,0
139523490,,0,0
139523550,,0,0
139523633,,0,0
139523661,,0,0
139524057,,0,0
139524389,,0,0
139524531,,0,0
139524648,,0,0
139524806,,0,0
139526790,,0,0
139527702,,0,0
139527705,,0,0
139527900,,0,0
139528641,,0,0
139528877,,0,0
139528883,,0,0
139529784,,0,0
139530705,,0,0
139535720,,0,0
139536152,,0,0
139538004,,0,0
139539269,,0,0
139539612,,0,0
139540083,,0,0
139542714,,0,0
139542717,,0,0
139542833,,0,0
139543364,,0,0
139543415,,0,0
139543722,,0,0
139545867,,0,0
139546148,,0,0
139546281,,0,0
139546893,,0,0
139547244,,0,0
139547562,,0,0
139547945,,0,0
139547964,,0,0
139547976,,0,0
139547982,,0,0
139548068,,0,0
139548246,,0,0
139548384,,0,0
139549626,,0,0
139549683,,0,0
139549686,,0,0
139549698,,0,0
139550058,,0,0
139550220,,0,0
139550274,,0,0
139550451,,0,0
139550837,,0,0
139551486,,0,0
139552278,,0,0
139552731,,0,0
139553279,,0,0
139554651,,0,0
139555154,,0,0
139555632,,0,0
139555635,,0,0
139555674,,0,0
139555932,,0,0
139555935,,0,0
139573307,,0,0
139573478,,0,0
139574514,,0,0
139575042,,0,0
139575186,,0,0
139576976,,0,0
139577178,,0,0
139577809,,0,0
139578594,,0,0
139578732,,0,0
139578834,,0,0
139578888,,0,0
139578917,,0,0
139578951,,0,0
139579659,,0,0
139579734,,0,0
139580282,,0,0
139580358,,0,0
139580366,,0,0
139580586,,0,0
139580673,,0,0
139581368,,0,0
139581383,,0,0
139581516,,0,0
139581561,,0,0
139581584,,0,0
139581597,,0,0
139581600,,0,0
139581941,,0,0
139582140,,0,0
139582299,,0,0
139582328,,0,0
139582638,,0,0
139582701,,0,0
139582704,,0,0
139582956,,0,0
139583039,,0,0
139583048,,0,0
139583087,,0,0
139583130,,0,0
139583619,,0,0
139584006,,0,0
139584219,,0,0
139584584,,0,0
139584729,,0,0
139584819,,0,0
139584861,,0,0
139585550,,0,0
139585899,,0,0
139586105,,0,0
139587714,,0,0
139587858,,0,0
139588169,,0,0
139588172,,0,0
139588209,,0,0
139588224,,0,0
139588503,,0,0
139589229,,0,0
139590930,,0,0
139591395,,0,0
139592034,,0,0
139592219,,0,0
139592222,,0,0
139592754,,0,0
139592804,,0,0
139593396,,0,0
139594205,,0,0
139594257,,0,0
139595025,,0,0
139595031,,0,0
139595148,,0,0
139595670,,0,0
139595676,,0,0
139595679,,0,0
139595685,,0,0
139595793,,0,0
139595796,,0,0
139597275,,0,0
139597313,,0,0
139605195,,0,0
139605654,,0,0
139605716,,0,0
139606361,,0,0
139606959,,0,0
139610043,,0,0
139611525,,0,0
139612019,,0,0
139612602,,0,0
139615503,,0,0
139615506,,0,0
139615509,,0,0
139615512,,0,0
139615515,,0,0
139615518,,0,0
139615521,,0,0
139616039,,0,0
139617351,,0,0
139617779,,0,0
139617816,,0,0
139617822,,0,0
139617825,,0,0
139617830,,0,0
139617902,,0,0
139617918,,0,0
139654935,,0,0
139654938,,0,0
139654941,,0,0
139655361,,0,0
139655397,,0,0
139655406,,0,0
139662959,,0,0
139672997,,0,0
139673282,,0,0
139673376,,0,0
139673412,,0,0
139673664,,0,0
139674378,,0,0
139674426,,0,0
139674711,,0,0
139674735,,0,0
139674756,,0,0
139674912,,0,0
139674993,,0,0
139675008,,0,0
139675116,,0,0
139675188,,0,0
139675199,,0,0
139693131,,0,0
139693137,,0,0
139693472,,0,0
139693935,,0,0
139693938,,0,0
139695116,,0,0
139695249,,0,0
139695753,,0,0
139695906,,0,0
139695909,,0,0
139713566,,0,0
139733250,,0,0
139733268,,0,0
139733604,,0,0
139733610,,0,0
139733845,,0,0
139734406,,0,0
139734436,,0,0
139734870,,0,0
139734969,,0,0
139734975,,0,0
139735824,,0,0
139737736,,0,0
139738222,,0,0
139739838,,0,0
139740043,,0,0
139740339,,0,0
139740849,,0,0
139741023,,0,0
139741212,,0,0
139742175,,0,0
139743123,,0,0
139744455,,0,0
139744600,,0,0
139744609,,0,0
139744909,,0,0
139744912,,0,0
139745014,,0,0
139745754,,0,0
139746402,,0,0
139747278,,0,0
139747666,,0,0
139747780,,0,0
139747791,,0,0
139747801,,0,0
139747807,,0,0
139747827,,0,0
139747830,,0,0
139747902,,0,0
139748019,,0,0
139748028,,0,0
139748074,,0,0
139748080,,0,0
139748085,,0,0
139748137,,0,0
139748412,,0,0
139748415,,0,0
139748511,,0,0
139749124,,0,0
139749231,,0,0
139749289,,0,0
139752067,,0,0
139752111,,0,0
139752294,,0,0
139752321,,0,0
139752324,,0,0
139752334,,0,0
139752357,,0,0
139752453,,0,0
139752513,,0,0
139752522,,0,0
139752618,,0,0
139752624,,0,0
139752669,,0,0
139753002,,0,0
139753108,,0,0
139753117,,0,0
139753120,,0,0
139753135,,0,0
139753272,,0,0
139753587,,0,0
139753668,,0,0
139753743,,0,0
139753881,,0,0
139753890,,0,0
139754458,,0,0
139760145,,0,0
139760532,,0,0
139760581,,0,0
139760584,,0,0
139760985,,0,0
139761175,,0,0
139761178,,0,0
139761711,,0,0
139761783,,0,0
139767660,,0,0
139767672,,0,0
139767783,,0,0
139767796,,0,0
139768795,,0,0
139769569,,0,0
139769604,,0,0
139770087,,0,0
139770339,,0,0
139770468,,0,0
139770480,,0,0
139771180,,0,0
139771633,,0,0
139771668,,0,0
139771878,,0,0
139772016,,0,0
139772026,,0,0
139772070,,0,0
139772884,,0,0
139773499,,0,0
139773552,,0,0
139773633,,0,0
139773796,,0,0
139773955,,0,0
139774173,,0,0
139774579,,0,0
139774615,,0,0
139775314,,0,0
139775355,,0,0
139775451,,0,0
139775460,,0,0
139775886,,0,0
139776963,,0,0
139777176,,0,0
139777314,,0,0
139777372,,0,0
139777669,,0,0
139778169,,0,0
139778287,,0,0
139778643,,0,0
139779651,,0,0
139780209,,0,0
139780374,,0,0
139780375,,0,0
139782193,,0,0
139782289,,0,0
139782369,,0,0
139782774,,0,0
139782873,,0,0
139782927,,0,0
139783923,,0,0
139784359,,0,0
139784608,,0,0
139784670,,0,0
139787365,,0,0
139787371,,0,0
139787391,,0,0
139787550,,0,0
139787889,,0,0
139789272,,0,0
139789587,,0,0
139789741,,0,0
139789981,,0,0
139790232,,0,0
139790698,,0,0
139790701,,0,0
139790868,,0,0
139791208,,0,0
139791448,,0,0
139791457,,0,0
139791861,,0,0
139791889,,0,0
139791913,,0,0
139791996,,0,0
139792017,,0,0
139792090,,0,0
139792299,,0,0
139792557,,0,0
139792806,,0,0
139792809,,0,0
139792842,,0,0
139793014,,0,0
139793209,,0,0
139793481,,0,0
139793637,,0,0
139793742,,0,0
139793784,,0,0
139794006,,0,0
139794463,,0,0
139794600,,0,0
139794613,,0,0
139794625,,0,0
139794642,,0,0
139794868,,0,0
139795203,,0,0
139795548,,0,0
139795557,,0,0
139796379,,0,0
139796416,,0,0
139797019,,0,0
139797073,,0,0
139797720,,0,0
139797876,,0,0
139797952,,0,0
139797963,,0,0
139798440,,0,0
139798807,,0,0
139798848,,0,0
139798975,,0,0
139799157,,0,0
139799403,,0,0
139799490,,0,0
139799700,,0,0
139799838,,0,0
139800258,,0,0
139800315,,0,0
139800549,,0,0
139800772,,0,0
139800786,,0,0
139801356,,0,0
139801725,,0,0
139801971,,0,0
139802320,,0,0
139802836,,0,0
139802956,,0,0
139803639,,0,0
139804905,,0,0
139805419,,0,0
139805529,,0,0
139805634,,0,0
139806021,,0,0
139806183,,0,0
139806288,,0,0
139806901,,0,0
139806904,,0,0
139806907,,0,0
139806910,,0,0
139807350,,0,0
139808110,,0,0
139808289,,0,0
139808737,,0,0
139810437,,0,0
139811118,,0,0
139815054,,0,0
139815057,,0,0
139815082,,0,0
139815396,,0,0
139816141,,0,0
139816734,,0,0
139816750,,0,0
139816867,,0,0
139817347,,0,0
139817350,,0,0
139817499,,0,0
139818193,,0,0
139819053,,0,0
139819290,,0,0
139819551,,0,0
139819596,,0,0
139820182,,0,0
139821556,,0,0
139821573,,0,0
139821576,,0,0
139821808,,0,0
139821828,,0,0
139822519,,0,0
139823106,,0,0
139823422,,0,0
139823914,,0,0
139823916,,0,0
139824096,,0,0
139884939,,0,0
139885228,,0,0
139885231,,0,0
139885341,,0,0
139992567,,0,0
139992702,,0,0
139993305,,0,0
139993950,,0,0
139993959,,0,0
139993977,,0,0
139994379,,0,0
139994821,,0,0
139994827,,0,0
139994917,,0,0
139995550,,0,0
139995888,,0,0
139995891,,0,0
139995903,,0,0
140155353,,0,0
140155440,,0,0
140261868,,0,0
140368113,,0,0
140368219,,0,0
140368500,,0,0
140368536,,0,0
140368695,,0,0
140368899,,0,0
140369037,,0,0
140388774,,0,0
140389048,,0,0
140389152,,0,0
140389263,,0,0
140389675,,0,0
140389792,,0,0
140390052,,0,0
140409999,,0,0
140410023,,0,0
140410440,,0,0
140410962,,0,0
140410980,,0,0
140410983,,0,0
140410990,,0,0
140411002,,0,0
140431797,,0,0
140431882,,0,0
140432821,,0,0
140433331,,0,0
140433531,,0,0
140433744,,0,0
140434378,,0,0
140434555,,0,0
140434621,,0,0
140434665,,0,0
140434885,,0,0
140434897,,0,0
140434956,,0,0
140442418,,0,0
140442471,,0,0
140442933,,0,0
140442939,,0,0
140443003,,0,0
140443692,,0,0
140443701,,0,0
140443944,,0,0
140443947,,0,0
140444511,,0,0
140444605,,0,0
140444640,,0,0
140444676,,0,0
140445165,,0,0
140445181,,0,0
140445223,,0,0
140445525,,0,0
140446744,,0,0
140446749,,0,0
140446752,,0,0
140447376,,0,0
140449044,,0,0
140449230,,0,0
140449671,,0,0
140449732,,0,0
140449824,,0,0
140449846,,0,0
140450260,,0,0
140450274,,0,0
140450440,,0,0
140450620,,0,0
140450832,,0,0
140451006,,0,0
140451984,,0,0
140452543,,0,0
140452765,,0,0
140453188,,0,0
140453697,,0,0
140453907,,0,0
140453943,,0,0
140454147,,0,0
140454330,,0,0
140454345,,0,0
140454840,,0,0
140455192,,0,0
140455209,,0,0
140455257,,0,0
140455311,,0,0
140455318,,0,0
140455366,,0,0
140455377,,0,0
140455596,,0,0
140455599,,0,0
140455842,,0,0
140458050,,0,0
140458458,,0,0
140459151,,0,0
140459241,,0,0
140459244,,0,0
140459624,,0,0
140459681,,0,0
140459937,,0,0
140463503,,0,0
140463636,,0,0
140463888,,0,0
140465054,,0,0
140465103,,0,0
140465642,,0,0
140465666,,0,0
140465696,,0,0
140466180,,0,0
140466186,,0,0
140466840,,0,0
140466846,,0,0
140466995,,0,0
140467044,,0,0
140467101,,0,0
140467301,,0,0
140467304,,0,0
140468475,,0,0
140469008,,0,0
140469125,,0,0
140469255,,0,0
140469636,,0,0
140470155,,0,0
140470167,,0,0
140470269,,0,0
140470656,,0,0
140471223,,0,0
140471309,,0,0
140471312,,0,0
140471319,,0,0
140471534,,0,0
140471945,,0,0
140472438,,0,0
140472741,,0,0
140473210,,0,0
140473214,,0,0
140473263,,0,0
140474307,,0,0
140476685,,0,0
140477104,,0,0
140477107,,0,0
140477138,,0,0
140477320,,0,0
140477581,,0,0
140478124,,0,0
140478130,,0,0
140478142,,0,0
140478637,,0,0
140478811,,0,0
140481013,,0,0
140481224,,0,0
140481586,,0,0
140482414,,0,0
140482423,,0,0
140482606,,0,0
140482954,,0,0
140482990,,0,0
140482993,,0,0
140483531,,0,0
140483971,,0,0
140484514,,0,0
140484688,,0,0
140484802,,0,0
140484925,,0,0
140484940,,0,0
140485136,,0,0
140485195,,0,0
140485241,,0,0
140485303,,0,0
140485459,,0,0
140485804,,0,0
140486701,,0,0
140486879,,0,0
140486918,,0,0
140487601,,0,0
140487614,,0,0
140488102,,0,0
140488111,,0,0
140488454,,0,0
140488457,,0,0
140488499,,0,0
140488759,,0,0
140489944,,0,0
140489959,,0,0
140489971,,0,0
140490022,,0,0
140490050,,0,0
140490109,,0,0
140490748,,0,0
140491054,,0,0
140491060,,0,0
140491267,,0,0
140491394,,0,0
140491429,,0,0
140491546,,0,0
140492009,,0,0
140492413,,0,0
140492879,,0,0
140492882,,0,0
140492885,,0,0
140492932,,0,0
140492935,,0,0
140493469,,0,0
140493472,,0,0
140493506,,0,0
140493535,,0,0
140493541,,0,0
140493686,,0,0
140493751,,0,0
140494462,,0,0
140495254,,0,0
140495267,,0,0
140495312,,0,0
140495591,,0,0
140495594,,0,0
140495599,,0,0
140495653,,0,0
140496452,,0,0
140496466,,0,0
140496514,,0,0
140497900,,0,0
140497921,,0,0
140498081,,0,0
140498084,,0,0
140498164,,0,0
140498167,,0,0
140498539,,0,0
140498767,,0,0
140499035,,0,0
140499224,,0,0
140499227,,0,0
140499598,,0,0
140499736,,0,0
140500493,,0,0
140500550,,0,0
140500553,,0,0
140500568,,0,0
140501386,,0,0
140501539,,0,0
140501596,,0,0
140501599,,0,0
140501935,,0,0
140502581,,0,0
140502915,,0,0
140502969,,0,0
140502977,,0,0
140503590,,0,0
140503613,,0,0
140503619,,0,0
140504027,,0,0
140504055,,0,0
140504801,,0,0
140505269,,0,0
140505317,,0,0
140505458,,0,0
140505476,,0,0
140506035,,0,0
140506040,,0,0
140506100,,0,0
140506568,,0,0
140506686,,0,0
140507027,,0,0
140507046,,0,0
140507057,,0,0
140507141,,0,0
140507333,,0,0
140507360,,0,0
140507372,,0,0
140507375,,0,0
140507844,,0,0
140507999,,0,0
140508129,,0,0
140508708,,0,0
140508971,,0,0
140508974,,0,0
140509232,,0,0
140509298,,0,0
140509755,,0,0
140522283,,0,0
140522460,,0,0
140523708,,0,0
140524109,,0,0
140524640,,0,0
140524782,,0,0
140525076,,0,0
140542497,,0,0
140542665,,0,0
140542808,,0,0
140542811,,0,0
140542812,,0,0
140542974,,0,0
140562893,,0,0
140563103,,0,0
140564665,,0,0
140565004,,0,0
140565215,,0,0
140565588,,0,0
140565698,,0,0
140565700,,0,0
140565823,,0,0
140565940,,0,0
140566120,,0,0
140622243,,0,0
140623351,,0,0
140623457,,0,0
140623459,,0,0
140623482,,0,0
140623835,,0,0
140623861,,0,0
140623864,,0,0
140624037,,0,0
140624578,,0,0
140625084,,0,0
140625091,,0,0
140625105,,0,0
140625114,,0,0
140625154,,0,0
140625164,,0,0
140625341,,0,0
140625538,,0,0
140626113,,0,0
140626369,,0,0
140626439,,0,0
140634077,,0,0
140634125,,0,0
140634127,,0,0
140635407,,0,0
140635485,,0,0
140635725,,0,0
140635735,,0,0
140635760,,0,0
140635806,,0,0
140635808,,0,0
140636011,,0,0
140636159,,0,0
140636408,,0,0
140647671,,0,0
140647774,,0,0
140647791,,0,0
140647869,,0,0
140647958,,0,0
140647965,,0,0
140647985,,0,0
140647987,,0,0
140647989,,0,0
140647991,,0,0
140648266,,0,0
140648417,,0,0
140648600,,0,0
140648602,,0,0
140648693,,0,0
140649043,,0,0
140649081,,0,0
140649110,,0,0
140649291,,0,0
140649295,,0,0
140649593,,0,0
140649849,,0,0
140649862,,0,0
140650160,,0,0
140650306,,0,0
140650534,,0,0
140650537,,0,0
140650957,,0,0
140651026,,0,0
140651076,,0,0
140651677,,0,0
140651678,,0,0
140651875,,0,0
140651877,,0,0
140651961,,0,0
140651963,,0,0
140651973,,0,0
140652317,,0,0
140652383,,0,0
140652442,,0,0
140652467,,0,0
140652536,,0,0
140652542,,0,0
140652543,,0,0
140652583,,0,0
140654214,,0,0
140654305,,0,0
140654358,,0,0
140655681,,0,0
140655736,,0,0
140655843,,0,0
140655845,,0,0
140656268,,0,0
140656470,,0,0
140656511,,0,0
140656790,,0,0
140656889,,0,0
140656896,,0,0
140657497,,0,0
140657504,,0,0
140657523,,0,0
140657527,,0,0
140657792,,0,0
140658469,,0,0
140658473,,0,0
140658507,,0,0
140658739,,0,0
140658741,,0,0
140658788,,0,0
140658794,,0,0
140658817,,0,0
140658901,,0,0
140658953,,0,0
140659017,,0,0
140659021,,0,0
140659095,,0,0
140659097,,0,0
140659413,,0,0
140659477,,0,0
140659633,,0,0
140659671,,0,0
140659820,,0,0
140659847,,0,0
140659881,,0,0
140659893,,0,0
140659922,,0,0
140659933,,0,0
140660105,,0,0
140660449,,0,0
140660635,,0,0
140660695,,0,0
140660923,,0,0
140660997,,0,0
140661721,,0,0
140662144,,0,0
140662160,,0,0
140662206,,0,0
140662207,,0,0
140662778,,0,0
140662803,,0,0
140663103,,0,0
140663364,,0,0
140663445,,0,0
140663579,,0,0
140663587,,0,0
140663904,,0,0
140663919,,0,0
140663955,,0,0
140664103,,0,0
140664287,,0,0
140664289,,0,0
140664291,,0,0
140664330,,0,0
140664458,,0,0
140664843,,0,0
140664951,,0,0
140664952,,0,0
140664953,,0,0
140664966,,0,0
140665099,,0,0
140665103,,0,0
140665205,,0,0
140665207,,0,0
140665215,,0,0
140665263,,0,0
140679419,,0,0
140679499,,0,0
140679707,,0,0
140679717,,0,0
140679872,,0,0
140679945,,0,0
140679973,,0,0
140679984,,0,0
140679988,,0,0
140680175,,0,0
140680181,,0,0
140680487,,0,0
140680488,,0,0
140680991,,0,0
140681055,,0,0
140681059,,0,0
140681123,,0,0
140681151,,0,0
140681454,,0,0
140681538,,0,0
140681671,,0,0
140681683,,0,0
140681696,,0,0
140681775,,0,0
140681777,,0,0
140682029,,0,0
140682079,,0,0
140682145,,0,0
140682227,,0,0
140682229,,0,0
140682553,,0,0
140682930,,0,0
140683005,,0,0
140683045,,0,0
140683048,,0,0
140683169,,0,0
140683188,,0,0
140683450,,0,0
140683519,,0,0
140683681,,0,0
140684407,,0,0
140684481,,0,0
140684519,,0,0
140684569,,0,0
140684653,,0,0
140684661,,0,0
140684681,,0,0
140684741,,0,0
140684821,,0,0
140684929,,0,0
140684942,,0,0
140685089,,0,0
140685140,,0,0
140685144,,0,0
140685228,,0,0
140685433,,0,0
140685537,,0,0
140685539,,0,0
140685841,,0,0
140685891,,0,0
140686081,,0,0
140686234,,0,0
140686410,,0,0
140686435,,0,0
140686459,,0,0
140686463,,0,0
140686835,,0,0
140686883,,0,0
140686887,,0,0
140687125,,0,0
140687139,,0,0
140687141,,0,0
140687237,,0,0
140687249,,0,0
140687335,,0,0
140687339,,0,0
140687343,,0,0
140687345,,0,0
140687347,,0,0
140687402,,0,0
140687409,,0,0
140687642,,0,0
140687794,,0,0
140687800,,0,0
140688211,,0,0
140688287,,0,0
140688537,,0,0
140688854,,0,0
140688856,,0,0
140688877,,0,0
140689299,,0,0
140689307,,0,0
140689537,,0,0
140689539,,0,0
140690089,,0,0
140690091,,0,0
140690945,,0,0
140691273,,0,0
140691275,,0,0
140691540,,0,0
140691993,,0,0
140692011,,0,0
140692488,,0,0
140692791,,0,0
140692843,,0,0
140693943,,0,0
140694283,,0,0
140694335,,0,0
140694347,,0,0
140694394,,0,0
140694739,,0,0
140695029,,0,0
140696861,,0,0
140697216,,0,0
140697230,,0,0
140697542,,0,0
140697549,,0,0
140697613,,0,0
140697667,,0,0
140697672,,0,0
140698215,,0,0
140699455,,0,0
140700047,,0,0
140700342,,0,0
140700443,,0,0
140701159,,0,0
140701163,,0,0
140701274,,0,0
140701629,,0,0
140701816,,0,0
140702152,,0,0
140702368,,0,0
140702497,,0,0
140702971,,0,0
140703001,,0,0
140703113,,0,0
140703217,,0,0
140703386,,0,0
140703694,,0,0
140703757,,0,0
140703759,,0,0
140704430,,0,0
140704666,,0,0
140704701,,0,0
140704708,,0,0
140704731,,0,0
140704861,,0,0
140705232,,0,0
140705743,,0,0
140705747,,0,0
140705769,,0,0
140705824,,0,0
140705825,,0,0
140705833,,0,0
140705847,,0,0
140706217,,0,0
140706223,,0,0
140706463,,0,0
140706499,,0,0
140706759,,0,0
140706815,,0,0
140707008,,0,0
140707408,,0,0
140707411,,0,0
140707461,,0,0
140707485,,0,0
140707487,,0,0
140707787,,0,0
140708069,,0,0
140708173,,0,0
140708177,,0,0
140708441,,0,0
140708492,,0,0
140708810,,0,0
140708867,,0,0
140708874,,0,0
140708912,,0,0
140708959,,0,0
140709497,,0,0
140709696,,0,0
140709750,,0,0
140709955,,0,0
140710056,,0,0
140710078,,0,0
140710083,,0,0
140710207,,0,0
140710211,,0,0
140710213,,0,0
140710216,,0,0
140710219,,0,0
140710416,,0,0
140710440,,0,0
140710456,,0,0
140710465,,0,0
140710661,,0,0
140710685,,0,0
140710920,,0,0
140711574,,0,0
140711625,,0,0
140712125,,0,0
140712127,,0,0
140712129,,0,0
140712185,,0,0
140712426,,0,0
140712685,,0,0
140712795,,0,0
140712907,,0,0
140713355,,0,0
140713369,,0,0
140713411,,0,0
140713431,,0,0
140713440,,0,0
140714069,,0,0
140714232,,0,0
140714589,,0,0
140714619,,0,0
140714853,,0,0
140715035,,0,0
140715113,,0,0
140715371,,0,0
140715778,,0,0
140715780,,0,0
140716247,,0,0
140716277,,0,0
140716577,,0,0
140716579,,0,0
140716581,,0,0
140716693,,0,0
140717056,,0,0
140717167,,0,0
140717657,,0,0
140717786,,0,0
140717833,,0,0
140717851,,0,0
140717863,,0,0
140718571,,0,0
140718687,,0,0
140719033,,0,0
140719133,,0,0
140719185,,0,0
140719407,,0,0
140719541,,0,0
140719639,,0,0
140720079,,0,0
140720365,,0,0
140720677,,0,0
140720969,,0,0
140721043,,0,0
140721069,,0,0
140721917,,0,0
140722325,,0,0
140722583,,0,0
140722669,,0,0
140722699,,0,0
140722713,,0,0
140722842,,0,0
140723328,,0,0
140723590,,0,0
140723610,,0,0
140723939,,0,0
140724033,,0,0
140724568,,0,0
140725216,,0,0
140725219,,0,0
140725240,,0,0
140725432,,0,0
140725809,,0,0
140726107,,0,0
140726958,,0,0
140726959,,0,0
140727063,,0,0
140727163,,0,0
140727454,,0,0
140727543,,0,0
140727628,,0,0
140728203,,0,0
140728252,,0,0
140728559,,0,0
140728575,,0,0
140728692,,0,0
140728708,,0,0
140728791,,0,0
140728808,,0,0
140728825,,0,0
140729245,,0,0
140729247,,0,0
140729299,,0,0
140729827,,0,0
140730627,,0,0
140730629,,0,0
140730631,,0,0
140730635,,0,0
140731015,,0,0
140731118,,0,0
140731142,,0,0
140731145,,0,0
140731592,,0,0
140731616,,0,0
140732067,,0,0
140732326,,0,0
140732488,,0,0
140732490,,0,0
140732912,,0,0
140733547,,0,0
140733705,,0,0
140733819,,0,0
140734092,,0,0
140734199,,0,0
140734203,,0,0
140734556,,0,0
140734963,,0,0
140734967,,0,0
140734971,,0,0
140735077,,0,0
140735079,,0,0
140735247,,0,0
140735397,,0,0
140735472,,0,0
140735682,,0,0
140735774,,0,0
140735990,,0,0
140736108,,0,0
140736110,,0,0
140736115,,0,0
140736983,,0,0
140737385,,0,0
140737399,,0,0
140737753,,0,0
140738490,,0,0
140738534,,0,0
140738556,,0,0
140738565,,0,0
140738569,,0,0
140738626,,0,0
140739000,,0,0
140739077,,0,0
140739865,,0,0
140739868,,0,0
140739886,,0,0
140739917,,0,0
140740094,,0,0
140740335,,0,0
140740436,,0,0
140740783,,0,0
140740991,,0,0
140740997,,0,0
140740999,,0,0
140741009,,0,0
140741010,,0,0
140741176,,0,0
140741293,,0,0
140741295,,0,0
140741423,,0,0
140741615,,0,0
140741646,,0,0
140741867,,0,0
140741929,,0,0
140742325,,0,0
140742441,,0,0
140742602,,0,0
140742714,,0,0
140742723,,0,0
140742764,,0,0
140742993,,0,0
140742995,,0,0
140742997,,0,0
140743105,,0,0
140743109,,0,0
140743111,,0,0
140743126,,0,0
140743133,,0,0
140743135,,0,0
140743142,,0,0
140743184,,0,0
140743219,,0,0
140743418,,0,0
140743805,,0,0
140743843,,0,0
140743892,,0,0
140744325,,0,0
140744421,,0,0
140744560,,0,0
140745105,,0,0
140745289,,0,0
140745338,,0,0
140745469,,0,0
140745599,,0,0
140745601,,0,0
140745605,,0,0
140745607,,0,0
140745955,,0,0
140745965,,0,0
140746027,,0,0
140746099,,0,0
140746106,,0,0
140746146,,0,0
140746195,,0,0
140747119,,0,0
140747353,,0,0
140747586,,0,0
140747596,,0,0
140747602,,0,0
140747660,,0,0
140747829,,0,0
140748226,,0,0
140748243,,0,0
140748569,,0,0
140748587,,0,0
140748709,,0,0
140748811,,0,0
140749195,,0,0
140749317,,0,0
140749446,,0,0
140749453,,0,0
140749482,,0,0
140749661,,0,0
140749798,,0,0
140750227,,0,0
140750359,,0,0
140750371,,0,0
140750442,,0,0
140750597,,0,0
140750881,,0,0
140751028,,0,0
140751301,,0,0
140751303,,0,0
140751372,,0,0
140751721,,0,0
140751866,,0,0
140751868,,0,0
140752049,,0,0
140752091,,0,0
140752119,,0,0
140752153,,0,0
140752157,,0,0
140752195,,0,0
140752205,,0,0
140752365,,0,0
140752373,,0,0
140752474,,0,0
140752478,,0,0
140752639,,0,0
140752798,,0,0
140752807,,0,0
140752817,,0,0
140752819,,0,0
140752826,,0,0
140752841,,0,0
140752853,,0,0
140752874,,0,0
140752898,,0,0
140752910,,0,0
140752935,,0,0
140752963,,0,0
140752987,,0,0
140752993,,0,0
140753257,,0,0
140753287,,0,0
140753305,,0,0
140753307,,0,0
140753370,,0,0
140753395,,0,0
140753404,,0,0
140753406,,0,0
140754277,,0,0
140754515,,0,0
140755022,,0,0
140755070,,0,0
140755361,,0,0
140755879,,0,0
140755887,,0,0
140755889,,0,0
140755916,,0,0
140756415,,0,0
140756449,,0,0
140756483,,0,0
140756589,,0,0
140756612,,0,0
140756667,,0,0
140756761,,0,0
140757377,,0,0
140757434,,0,0
140757609,,0,0
140757611,,0,0
140757613,,0,0
140757723,,0,0
140758222,,0,0
140758297,,0,0
140758510,,0,0
140758549,,0,0
140758551,,0,0
140758580,,0,0
140758614,,0,0
140758709,,0,0
140759313,,0,0
140759429,,0,0
140759452,,0,0
140759456,,0,0
140759463,,0,0
140759865,,0,0
140760068,,0,0
140760075,,0,0
140760104,,0,0
140760230,,0,0
140760374,,0,0
140760399,,0,0
140760769,,0,0
140760795,,0,0
140760824,,0,0
140760863,,0,0
140761061,,0,0
140761073,,0,0
140761081,,0,0
140761117,,0,0
140761131,,0,0
140761156,,0,0
140761418,,0,0
140761570,,0,0
140761572,,0,0
140761862,,0,0
140761910,,0,0
140762302,,0,0
140762309,,0,0
140762499,,0,0
140762805,,0,0
140762808,,0,0
140762875,,0,0
140762946,,0,0
140762972,,0,0
140763121,,0,0
140763689,,0,0
140763947,,0,0
140764199,,0,0
140764774,,0,0
140764837,,0,0
140764961,,0,0
140765137,,0,0
140765347,,0,0
140765353,,0,0
140765357,,0,0
140765438,,0,0
140765461,,0,0
140765484,,0,0
140767083,,0,0
140767341,,0,0
140767365,,0,0
140767501,,0,0
140767610,,0,0
140767623,,0,0
140767902,,0,0
140768119,,0,0
140768127,,0,0
140768170,,0,0
140768676,,0,0
140768740,,0,0
140769278,,0,0
140769519,,0,0
140769653,,0,0
140769924,,0,0
140770177,,0,0
140770195,,0,0
140770271,,0,0
140770273,,0,0
140770353,,0,0
140770377,,0,0
140770823,,0,0
140770944,,0,0
140770948,,0,0
140771025,,0,0
140771241,,0,0
140771245,,0,0
140771259,,0,0
140771338,,0,0
140771340,,0,0
140771729,,0,0
140771993,,0,0
140772891,,0,0
140772893,,0,0
140772895,,0,0
140772907,,0,0
140772953,,0,0
140773084,,0,0
140773464,,0,0
140773479,,0,0
140773527,,0,0
140774087,,0,0
140774205,,0,0
140774267,,0,0
140774555,,0,0
140774591,,0,0
140774597,,0,0
140774727,,0,0
140774801,,0,0
140774946,,0,0
140774950,,0,0
140775025,,0,0
140775177,,0,0
140775372,,0,0
140775403,,0,0
140775655,,0,0
140775786,,0,0
140816178,,0,0
140816298,,0,0
140816387,,0,0
140816403,,0,0
140817321,,0,0
140817469,,0,0
140817577,,0,0
140817826,,0,0
140818179,,0,0
140818255,,0,0
140818844,,0,0
140818848,,0,0
140818995,,0,0
140818997,,0,0
140819005,,0,0
140819035,,0,0
140819109,,0,0
140834380,,0,0
140834383,,0,0
140834447,,0,0
140834540,,0,0
140835169,,0,0
140835299,,0,0
140835437,,0,0
140835557,,0,0
140835559,,0,0
140835670,,0,0
140835718,,0,0
140836188,,0,0
140836334,,0,0
140836339,,0,0
140836341,,0,0
140836356,,0,0
140836659,,0,0
140837029,,0,0
140837745,,0,0
140837884,,0,0
140837929,,0,0
140838213,,0,0
140838225,,0,0
140838229,,0,0
140838247,,0,0
140838376,,0,0
140838407,,0,0
140838412,,0,0
