waarborg_id,uitkeringsdatum_kapitaal_leven,datum_waardering_reserve,fiscaliteit_levensverzekeringspremie,fiscaal_regime_vd_prestaties,oorsprong_der_premiebetaling,contract_genereert_winstdeelname,contract_onderhevig_aan_perequatie,onderworpenheid_vd_prestatie,voorschot_op_polis,kapitaal_bij_leven,kapitaal_bij_overlijden,verworven_winstdeelname_bij_leven,verworven_winstdeelname_bij_overlijde,toekenning_winstdeelname_vh_jaar,waarde_vd_reserve,type_std_begunstigde_bij_leven,begunstigde_std_heeft_contractvdl_aanv_bleven,type_std_begunstigde_bij_overlijde,begunstigde_std_heeft_contractvdl_aanv_boverlijde,jaarlijkse_rente_levensv,gewaarborgde_rentevoet_leven,kapitaal
73886977,0000-00-00,2019-12-31,,,,0,0,0,0,0.00,461500.00,0.00,0.00,0.00,0.00,,0,,1,0.00,2.50,0.00
73887373,0000-00-00,0000-00-00,15,2,01,1,0,1,0,0.00,0.00,0.00,0.00,0.00,0.00,1,0,4,0,0.00,0.00,0.00
73887377,0000-00-00,0000-00-00,,,,0,0,0,0,0.00,10000.00,0.00,0.00,0.00,0.00,,0,,0,0.00,0.00,0.00
73887705,0000-00-00,0000-00-00,15,2,01,1,0,1,0,0.00,0.00,0.00,0.00,0.00,0.00,1,0,4,0,0.00,0.00,0.00
73887709,0000-00-00,0000-00-00,,,,0,0,0,0,0.00,10000.00,0.00,0.00,0.00,0.00,,0,,0,0.00,0.00,0.00
73889501,0000-00-00,0000-00-00,,,,0,0,0,0,0.00,25000.00,0.00,0.00,0.00,0.00,,0,,0,0.00,0.00,0.00
73889553,0000-00-00,0000-00-00,,,,0,0,0,0,0.00,25000.00,0.00,0.00,0.00,0.00,,0,,0,0.00,0.00,0.00
73891161,2026-05-31,2026-02-16,16,4,03,1,0,1,1,43953.58,0.00,1409.30,0.00,169.78,45377.03,1,0,4,0,0.00,0.00,0.00
73896769,2045-12-01,2026-05-12,16,3,,1,0,0,1,5171.02,0.00,958.30,0.00,0.00,36830.53,,0,,0,0.00,0.00,0.00
73896773,0000-00-00,0000-00-00,,,,0,0,0,0,0.00,0.00,0.00,0.00,0.00,0.00,,0,,0,15000.00,0.00,0.00
73896909,2033-03-01,2026-05-12,16,3,,1,0,0,1,413.96,0.00,327.62,0.00,0.00,8461.27,,0,,0,0.00,0.00,0.00
74334388,0000-00-00,0000-00-00,,,,0,0,0,0,0.00,0.00,0.00,0.00,0.00,0.00,,0,,0,0.00,0.00,2500000.00
74334391,0000-00-00,0000-00-00,,,,0,0,0,0,0.00,0.00,0.00,0.00,0.00,0.00,,0,,0,0.00,0.00,15000.00
74334458,0000-00-00,0000-00-00,,,,0,0,0,0,0.00,0.00,0.00,0.00,0.00,0.00,,0,,0,0.00,0.00,2500000.00
74334461,0000-00-00,0000-00-00,,,,0,0,0,0,0.00,0.00,0.00,0.00,0.00,0.00,,0,,0,0.00,0.00,15000.00
74335937,0000-00-00,0000-00-00,,,,0,0,0,0,0.00,0.00,0.00,0.00,0.00,0.00,,0,,0,0.00,0.00,2500000.00
74335966,0000-00-00,0000-00-00,,,,0,0,0,0,0.00,0.00,0.00,0.00,0.00,0.00,,0,,0,0.00,0.00,2500000.00
74335969,0000-00-00,0000-00-00,,,,0,0,0,0,0.00,0.00,0.00,0.00,0.00,0.00,,0,,0,0.00,0.00,15000.00
74335972,0000-00-00,0000-00-00,,,,0,0,0,0,0.00,0.00,0.00,0.00,0.00,0.00,,0,,0,0.00,0.00,2500000.00
74336164,0000-00-00,0000-00-00,,,,0,0,0,0,0.00,0.00,0.00,0.00,0.00,0.00,,0,,0,0.00,0.00,2500000.00
74336491,0000-00-00,0000-00-00,,,,0,0,0,0,0.00,0.00,0.00,0.00,0.00,0.00,,0,,0,0.00,0.00,2500000.00
74336494,0000-00-00,0000-00-00,,,,0,0,0,0,0.00,0.00,0.00,0.00,0.00,0.00,,0,,0,0.00,0.00,15000.00
74336497,0000-00-00,0000-00-00,,,,0,0,0,0,0.00,0.00,0.00,0.00,0.00,0.00,,0,,0,0.00,0.00,2500000.00
74338024,2024-11-08,2019-12-31,,,,0,1,0,0,5548.58,0.00,1.61,0.00,0.00,0.00,,1,,0,0.00,3.25,0.00
74434256,0000-00-00,0000-00-00,,,,0,0,0,0,0.00,0.00,0.00,0.00,0.00,0.00,,0,,0,0.00,0.00,0.00
74434320,0000-00-00,0000-00-00,,,,0,0,0,0,0.00,0.00,0.00,0.00,0.00,0.00,,0,,0,0.00,0.00,5000.00
74434324,0000-00-00,0000-00-00,,,,0,0,0,0,0.00,20077.36,0.00,0.00,0.00,0.00,,0,,0,0.00,0.00,20000.00
74434328,0000-00-00,0000-00-00,,,,0,0,0,0,0.00,0.00,0.00,0.00,0.00,0.00,,0,,0,0.00,0.00,38000.00
74702534,0000-00-00,0000-00-00,,,,0,0,0,0,0.00,0.00,0.00,0.00,0.00,0.00,,0,,0,0.00,0.00,2500000.00
74702537,0000-00-00,0000-00-00,,,,0,0,0,0,0.00,0.00,0.00,0.00,0.00,0.00,,0,,0,0.00,0.00,15000.00
74702540,0000-00-00,0000-00-00,,,,0,0,0,0,0.00,0.00,0.00,0.00,0.00,0.00,,0,,0,0.00,0.00,2500000.00
75306258,0000-00-00,0000-00-00,,,,0,0,0,0,0.00,0.00,0.00,0.00,0.00,0.00,,0,,0,0.00,0.00,2500000.00
75306261,0000-00-00,0000-00-00,,,,0,0,0,0,0.00,0.00,0.00,0.00,0.00,0.00,,0,,0,0.00,0.00,15000.00
75306264,0000-00-00,0000-00-00,,,,0,0,0,0,0.00,0.00,0.00,0.00,0.00,0.00,,0,,0,0.00,0.00,2500000.00
75859189,0000-00-00,0000-00-00,,,,0,0,0,0,0.00,25000.00,0.00,0.00,0.00,0.00,,0,,0,0.00,0.00,0.00
75859198,0000-00-00,0000-00-00,,,,0,0,0,0,0.00,0.00,0.00,0.00,0.00,0.00,,0,,0,0.00,0.00,2500.00
75992008,0000-00-00,0000-00-00,,,,0,0,0,0,0.00,25000.00,0.00,0.00,0.00,0.00,,0,,0,0.00,0.00,0.00
75992017,0000-00-00,0000-00-00,,,,0,0,0,0,0.00,0.00,0.00,0.00,0.00,0.00,,0,,0,0.00,0.00,2500.00
75992020,0000-00-00,0000-00-00,,,,0,0,0,0,0.00,25000.00,0.00,0.00,0.00,0.00,,0,,0,0.00,0.00,0.00
75992029,0000-00-00,0000-00-00,,,,0,0,0,0,0.00,0.00,0.00,0.00,0.00,0.00,,0,,0,0.00,0.00,2500.00
75992032,0000-00-00,0000-00-00,,,,0,0,0,0,0.00,25000.00,0.00,0.00,0.00,0.00,,0,,0,0.00,0.00,0.00
75992041,0000-00-00,0000-00-00,,,,0,0,0,0,0.00,0.00,0.00,0.00,0.00,0.00,,0,,0,0.00,0.00,2500.00
75992053,0000-00-00,0000-00-00,,,,0,0,0,0,0.00,25000.00,0.00,0.00,0.00,0.00,,0,,0,0.00,0.00,0.00
75992062,0000-00-00,0000-00-00,,,,0,0,0,0,0.00,0.00,0.00,0.00,0.00,0.00,,0,,0,0.00,0.00,2500.00
76264343,0000-00-00,0000-00-00,,,,0,0,0,0,0.00,25000.00,0.00,0.00,0.00,0.00,,0,,0,0.00,0.00,0.00
76264346,0000-00-00,0000-00-00,,,,0,0,0,0,0.00,25000.00,0.00,0.00,0.00,0.00,,0,,0,0.00,0.00,0.00
76519102,0000-00-00,2019-12-31,16,,,0,0,0,0,0.00,2074000.00,0.00,0.00,0.00,0.00,,0,,1,0.00,2.00,0.00
79312762,0000-00-00,2019-12-31,16,,,0,0,0,0,0.00,2074000.00,0.00,0.00,0.00,0.00,,0,,1,0.00,2.00,0.00
79921005,0000-00-00,0000-00-00,,,,0,0,0,0,0.00,25000.00,0.00,0.00,0.00,0.00,,0,,0,0.00,0.00,0.00
79921014,0000-00-00,0000-00-00,,,,0,0,0,0,0.00,0.00,0.00,0.00,0.00,0.00,,0,,0,0.00,0.00,2500.00
82227642,2048-03-01,2026-05-19,16,3,01,1,0,0,1,0.00,150000.00,2567.95,0.00,0.00,83904.88,1,0,7,0,0.00,0.00,0.00
82399029,0000-00-00,0000-00-00,,,,0,0,0,0,0.00,0.00,0.00,0.00,0.00,0.00,,0,,0,0.00,0.00,2500000.00
82399032,0000-00-00,0000-00-00,,,,0,0,0,0,0.00,0.00,0.00,0.00,0.00,0.00,,0,,0,0.00,0.00,15000.00
82399035,0000-00-00,0000-00-00,,,,0,0,0,0,0.00,0.00,0.00,0.00,0.00,0.00,,0,,0,0.00,0.00,2500000.00
83738094,0000-00-00,0000-00-00,,,,0,0,0,0,0.00,0.00,0.00,0.00,0.00,0.00,,0,,0,0.00,0.00,2500000.00
83738097,0000-00-00,0000-00-00,,,,0,0,0,0,0.00,0.00,0.00,0.00,0.00,0.00,,0,,0,0.00,0.00,15000.00
83738100,0000-00-00,0000-00-00,,,,0,0,0,0,0.00,0.00,0.00,0.00,0.00,0.00,,0,,0,0.00,0.00,2500000.00
84943826,0000-00-00,0000-00-00,,,,0,0,0,0,0.00,25000.00,0.00,0.00,0.00,0.00,,0,,0,0.00,0.00,0.00
84943835,0000-00-00,0000-00-00,,,,0,0,0,0,0.00,0.00,0.00,0.00,0.00,0.00,,0,,0,0.00,0.00,2500.00
85222364,0000-00-00,0000-00-00,,,,0,0,0,0,0.00,0.00,0.00,0.00,0.00,0.00,,0,,0,0.00,0.00,25000.00
85880280,0000-00-00,0000-00-00,,,,0,0,0,0,0.00,50000.00,0.00,0.00,0.00,0.00,,0,,0,0.00,0.00,0.00
85880286,0000-00-00,0000-00-00,,,,0,0,0,0,0.00,0.00,0.00,0.00,0.00,0.00,,0,,0,0.00,0.00,2500.00
86477886,0000-00-00,0000-00-00,,,,0,0,0,0,0.00,25000.00,0.00,0.00,0.00,0.00,,0,,0,0.00,0.00,0.00
86477895,0000-00-00,0000-00-00,,,,0,0,0,0,0.00,0.00,0.00,0.00,0.00,0.00,,0,,0,0.00,0.00,2500.00
86875415,0000-00-00,0000-00-00,,,,0,0,0,0,0.00,0.00,0.00,0.00,0.00,0.00,,0,,0,0.00,0.00,2500000.00
86875418,0000-00-00,0000-00-00,,,,0,0,0,0,0.00,0.00,0.00,0.00,0.00,0.00,,0,,0,0.00,0.00,15000.00
86875421,0000-00-00,0000-00-00,,,,0,0,0,0,0.00,0.00,0.00,0.00,0.00,0.00,,0,,0,0.00,0.00,2500000.00
87266206,2046-06-01,0000-00-00,,9,01,0,0,0,0,0.00,601160.97,0.00,0.00,0.00,0.00,,0,,0,0.00,0.00,0.00
87504447,2040-08-01,0000-00-00,,,01,0,0,0,0,0.00,62000.00,0.00,0.00,0.00,0.00,,0,,0,0.00,0.00,0.00
88177463,0000-00-00,0000-00-00,,,,0,0,0,0,0.00,25000.00,0.00,0.00,0.00,0.00,,0,,0,0.00,0.00,0.00
88177472,0000-00-00,0000-00-00,,,,0,0,0,0,0.00,0.00,0.00,0.00,0.00,0.00,,0,,0,0.00,0.00,2500.00
88627807,2046-04-01,0000-00-00,,,01,0,0,0,0,0.00,545000.00,0.00,0.00,0.00,0.00,,0,,0,0.00,0.00,0.00
88627810,2046-04-01,0000-00-00,,,01,0,0,0,0,0.00,545000.00,0.00,0.00,0.00,0.00,,0,,0,0.00,0.00,0.00
89337855,0000-00-00,0000-00-00,,,,0,0,0,0,0.00,11000.00,0.00,0.00,0.00,0.00,,0,,0,0.00,0.00,0.00
90805987,0000-00-00,0000-00-00,,,,0,0,0,0,0.00,25000.00,0.00,0.00,0.00,0.00,,0,,0,0.00,0.00,0.00
90805990,0000-00-00,0000-00-00,,,,0,0,0,0,0.00,0.00,0.00,0.00,0.00,0.00,,0,,0,0.00,0.00,2500.00
91612025,0000-00-00,0000-00-00,,,,0,0,0,0,0.00,0.00,0.00,0.00,0.00,0.00,,0,,0,0.00,0.00,2500000.00
91612028,0000-00-00,0000-00-00,,,,0,0,0,0,0.00,0.00,0.00,0.00,0.00,0.00,,0,,0,0.00,0.00,2500000.00
91612031,0000-00-00,0000-00-00,,,,0,0,0,0,0.00,0.00,0.00,0.00,0.00,0.00,,0,,0,0.00,0.00,15000.00
91615671,2047-04-01,0000-00-00,,,01,0,0,0,0,0.00,545000.00,0.00,0.00,0.00,0.00,,0,,0,0.00,0.00,0.00
91615674,2047-04-01,0000-00-00,,,01,0,0,0,0,0.00,545000.00,0.00,0.00,0.00,0.00,,0,,0,0.00,0.00,0.00
92582295,0000-00-00,2023-12-31,,,,0,0,0,0,0.00,227707.31,0.00,0.00,0.00,0.00,,0,5,1,0.00,0.25,0.00
93426676,0000-00-00,0000-00-00,,,,0,0,0,0,0.00,5000.00,0.00,0.00,0.00,0.00,,0,,0,0.00,0.00,0.00
93426682,0000-00-00,0000-00-00,,,,0,0,0,0,0.00,0.00,0.00,0.00,0.00,0.00,,0,,0,0.00,0.00,2500.00
93886424,0000-00-00,0000-00-00,,,,0,0,0,0,0.00,0.00,0.00,0.00,0.00,0.00,,0,,0,0.00,0.00,0.00
93886427,0000-00-00,0000-00-00,,,,0,0,0,0,0.00,0.00,0.00,0.00,0.00,0.00,,0,,0,0.00,0.00,0.00
93886430,0000-00-00,0000-00-00,,,,0,0,0,0,0.00,0.00,0.00,0.00,0.00,0.00,,0,,0,0.00,0.00,0.00
93886433,0000-00-00,0000-00-00,,,,0,0,0,0,0.00,0.00,0.00,0.00,0.00,0.00,,0,,0,0.00,0.00,0.00
93886541,0000-00-00,0000-00-00,,,,0,0,0,0,0.00,0.00,0.00,0.00,0.00,0.00,,0,,0,0.00,0.00,0.00
93886544,0000-00-00,0000-00-00,,,,0,0,0,0,0.00,0.00,0.00,0.00,0.00,0.00,,0,,0,0.00,0.00,0.00
93886547,0000-00-00,0000-00-00,,,,0,0,0,0,0.00,0.00,0.00,0.00,0.00,0.00,,0,,0,0.00,0.00,0.00
93886550,0000-00-00,0000-00-00,,,,0,0,0,0,0.00,0.00,0.00,0.00,0.00,0.00,,0,,0,0.00,0.00,0.00
93897644,2054-01-01,0000-00-00,,,01,1,0,0,0,0.00,150000.00,0.00,0.00,0.00,0.00,1,0,4,0,0.00,0.00,0.00
93897662,2055-12-01,0000-00-00,,,01,1,0,0,0,0.00,150000.00,0.00,0.00,0.00,0.00,1,0,7,0,0.00,0.00,0.00
94012651,0000-00-00,0000-00-00,,,,0,0,0,0,0.00,42000.00,0.00,0.00,0.00,0.00,,0,,0,0.00,0.00,0.00
94065788,0000-00-00,0000-00-00,,,,0,0,0,0,0.00,0.00,0.00,0.00,0.00,0.00,,0,,0,0.00,0.00,0.00
94065791,0000-00-00,0000-00-00,,,,0,0,0,0,0.00,0.00,0.00,0.00,0.00,0.00,,0,,0,0.00,0.00,0.00
94065794,0000-00-00,0000-00-00,,,,0,0,0,0,0.00,0.00,0.00,0.00,0.00,0.00,,0,,0,0.00,0.00,0.00
94065797,0000-00-00,0000-00-00,,,,0,0,0,0,0.00,0.00,0.00,0.00,0.00,0.00,,0,,0,0.00,0.00,0.00
94077692,2050-06-01,0000-00-00,,,01,1,0,0,0,0.00,50000.00,0.00,0.00,0.00,0.00,1,0,4,0,0.00,0.00,0.00
94094987,0000-00-00,0000-00-00,,,,0,0,0,0,0.00,0.00,0.00,0.00,0.00,0.00,,0,,0,0.00,0.00,0.00
94094990,0000-00-00,0000-00-00,,,,0,0,0,0,0.00,0.00,0.00,0.00,0.00,0.00,,0,,0,0.00,0.00,0.00
94094993,0000-00-00,0000-00-00,,,,0,0,0,0,0.00,0.00,0.00,0.00,0.00,0.00,,0,,0,0.00,0.00,0.00
94094996,0000-00-00,0000-00-00,,,,0,0,0,0,0.00,0.00,0.00,0.00,0.00,0.00,,0,,0,0.00,0.00,0.00
94160377,0000-00-00,0000-00-00,,,,0,0,0,0,0.00,32000.00,0.00,0.00,0.00,0.00,,0,,0,0.00,0.00,0.00
94180955,2052-04-01,0000-00-00,,,01,1,0,0,0,0.00,19200.00,0.00,0.00,0.00,0.00,1,0,4,0,0.00,0.00,0.00
94911026,0000-00-00,0000-00-00,,,,0,0,0,0,0.00,0.00,0.00,0.00,0.00,0.00,,0,,0,0.00,0.00,2500000.00
94911029,0000-00-00,0000-00-00,,,,0,0,0,0,0.00,0.00,0.00,0.00,0.00,0.00,,0,,0,0.00,0.00,15000.00
94911032,0000-00-00,0000-00-00,,,,0,0,0,0,0.00,0.00,0.00,0.00,0.00,0.00,,0,,0,0.00,0.00,2500000.00
94913282,0000-00-00,0000-00-00,,,,0,0,0,0,0.00,0.00,0.00,0.00,0.00,0.00,,0,,0,0.00,0.00,0.00
94913285,0000-00-00,0000-00-00,,,,0,0,0,0,0.00,0.00,0.00,0.00,0.00,0.00,,0,,0,0.00,0.00,0.00
94913288,0000-00-00,0000-00-00,,,,0,0,0,0,0.00,0.00,0.00,0.00,0.00,0.00,,0,,0,0.00,0.00,0.00
94913936,0000-00-00,0000-00-00,,,,0,0,0,0,0.00,0.00,0.00,0.00,0.00,0.00,,0,,0,0.00,0.00,2500000.00
95035733,0000-00-00,0000-00-00,,,,0,0,0,0,0.00,0.00,0.00,0.00,0.00,0.00,,0,,0,0.00,0.00,0.00
95035736,0000-00-00,0000-00-00,,,,0,0,0,0,0.00,0.00,0.00,0.00,0.00,0.00,,0,,0,0.00,0.00,0.00
95035739,0000-00-00,0000-00-00,,,,0,0,0,0,0.00,0.00,0.00,0.00,0.00,0.00,,0,,0,0.00,0.00,0.00
95035742,0000-00-00,0000-00-00,,,,0,0,0,0,0.00,0.00,0.00,0.00,0.00,0.00,,0,,0,0.00,0.00,0.00
95042522,0000-00-00,0000-00-00,,,,0,0,0,0,0.00,0.00,0.00,0.00,0.00,0.00,,0,,0,0.00,0.00,0.00
95042525,0000-00-00,0000-00-00,,,,0,0,0,0,0.00,0.00,0.00,0.00,0.00,0.00,,0,,0,0.00,0.00,0.00
95042528,0000-00-00,0000-00-00,,,,0,0,0,0,0.00,0.00,0.00,0.00,0.00,0.00,,0,,0,0.00,0.00,0.00
95042531,0000-00-00,0000-00-00,,,,0,0,0,0,0.00,0.00,0.00,0.00,0.00,0.00,,0,,0,0.00,0.00,0.00
95076428,0000-00-00,0000-00-00,,,,0,0,0,0,0.00,0.00,0.00,0.00,0.00,0.00,,0,,0,0.00,0.00,0.00
95076431,0000-00-00,0000-00-00,,,,0,0,0,0,0.00,0.00,0.00,0.00,0.00,0.00,,0,,0,0.00,0.00,0.00
95076434,0000-00-00,0000-00-00,,,,0,0,0,0,0.00,0.00,0.00,0.00,0.00,0.00,,0,,0,0.00,0.00,0.00
95076437,0000-00-00,0000-00-00,,,,0,0,0,0,0.00,0.00,0.00,0.00,0.00,0.00,,0,,0,0.00,0.00,0.00
95171992,2048-01-01,0000-00-00,,,01,0,0,0,0,0.00,205000.00,0.00,0.00,0.00,0.00,,0,7,0,0.00,0.00,0.00
95173292,0000-00-00,0000-00-00,,,,0,0,0,0,0.00,50000.00,0.00,0.00,0.00,0.00,,0,,0,0.00,0.00,0.00
95173301,0000-00-00,0000-00-00,,,,0,0,0,0,0.00,0.00,0.00,0.00,0.00,0.00,,0,,0,0.00,0.00,5000.00
95173343,0000-00-00,0000-00-00,,,,0,0,0,0,0.00,50000.00,0.00,0.00,0.00,0.00,,0,,0,0.00,0.00,0.00
95173352,0000-00-00,0000-00-00,,,,0,0,0,0,0.00,0.00,0.00,0.00,0.00,0.00,,0,,0,0.00,0.00,5000.00
95175907,0000-00-00,0000-00-00,,,,0,0,0,0,0.00,50000.00,0.00,0.00,0.00,0.00,,0,,0,0.00,0.00,0.00
95175916,0000-00-00,0000-00-00,,,,0,0,0,0,0.00,0.00,0.00,0.00,0.00,0.00,,0,,0,0.00,0.00,5000.00
95175925,0000-00-00,0000-00-00,,,,0,0,0,0,0.00,50000.00,0.00,0.00,0.00,0.00,,0,,0,0.00,0.00,0.00
95175934,0000-00-00,0000-00-00,,,,0,0,0,0,0.00,0.00,0.00,0.00,0.00,0.00,,0,,0,0.00,0.00,5000.00
95193119,0000-00-00,0000-00-00,,,,0,0,0,0,0.00,0.00,0.00,0.00,0.00,0.00,,0,,0,0.00,0.00,0.00
95193122,0000-00-00,0000-00-00,,,,0,0,0,0,0.00,0.00,0.00,0.00,0.00,0.00,,0,,0,0.00,0.00,0.00
95193125,0000-00-00,0000-00-00,,,,0,0,0,0,0.00,0.00,0.00,0.00,0.00,0.00,,0,,0,0.00,0.00,0.00
95193128,0000-00-00,0000-00-00,,,,0,0,0,0,0.00,0.00,0.00,0.00,0.00,0.00,,0,,0,0.00,0.00,0.00
95242801,0000-00-00,0000-00-00,,,,0,0,0,0,0.00,0.00,0.00,0.00,0.00,0.00,,0,,0,0.00,0.00,2500000.00
95242804,0000-00-00,0000-00-00,,,,0,0,0,0,0.00,0.00,0.00,0.00,0.00,0.00,,0,,0,0.00,0.00,15000.00
95242807,0000-00-00,0000-00-00,,,,0,0,0,0,0.00,0.00,0.00,0.00,0.00,0.00,,0,,0,0.00,0.00,2500000.00
95377039,0000-00-00,0000-00-00,,,,0,0,0,0,0.00,0.00,0.00,0.00,0.00,0.00,,0,,0,0.00,0.00,2500000.00
95377042,0000-00-00,0000-00-00,,,,0,0,0,0,0.00,0.00,0.00,0.00,0.00,0.00,,0,,0,0.00,0.00,15000.00
95377045,0000-00-00,0000-00-00,,,,0,0,0,0,0.00,0.00,0.00,0.00,0.00,0.00,,0,,0,0.00,0.00,2500000.00
95377321,0000-00-00,0000-00-00,,,,0,0,0,0,0.00,0.00,0.00,0.00,0.00,0.00,,0,,0,0.00,0.00,2500000.00
95377324,0000-00-00,0000-00-00,,,,0,0,0,0,0.00,0.00,0.00,0.00,0.00,0.00,,0,,0,0.00,0.00,15000.00
95377327,0000-00-00,0000-00-00,,,,0,0,0,0,0.00,0.00,0.00,0.00,0.00,0.00,,0,,0,0.00,0.00,2500000.00
95449751,0000-00-00,0000-00-00,,,,0,0,0,0,0.00,0.00,0.00,0.00,0.00,0.00,,0,,0,0.00,0.00,2500000.00
95449754,0000-00-00,0000-00-00,,,,0,0,0,0,0.00,0.00,0.00,0.00,0.00,0.00,,0,,0,0.00,0.00,2500000.00
95449757,0000-00-00,0000-00-00,,,,0,0,0,0,0.00,0.00,0.00,0.00,0.00,0.00,,0,,0,0.00,0.00,15000.00
95450990,0000-00-00,0000-00-00,,,,0,0,0,0,0.00,5150.00,0.00,0.00,0.00,0.00,,0,,0,0.00,0.00,0.00
95450996,0000-00-00,0000-00-00,,,,0,0,0,0,0.00,0.00,0.00,0.00,0.00,0.00,,0,,0,0.00,0.00,2575.00
95531936,0000-00-00,0000-00-00,,,,0,0,0,0,0.00,0.00,0.00,0.00,0.00,0.00,,0,,0,0.00,0.00,0.00
95531939,0000-00-00,0000-00-00,,,,0,0,0,0,0.00,0.00,0.00,0.00,0.00,0.00,,0,,0,0.00,0.00,0.00
95531942,0000-00-00,0000-00-00,,,,0,0,0,0,0.00,0.00,0.00,0.00,0.00,0.00,,0,,0,0.00,0.00,0.00
95601884,0000-00-00,0000-00-00,,,,0,0,0,0,0.00,0.00,0.00,0.00,0.00,0.00,,0,,0,0.00,0.00,0.00
95601887,0000-00-00,0000-00-00,,,,0,0,0,0,0.00,0.00,0.00,0.00,0.00,0.00,,0,,0,0.00,0.00,0.00
96310087,0000-00-00,0000-00-00,,,,0,0,0,0,0.00,0.00,0.00,0.00,0.00,0.00,,0,,0,0.00,0.00,2500000.00
96697361,0000-00-00,0000-00-00,,,,0,0,0,0,0.00,0.00,0.00,0.00,0.00,0.00,,0,,0,0.00,0.00,2500000.00
96697364,0000-00-00,0000-00-00,,,,0,0,0,0,0.00,0.00,0.00,0.00,0.00,0.00,,0,,0,0.00,0.00,15000.00
96697367,0000-00-00,0000-00-00,,,,0,0,0,0,0.00,0.00,0.00,0.00,0.00,0.00,,0,,0,0.00,0.00,2500000.00
96758446,0000-00-00,0000-00-00,,,,0,0,0,0,0.00,0.00,0.00,0.00,0.00,0.00,,0,,0,0.00,0.00,0.00
96758449,0000-00-00,0000-00-00,,,,0,0,0,0,0.00,0.00,0.00,0.00,0.00,0.00,,0,,0,0.00,0.00,0.00
96758452,0000-00-00,0000-00-00,,,,0,0,0,0,0.00,0.00,0.00,0.00,0.00,0.00,,0,,0,0.00,0.00,0.00
96758455,0000-00-00,0000-00-00,,,,0,0,0,0,0.00,0.00,0.00,0.00,0.00,0.00,,0,,0,0.00,0.00,0.00
96883706,0000-00-00,0000-00-00,,,,0,0,0,0,0.00,0.00,0.00,0.00,0.00,0.00,,0,,0,0.00,0.00,0.00
96883709,0000-00-00,0000-00-00,,,,0,0,0,0,0.00,0.00,0.00,0.00,0.00,0.00,,0,,0,0.00,0.00,0.00
96883712,0000-00-00,0000-00-00,,,,0,0,0,0,0.00,0.00,0.00,0.00,0.00,0.00,,0,,0,0.00,0.00,0.00
96883715,0000-00-00,0000-00-00,,,,0,0,0,0,0.00,0.00,0.00,0.00,0.00,0.00,,0,,0,0.00,0.00,0.00
96883718,0000-00-00,0000-00-00,,,,0,0,0,0,0.00,0.00,0.00,0.00,0.00,0.00,,0,,0,0.00,0.00,0.00
96883721,0000-00-00,0000-00-00,,,,0,0,0,0,0.00,0.00,0.00,0.00,0.00,0.00,,0,,0,0.00,0.00,0.00
96883724,0000-00-00,0000-00-00,,,,0,0,0,0,0.00,0.00,0.00,0.00,0.00,0.00,,0,,0,0.00,0.00,0.00
96883727,0000-00-00,0000-00-00,,,,0,0,0,0,0.00,0.00,0.00,0.00,0.00,0.00,,0,,0,0.00,0.00,0.00
96940234,0000-00-00,0000-00-00,,,,0,0,0,0,0.00,0.00,0.00,0.00,0.00,0.00,,0,,0,0.00,0.00,0.00
96940237,0000-00-00,0000-00-00,,,,0,0,0,0,0.00,0.00,0.00,0.00,0.00,0.00,,0,,0,0.00,0.00,0.00
96940240,0000-00-00,0000-00-00,,,,0,0,0,0,0.00,0.00,0.00,0.00,0.00,0.00,,0,,0,0.00,0.00,0.00
96940243,0000-00-00,0000-00-00,,,,0,0,0,0,0.00,0.00,0.00,0.00,0.00,0.00,,0,,0,0.00,0.00,0.00
96940249,0000-00-00,0000-00-00,,,,0,0,0,0,0.00,0.00,0.00,0.00,0.00,0.00,,0,,0,0.00,0.00,0.00
96940252,0000-00-00,0000-00-00,,,,0,0,0,0,0.00,0.00,0.00,0.00,0.00,0.00,,0,,0,0.00,0.00,0.00
96940255,0000-00-00,0000-00-00,,,,0,0,0,0,0.00,0.00,0.00,0.00,0.00,0.00,,0,,0,0.00,0.00,0.00
96940258,0000-00-00,0000-00-00,,,,0,0,0,0,0.00,0.00,0.00,0.00,0.00,0.00,,0,,0,0.00,0.00,0.00
96975209,0000-00-00,0000-00-00,,,,0,0,0,0,0.00,0.00,0.00,0.00,0.00,0.00,,0,,0,0.00,0.00,0.00
96975212,0000-00-00,0000-00-00,,,,0,0,0,0,0.00,0.00,0.00,0.00,0.00,0.00,,0,,0,0.00,0.00,0.00
96975215,0000-00-00,0000-00-00,,,,0,0,0,0,0.00,0.00,0.00,0.00,0.00,0.00,,0,,0,0.00,0.00,0.00
96975218,0000-00-00,0000-00-00,,,,0,0,0,0,0.00,0.00,0.00,0.00,0.00,0.00,,0,,0,0.00,0.00,0.00
97012556,0000-00-00,0000-00-00,,,,0,0,0,0,0.00,0.00,0.00,0.00,0.00,0.00,,0,,0,0.00,0.00,2500000.00
97012558,0000-00-00,0000-00-00,,,,0,0,0,0,0.00,0.00,0.00,0.00,0.00,0.00,,0,,0,0.00,0.00,2500000.00
97012560,0000-00-00,0000-00-00,,,,0,0,0,0,0.00,0.00,0.00,0.00,0.00,0.00,,0,,0,0.00,0.00,15000.00
97045038,0000-00-00,0000-00-00,,,,0,0,0,0,0.00,0.00,0.00,0.00,0.00,0.00,,0,,0,0.00,0.00,0.00
97045041,0000-00-00,0000-00-00,,,,0,0,0,0,0.00,0.00,0.00,0.00,0.00,0.00,,0,,0,0.00,0.00,0.00
97045044,0000-00-00,0000-00-00,,,,0,0,0,0,0.00,0.00,0.00,0.00,0.00,0.00,,0,,0,0.00,0.00,0.00
97045047,0000-00-00,0000-00-00,,,,0,0,0,0,0.00,0.00,0.00,0.00,0.00,0.00,,0,,0,0.00,0.00,0.00
97143081,0000-00-00,0000-00-00,,,,0,0,0,0,0.00,0.00,0.00,0.00,0.00,0.00,,0,,0,0.00,0.00,2500000.00
97143084,0000-00-00,0000-00-00,,,,0,0,0,0,0.00,0.00,0.00,0.00,0.00,0.00,,0,,0,0.00,0.00,2500000.00
97143087,0000-00-00,0000-00-00,,,,0,0,0,0,0.00,0.00,0.00,0.00,0.00,0.00,,0,,0,0.00,0.00,15000.00
97143096,0000-00-00,0000-00-00,,,,0,0,0,0,0.00,0.00,0.00,0.00,0.00,0.00,,0,,0,0.00,0.00,2500000.00
97143099,0000-00-00,0000-00-00,,,,0,0,0,0,0.00,0.00,0.00,0.00,0.00,0.00,,0,,0,0.00,0.00,15000.00
97161816,0000-00-00,0000-00-00,,,,0,0,0,0,0.00,0.00,0.00,0.00,0.00,0.00,,0,,0,0.00,0.00,2500000.00
97161819,0000-00-00,0000-00-00,,,,0,0,0,0,0.00,0.00,0.00,0.00,0.00,0.00,,0,,0,0.00,0.00,15000.00
97223833,0000-00-00,0000-00-00,,,,0,0,0,0,0.00,25000.00,0.00,0.00,0.00,0.00,,0,,0,0.00,0.00,0.00
97223842,0000-00-00,0000-00-00,,,,0,0,0,0,0.00,0.00,0.00,0.00,0.00,0.00,,0,,0,0.00,0.00,5000.00
97267260,0000-00-00,0000-00-00,,,,0,0,0,0,0.00,0.00,0.00,0.00,0.00,0.00,,0,,0,0.00,0.00,0.00
97267263,0000-00-00,0000-00-00,,,,0,0,0,0,0.00,0.00,0.00,0.00,0.00,0.00,,0,,0,0.00,0.00,0.00
97267266,0000-00-00,0000-00-00,,,,0,0,0,0,0.00,0.00,0.00,0.00,0.00,0.00,,0,,0,0.00,0.00,0.00
97267269,0000-00-00,0000-00-00,,,,0,0,0,0,0.00,0.00,0.00,0.00,0.00,0.00,,0,,0,0.00,0.00,0.00
97291928,0000-00-00,0000-00-00,,,,0,0,0,0,0.00,0.00,0.00,0.00,0.00,0.00,,0,,0,0.00,0.00,0.00
97291931,0000-00-00,0000-00-00,,,,0,0,0,0,0.00,0.00,0.00,0.00,0.00,0.00,,0,,0,0.00,0.00,0.00
97291934,0000-00-00,0000-00-00,,,,0,0,0,0,0.00,0.00,0.00,0.00,0.00,0.00,,0,,0,0.00,0.00,0.00
97291937,0000-00-00,0000-00-00,,,,0,0,0,0,0.00,0.00,0.00,0.00,0.00,0.00,,0,,0,0.00,0.00,0.00
97348188,0000-00-00,0000-00-00,,,,0,0,0,0,0.00,0.00,0.00,0.00,0.00,0.00,,0,,0,0.00,0.00,2500000.00
97376031,0000-00-00,0000-00-00,15,2,01,1,0,0,0,0.00,0.00,0.00,0.00,0.00,0.00,1,0,4,0,0.00,0.10,0.00
97376034,0000-00-00,0000-00-00,,,,0,0,0,0,0.00,99300.26,0.00,0.00,0.00,0.00,,0,,0,0.00,0.00,0.00
97376037,0000-00-00,0000-00-00,,,,0,0,0,0,0.00,0.00,0.00,0.00,0.00,0.00,,0,,0,0.00,0.00,100000.00
97376040,0000-00-00,0000-00-00,,,,0,0,0,0,0.00,0.00,0.00,0.00,0.00,0.00,,0,,0,0.00,0.00,500.00
97376043,0000-00-00,0000-00-00,,,,0,0,0,0,0.00,0.00,0.00,0.00,0.00,0.00,,0,,0,0.00,0.00,19200.00
97376046,2064-09-30,2026-04-07,15,2,01,1,0,0,0,1561.09,0.00,15.62,0.00,10.60,1576.71,1,0,4,0,0.00,0.00,0.00
97452756,0000-00-00,0000-00-00,,,,0,0,0,0,0.00,0.00,0.00,0.00,0.00,0.00,,0,,0,0.00,0.00,0.00
97452759,0000-00-00,0000-00-00,,,,0,0,0,0,0.00,0.00,0.00,0.00,0.00,0.00,,0,,0,0.00,0.00,0.00
97452762,0000-00-00,0000-00-00,,,,0,0,0,0,0.00,0.00,0.00,0.00,0.00,0.00,,0,,0,0.00,0.00,0.00
97452765,0000-00-00,0000-00-00,,,,0,0,0,0,0.00,0.00,0.00,0.00,0.00,0.00,,0,,0,0.00,0.00,0.00
97466241,0000-00-00,0000-00-00,,,,0,0,0,0,0.00,0.00,0.00,0.00,0.00,0.00,,0,,0,0.00,0.00,0.00
97466244,0000-00-00,0000-00-00,,,,0,0,0,0,0.00,0.00,0.00,0.00,0.00,0.00,,0,,0,0.00,0.00,0.00
97466247,0000-00-00,0000-00-00,,,,0,0,0,0,0.00,0.00,0.00,0.00,0.00,0.00,,0,,0,0.00,0.00,0.00
97466250,0000-00-00,0000-00-00,,,,0,0,0,0,0.00,0.00,0.00,0.00,0.00,0.00,,0,,0,0.00,0.00,0.00
97592237,0000-00-00,0000-00-00,,,,0,0,0,0,0.00,0.00,0.00,0.00,0.00,0.00,,0,,0,0.00,0.00,0.00
97592240,0000-00-00,0000-00-00,,,,0,0,0,0,0.00,0.00,0.00,0.00,0.00,0.00,,0,,0,0.00,0.00,0.00
97592243,0000-00-00,0000-00-00,,,,0,0,0,0,0.00,0.00,0.00,0.00,0.00,0.00,,0,,0,0.00,0.00,0.00
97592246,0000-00-00,0000-00-00,,,,0,0,0,0,0.00,0.00,0.00,0.00,0.00,0.00,,0,,0,0.00,0.00,0.00
97620764,2049-04-30,2026-04-09,16,4,03,0,0,1,0,5304.32,0.00,38.26,0.00,31.86,5342.58,1,0,4,0,0.00,0.00,0.00
97620767,0000-00-00,0000-00-00,,,,0,0,0,0,0.00,94884.30,0.00,0.00,0.00,0.00,,0,,0,0.00,0.00,0.00
97620770,0000-00-00,0000-00-00,,,,0,0,0,0,0.00,0.00,0.00,0.00,0.00,0.00,,0,,0,0.00,0.00,100000.00
97620773,0000-00-00,0000-00-00,,,,0,0,0,0,0.00,0.00,0.00,0.00,0.00,0.00,,0,,0,0.00,0.00,3067.86
97620776,0000-00-00,0000-00-00,,,,0,0,0,0,0.00,0.00,0.00,0.00,0.00,0.00,,0,,0,0.00,0.00,12000.00
97629579,0000-00-00,0000-00-00,16,4,03,0,0,1,0,0.00,0.00,0.00,0.00,0.00,0.00,1,0,4,0,0.00,0.10,0.00
97629582,0000-00-00,0000-00-00,,,,0,0,0,0,0.00,100000.00,0.00,0.00,0.00,0.00,,0,,0,0.00,0.00,0.00
97629585,0000-00-00,0000-00-00,,,,0,0,0,0,0.00,0.00,0.00,0.00,0.00,0.00,,0,,0,0.00,0.00,100000.00
97629588,0000-00-00,0000-00-00,,,,0,0,0,0,0.00,0.00,0.00,0.00,0.00,0.00,,0,,0,0.00,0.00,3972.67
97629591,0000-00-00,0000-00-00,,,,0,0,0,0,0.00,0.00,0.00,0.00,0.00,0.00,,0,,0,0.00,0.00,12000.00
97629597,2049-07-31,2025-10-31,16,4,03,0,0,1,0,3685.41,0.00,13.66,0.00,15.12,3651.67,1,0,4,0,0.00,0.00,0.00
97629600,0000-00-00,0000-00-00,,,,0,0,0,0,0.00,96353.09,0.00,0.00,0.00,0.00,,0,,0,0.00,0.00,0.00
97629603,0000-00-00,0000-00-00,,,,0,0,0,0,0.00,0.00,0.00,0.00,0.00,0.00,,0,,0,0.00,0.00,100000.00
97629606,0000-00-00,0000-00-00,,,,0,0,0,0,0.00,0.00,0.00,0.00,0.00,0.00,,0,,0,0.00,0.00,3972.67
97629609,0000-00-00,0000-00-00,,,,0,0,0,0,0.00,0.00,0.00,0.00,0.00,0.00,,0,,0,0.00,0.00,12000.00
97639172,0000-00-00,0000-00-00,16,4,03,0,0,1,0,0.00,0.00,0.00,0.00,0.00,0.00,1,0,4,0,0.00,0.10,0.00
97639175,0000-00-00,0000-00-00,,,,0,0,0,0,0.00,100000.00,0.00,0.00,0.00,0.00,,0,,0,0.00,0.00,0.00
97639178,0000-00-00,0000-00-00,,,,0,0,0,0,0.00,0.00,0.00,0.00,0.00,0.00,,0,,0,0.00,0.00,100000.00
97639181,0000-00-00,0000-00-00,,,,0,0,0,0,0.00,0.00,0.00,0.00,0.00,0.00,,0,,0,0.00,0.00,3067.86
97639184,0000-00-00,0000-00-00,,,,0,0,0,0,0.00,0.00,0.00,0.00,0.00,0.00,,0,,0,0.00,0.00,12000.00
97639187,2049-02-28,2026-04-09,16,4,03,0,0,1,0,8520.35,0.00,82.14,0.00,57.92,8602.49,1,0,4,0,0.00,0.00,0.00
97639190,0000-00-00,0000-00-00,,,,0,0,0,0,0.00,91625.53,0.00,0.00,0.00,0.00,,0,,0,0.00,0.00,0.00
97639193,0000-00-00,0000-00-00,,,,0,0,0,0,0.00,0.00,0.00,0.00,0.00,0.00,,0,,0,0.00,0.00,100000.00
97639196,0000-00-00,0000-00-00,,,,0,0,0,0,0.00,0.00,0.00,0.00,0.00,0.00,,0,,0,0.00,0.00,3067.86
97639199,0000-00-00,0000-00-00,,,,0,0,0,0,0.00,0.00,0.00,0.00,0.00,0.00,,0,,0,0.00,0.00,12000.00
97639202,0000-00-00,0000-00-00,16,4,03,0,0,1,0,0.00,0.00,0.00,0.00,0.00,0.00,1,0,4,0,0.00,0.10,0.00
97639205,0000-00-00,0000-00-00,,,,0,0,0,0,0.00,100000.00,0.00,0.00,0.00,0.00,,0,,0,0.00,0.00,0.00
97639208,0000-00-00,0000-00-00,,,,0,0,0,0,0.00,0.00,0.00,0.00,0.00,0.00,,0,,0,0.00,0.00,100000.00
97639211,0000-00-00,0000-00-00,,,,0,0,0,0,0.00,0.00,0.00,0.00,0.00,0.00,,0,,0,0.00,0.00,3067.86
97639214,0000-00-00,0000-00-00,,,,0,0,0,0,0.00,0.00,0.00,0.00,0.00,0.00,,0,,0,0.00,0.00,12000.00
97639241,2049-06-30,2026-04-09,16,4,03,0,0,1,0,19976.98,0.00,106.95,0.00,67.77,20083.93,1,0,4,0,0.00,0.00,0.00
97639244,0000-00-00,0000-00-00,,,,0,0,0,0,0.00,100000.00,0.00,0.00,0.00,0.00,,0,,0,0.00,0.00,0.00
97639247,0000-00-00,0000-00-00,,,,0,0,0,0,0.00,0.00,0.00,0.00,0.00,0.00,,0,,0,0.00,0.00,100000.00
97639250,0000-00-00,0000-00-00,,,,0,0,0,0,0.00,0.00,0.00,0.00,0.00,0.00,,0,,0,0.00,0.00,3067.86
97639253,0000-00-00,0000-00-00,,,,0,0,0,0,0.00,0.00,0.00,0.00,0.00,0.00,,0,,0,0.00,0.00,12000.00
97645620,2040-01-31,2026-04-09,16,4,03,0,0,1,0,6826.89,0.00,51.81,0.00,39.10,6878.70,1,0,4,0,0.00,0.00,0.00
97645623,0000-00-00,0000-00-00,,,,0,0,0,0,0.00,98127.41,0.00,0.00,0.00,0.00,,0,,0,0.00,0.00,0.00
97645626,0000-00-00,0000-00-00,,,,0,0,0,0,0.00,0.00,0.00,0.00,0.00,0.00,,0,,0,0.00,0.00,100000.00
97645629,0000-00-00,0000-00-00,,,,0,0,0,0,0.00,0.00,0.00,0.00,0.00,0.00,,0,,0,0.00,0.00,5000.00
97645632,0000-00-00,0000-00-00,,,,0,0,0,0,0.00,0.00,0.00,0.00,0.00,0.00,,0,,0,0.00,0.00,12000.00
97645635,0000-00-00,0000-00-00,16,4,03,0,0,1,0,0.00,0.00,0.00,0.00,0.00,0.00,1,0,4,0,0.00,0.10,0.00
97780290,0000-00-00,0000-00-00,,,,0,0,0,0,0.00,0.00,0.00,0.00,0.00,0.00,,0,,0,0.00,0.00,0.00
97780293,0000-00-00,0000-00-00,,,,0,0,0,0,0.00,0.00,0.00,0.00,0.00,0.00,,0,,0,0.00,0.00,0.00
97780296,0000-00-00,0000-00-00,,,,0,0,0,0,0.00,0.00,0.00,0.00,0.00,0.00,,0,,0,0.00,0.00,0.00
97780299,0000-00-00,0000-00-00,,,,0,0,0,0,0.00,0.00,0.00,0.00,0.00,0.00,,0,,0,0.00,0.00,0.00
97802966,0000-00-00,0000-00-00,,,,0,0,0,0,0.00,0.00,0.00,0.00,0.00,0.00,,0,,0,0.00,0.00,0.00
97802969,0000-00-00,0000-00-00,,,,0,0,0,0,0.00,0.00,0.00,0.00,0.00,0.00,,0,,0,0.00,0.00,0.00
97802972,0000-00-00,0000-00-00,,,,0,0,0,0,0.00,0.00,0.00,0.00,0.00,0.00,,0,,0,0.00,0.00,0.00
97802975,0000-00-00,0000-00-00,,,,0,0,0,0,0.00,0.00,0.00,0.00,0.00,0.00,,0,,0,0.00,0.00,0.00
98007113,0000-00-00,0000-00-00,,,,0,0,0,0,0.00,0.00,0.00,0.00,0.00,0.00,,0,,0,0.00,0.00,0.00
98007116,0000-00-00,0000-00-00,,,,0,0,0,0,0.00,0.00,0.00,0.00,0.00,0.00,,0,,0,0.00,0.00,0.00
98007119,0000-00-00,0000-00-00,,,,0,0,0,0,0.00,0.00,0.00,0.00,0.00,0.00,,0,,0,0.00,0.00,0.00
98007122,0000-00-00,0000-00-00,,,,0,0,0,0,0.00,0.00,0.00,0.00,0.00,0.00,,0,,0,0.00,0.00,0.00
98057466,0000-00-00,0000-00-00,,,,0,0,0,0,0.00,0.00,0.00,0.00,0.00,0.00,,0,,0,0.00,0.00,0.00
98057469,0000-00-00,0000-00-00,,,,0,0,0,0,0.00,0.00,0.00,0.00,0.00,0.00,,0,,0,0.00,0.00,0.00
98057472,0000-00-00,0000-00-00,,,,0,0,0,0,0.00,0.00,0.00,0.00,0.00,0.00,,0,,0,0.00,0.00,0.00
98057475,0000-00-00,0000-00-00,,,,0,0,0,0,0.00,0.00,0.00,0.00,0.00,0.00,,0,,0,0.00,0.00,0.00
98061209,0000-00-00,0000-00-00,,,,0,0,0,0,0.00,0.00,0.00,0.00,0.00,0.00,,0,,0,0.00,0.00,0.00
98061212,0000-00-00,0000-00-00,,,,0,0,0,0,0.00,0.00,0.00,0.00,0.00,0.00,,0,,0,0.00,0.00,0.00
98061215,0000-00-00,0000-00-00,,,,0,0,0,0,0.00,0.00,0.00,0.00,0.00,0.00,,0,,0,0.00,0.00,0.00
98061218,0000-00-00,0000-00-00,,,,0,0,0,0,0.00,0.00,0.00,0.00,0.00,0.00,,0,,0,0.00,0.00,0.00
98117769,0000-00-00,0000-00-00,,,,0,0,0,0,0.00,0.00,0.00,0.00,0.00,0.00,,0,,0,0.00,0.00,2500000.00
98117772,0000-00-00,0000-00-00,,,,0,0,0,0,0.00,0.00,0.00,0.00,0.00,0.00,,0,,0,0.00,0.00,25000.00
98117775,0000-00-00,0000-00-00,,,,0,0,0,0,0.00,0.00,0.00,0.00,0.00,0.00,,0,,0,0.00,0.00,2500000.00
98208776,0000-00-00,0000-00-00,,,,0,0,0,0,0.00,0.00,0.00,0.00,0.00,0.00,,0,,0,0.00,0.00,0.00
98208779,0000-00-00,0000-00-00,,,,0,0,0,0,0.00,0.00,0.00,0.00,0.00,0.00,,0,,0,0.00,0.00,0.00
98208782,0000-00-00,0000-00-00,,,,0,0,0,0,0.00,0.00,0.00,0.00,0.00,0.00,,0,,0,0.00,0.00,0.00
98208785,0000-00-00,0000-00-00,,,,0,0,0,0,0.00,0.00,0.00,0.00,0.00,0.00,,0,,0,0.00,0.00,0.00
98304954,0000-00-00,0000-00-00,,,,0,0,0,0,0.00,0.00,0.00,0.00,0.00,0.00,,0,,0,0.00,0.00,0.00
98304957,0000-00-00,0000-00-00,,,,0,0,0,0,0.00,0.00,0.00,0.00,0.00,0.00,,0,,0,0.00,0.00,0.00
98304960,0000-00-00,0000-00-00,,,,0,0,0,0,0.00,0.00,0.00,0.00,0.00,0.00,,0,,0,0.00,0.00,0.00
98304963,0000-00-00,0000-00-00,,,,0,0,0,0,0.00,0.00,0.00,0.00,0.00,0.00,,0,,0,0.00,0.00,0.00
98306109,2049-03-01,0000-00-00,,9,01,0,0,0,0,0.00,266822.94,0.00,0.00,0.00,0.00,,0,,0,0.00,0.00,0.00
98306133,2049-03-01,0000-00-00,,9,01,0,0,0,0,0.00,266822.94,0.00,0.00,0.00,0.00,,0,,0,0.00,0.00,0.00
98699001,0000-00-00,0000-00-00,,,,0,0,0,0,0.00,0.00,0.00,0.00,0.00,0.00,,0,,0,0.00,0.00,0.00
98699004,0000-00-00,0000-00-00,,,,0,0,0,0,0.00,0.00,0.00,0.00,0.00,0.00,,0,,0,0.00,0.00,0.00
98699007,0000-00-00,0000-00-00,,,,0,0,0,0,0.00,0.00,0.00,0.00,0.00,0.00,,0,,0,0.00,0.00,0.00
98699010,0000-00-00,0000-00-00,,,,0,0,0,0,0.00,0.00,0.00,0.00,0.00,0.00,,0,,0,0.00,0.00,0.00
98818497,0000-00-00,0000-00-00,,,,0,0,0,0,0.00,0.00,0.00,0.00,0.00,0.00,,0,,0,0.00,0.00,2500000.00
98818500,0000-00-00,0000-00-00,,,,0,0,0,0,0.00,0.00,0.00,0.00,0.00,0.00,,0,,0,0.00,0.00,15000.00
98818503,0000-00-00,0000-00-00,,,,0,0,0,0,0.00,0.00,0.00,0.00,0.00,0.00,,0,,0,0.00,0.00,2500000.00
98829630,0000-00-00,0000-00-00,,,,0,0,0,0,0.00,0.00,0.00,0.00,0.00,0.00,,0,,0,0.00,0.00,0.00
98829633,0000-00-00,0000-00-00,,,,0,0,0,0,0.00,0.00,0.00,0.00,0.00,0.00,,0,,0,0.00,0.00,0.00
98829636,0000-00-00,0000-00-00,,,,0,0,0,0,0.00,0.00,0.00,0.00,0.00,0.00,,0,,0,0.00,0.00,0.00
98829639,0000-00-00,0000-00-00,,,,0,0,0,0,0.00,0.00,0.00,0.00,0.00,0.00,,0,,0,0.00,0.00,0.00
99087096,0000-00-00,0000-00-00,,,,0,0,0,0,0.00,0.00,0.00,0.00,0.00,0.00,,0,,0,0.00,0.00,0.00
99087099,0000-00-00,0000-00-00,,,,0,0,0,0,0.00,0.00,0.00,0.00,0.00,0.00,,0,,0,0.00,0.00,0.00
99087102,0000-00-00,0000-00-00,,,,0,0,0,0,0.00,0.00,0.00,0.00,0.00,0.00,,0,,0,0.00,0.00,0.00
99087105,0000-00-00,0000-00-00,,,,0,0,0,0,0.00,0.00,0.00,0.00,0.00,0.00,,0,,0,0.00,0.00,0.00
99229033,0000-00-00,0000-00-00,,,,0,0,0,0,0.00,0.00,0.00,0.00,0.00,0.00,,0,,0,0.00,0.00,0.00
99229036,0000-00-00,0000-00-00,,,,0,0,0,0,0.00,0.00,0.00,0.00,0.00,0.00,,0,,0,0.00,0.00,0.00
99229039,0000-00-00,0000-00-00,,,,0,0,0,0,0.00,0.00,0.00,0.00,0.00,0.00,,0,,0,0.00,0.00,0.00
99229042,0000-00-00,0000-00-00,,,,0,0,0,0,0.00,0.00,0.00,0.00,0.00,0.00,,0,,0,0.00,0.00,0.00
99267216,0000-00-00,0000-00-00,,,,0,0,0,0,0.00,0.00,0.00,0.00,0.00,0.00,,0,,0,0.00,0.00,2500000.00
99267219,0000-00-00,0000-00-00,,,,0,0,0,0,0.00,0.00,0.00,0.00,0.00,0.00,,0,,0,0.00,0.00,25000.00
99267222,0000-00-00,0000-00-00,,,,0,0,0,0,0.00,0.00,0.00,0.00,0.00,0.00,,0,,0,0.00,0.00,2500000.00
99277623,0000-00-00,0000-00-00,,,,0,0,0,0,0.00,30746.35,0.00,0.00,0.00,0.00,,0,,0,0.00,0.00,0.00
99277632,0000-00-00,0000-00-00,,,,0,0,0,0,0.00,0.00,0.00,0.00,0.00,0.00,,0,,0,0.00,0.00,3074.63
99277686,0000-00-00,0000-00-00,,,,0,0,0,0,0.00,30746.35,0.00,0.00,0.00,0.00,,0,,0,0.00,0.00,0.00
99277695,0000-00-00,0000-00-00,,,,0,0,0,0,0.00,0.00,0.00,0.00,0.00,0.00,,0,,0,0.00,0.00,3074.63
99291936,0000-00-00,0000-00-00,,,,0,0,0,0,0.00,0.00,0.00,0.00,0.00,0.00,,0,,0,0.00,0.00,0.00
99291939,0000-00-00,0000-00-00,,,,0,0,0,0,0.00,0.00,0.00,0.00,0.00,0.00,,0,,0,0.00,0.00,0.00
99291942,0000-00-00,0000-00-00,,,,0,0,0,0,0.00,0.00,0.00,0.00,0.00,0.00,,0,,0,0.00,0.00,0.00
99291945,0000-00-00,0000-00-00,,,,0,0,0,0,0.00,0.00,0.00,0.00,0.00,0.00,,0,,0,0.00,0.00,0.00
99351774,0000-00-00,0000-00-00,,,,0,0,0,0,0.00,0.00,0.00,0.00,0.00,0.00,,0,,0,0.00,0.00,0.00
99351777,0000-00-00,0000-00-00,,,,0,0,0,0,0.00,0.00,0.00,0.00,0.00,0.00,,0,,0,0.00,0.00,0.00
99351780,0000-00-00,0000-00-00,,,,0,0,0,0,0.00,0.00,0.00,0.00,0.00,0.00,,0,,0,0.00,0.00,0.00
99351783,0000-00-00,0000-00-00,,,,0,0,0,0,0.00,0.00,0.00,0.00,0.00,0.00,,0,,0,0.00,0.00,0.00
99427512,0000-00-00,0000-00-00,,,,0,0,0,0,0.00,0.00,0.00,0.00,0.00,0.00,,0,,0,0.00,0.00,0.00
99427515,0000-00-00,0000-00-00,,,,0,0,0,0,0.00,0.00,0.00,0.00,0.00,0.00,,0,,0,0.00,0.00,0.00
99427518,0000-00-00,0000-00-00,,,,0,0,0,0,0.00,0.00,0.00,0.00,0.00,0.00,,0,,0,0.00,0.00,0.00
99427521,0000-00-00,0000-00-00,,,,0,0,0,0,0.00,0.00,0.00,0.00,0.00,0.00,,0,,0,0.00,0.00,0.00
99440836,0000-00-00,0000-00-00,,,,0,0,0,0,0.00,0.00,0.00,0.00,0.00,0.00,,0,,0,0.00,0.00,0.00
99440839,0000-00-00,0000-00-00,,,,0,0,0,0,0.00,0.00,0.00,0.00,0.00,0.00,,0,,0,0.00,0.00,0.00
99440842,0000-00-00,0000-00-00,,,,0,0,0,0,0.00,0.00,0.00,0.00,0.00,0.00,,0,,0,0.00,0.00,0.00
99440845,0000-00-00,0000-00-00,,,,0,0,0,0,0.00,0.00,0.00,0.00,0.00,0.00,,0,,0,0.00,0.00,0.00
99451588,0000-00-00,0000-00-00,,,,0,0,0,0,0.00,0.00,0.00,0.00,0.00,0.00,,0,,0,0.00,0.00,0.00
99451591,0000-00-00,0000-00-00,,,,0,0,0,0,0.00,0.00,0.00,0.00,0.00,0.00,,0,,0,0.00,0.00,0.00
99451594,0000-00-00,0000-00-00,,,,0,0,0,0,0.00,0.00,0.00,0.00,0.00,0.00,,0,,0,0.00,0.00,0.00
99451597,0000-00-00,0000-00-00,,,,0,0,0,0,0.00,0.00,0.00,0.00,0.00,0.00,,0,,0,0.00,0.00,0.00
99452182,0000-00-00,0000-00-00,,,,0,0,0,0,0.00,0.00,0.00,0.00,0.00,0.00,,0,,0,0.00,0.00,0.00
99452185,0000-00-00,0000-00-00,,,,0,0,0,0,0.00,0.00,0.00,0.00,0.00,0.00,,0,,0,0.00,0.00,0.00
99452188,0000-00-00,0000-00-00,,,,0,0,0,0,0.00,0.00,0.00,0.00,0.00,0.00,,0,,0,0.00,0.00,0.00
99452191,0000-00-00,0000-00-00,,,,0,0,0,0,0.00,0.00,0.00,0.00,0.00,0.00,,0,,0,0.00,0.00,0.00
99539397,0000-00-00,2023-12-31,11,,,0,0,0,0,0.00,314000.00,0.00,0.00,0.00,0.00,,0,2,1,0.00,0.20,0.00
99564751,0000-00-00,0000-00-00,,,,0,0,0,0,0.00,0.00,0.00,0.00,0.00,0.00,,0,,0,0.00,0.00,0.00
99564754,0000-00-00,0000-00-00,,,,0,0,0,0,0.00,0.00,0.00,0.00,0.00,0.00,,0,,0,0.00,0.00,0.00
99564757,0000-00-00,0000-00-00,,,,0,0,0,0,0.00,0.00,0.00,0.00,0.00,0.00,,0,,0,0.00,0.00,0.00
99564760,0000-00-00,0000-00-00,,,,0,0,0,0,0.00,0.00,0.00,0.00,0.00,0.00,,0,,0,0.00,0.00,0.00
99802722,0000-00-00,0000-00-00,,,,0,0,0,0,0.00,0.00,0.00,0.00,0.00,0.00,,0,,0,0.00,0.00,2500000.00
99802725,0000-00-00,0000-00-00,,,,0,0,0,0,0.00,0.00,0.00,0.00,0.00,0.00,,0,,0,0.00,0.00,2500000.00
99802728,0000-00-00,0000-00-00,,,,0,0,0,0,0.00,0.00,0.00,0.00,0.00,0.00,,0,,0,0.00,0.00,15000.00
99803218,0000-00-00,0000-00-00,,,,0,0,0,0,0.00,0.00,0.00,0.00,0.00,0.00,,0,,0,0.00,0.00,2500000.00
99803221,0000-00-00,0000-00-00,,,,0,0,0,0,0.00,0.00,0.00,0.00,0.00,0.00,,0,,0,0.00,0.00,15000.00
99855948,0000-00-00,0000-00-00,,,,0,0,0,0,0.00,0.00,0.00,0.00,0.00,0.00,,0,,0,0.00,0.00,2500000.00
99855951,0000-00-00,0000-00-00,,,,0,0,0,0,0.00,0.00,0.00,0.00,0.00,0.00,,0,,0,0.00,0.00,25000.00
99855954,0000-00-00,0000-00-00,,,,0,0,0,0,0.00,0.00,0.00,0.00,0.00,0.00,,0,,0,0.00,0.00,2500000.00
99876189,0000-00-00,0000-00-00,,,,0,0,0,0,0.00,0.00,0.00,0.00,0.00,0.00,,0,,0,0.00,0.00,0.00
99876192,0000-00-00,0000-00-00,,,,0,0,0,0,0.00,0.00,0.00,0.00,0.00,0.00,,0,,0,0.00,0.00,0.00
99876195,0000-00-00,0000-00-00,,,,0,0,0,0,0.00,0.00,0.00,0.00,0.00,0.00,,0,,0,0.00,0.00,0.00
99876198,0000-00-00,0000-00-00,,,,0,0,0,0,0.00,0.00,0.00,0.00,0.00,0.00,,0,,0,0.00,0.00,0.00
99972838,0000-00-00,0000-00-00,,,,0,0,0,0,0.00,0.00,0.00,0.00,0.00,0.00,,0,,0,0.00,0.00,2500000.00
100278591,0000-00-00,0000-00-00,,,,0,0,0,0,0.00,0.00,0.00,0.00,0.00,0.00,,0,,0,0.00,0.00,0.00
100278594,0000-00-00,0000-00-00,,,,0,0,0,0,0.00,0.00,0.00,0.00,0.00,0.00,,0,,0,0.00,0.00,0.00
100278597,0000-00-00,0000-00-00,,,,0,0,0,0,0.00,0.00,0.00,0.00,0.00,0.00,,0,,0,0.00,0.00,0.00
100278600,0000-00-00,0000-00-00,,,,0,0,0,0,0.00,0.00,0.00,0.00,0.00,0.00,,0,,0,0.00,0.00,0.00
100290681,0000-00-00,0000-00-00,,,,0,0,0,0,0.00,0.00,0.00,0.00,0.00,0.00,,0,,0,0.00,0.00,0.00
100290684,0000-00-00,0000-00-00,,,,0,0,0,0,0.00,0.00,0.00,0.00,0.00,0.00,,0,,0,0.00,0.00,0.00
100290687,0000-00-00,0000-00-00,,,,0,0,0,0,0.00,0.00,0.00,0.00,0.00,0.00,,0,,0,0.00,0.00,0.00
100290690,0000-00-00,0000-00-00,,,,0,0,0,0,0.00,0.00,0.00,0.00,0.00,0.00,,0,,0,0.00,0.00,0.00
100313814,0000-00-00,0000-00-00,,,,0,0,0,0,0.00,0.00,0.00,0.00,0.00,0.00,,0,,0,0.00,0.00,2500000.00
100313817,0000-00-00,0000-00-00,,,,0,0,0,0,0.00,0.00,0.00,0.00,0.00,0.00,,0,,0,0.00,0.00,25000.00
100313820,0000-00-00,0000-00-00,,,,0,0,0,0,0.00,0.00,0.00,0.00,0.00,0.00,,0,,0,0.00,0.00,2500000.00
100953382,0000-00-00,0000-00-00,,,,0,0,0,0,0.00,0.00,0.00,0.00,0.00,0.00,,0,,0,0.00,0.00,0.00
100953385,0000-00-00,0000-00-00,,,,0,0,0,0,0.00,0.00,0.00,0.00,0.00,0.00,,0,,0,0.00,0.00,0.00
100953388,0000-00-00,0000-00-00,,,,0,0,0,0,0.00,0.00,0.00,0.00,0.00,0.00,,0,,0,0.00,0.00,0.00
100953391,0000-00-00,0000-00-00,,,,0,0,0,0,0.00,0.00,0.00,0.00,0.00,0.00,,0,,0,0.00,0.00,0.00
101108997,0000-00-00,0000-00-00,16,,,0,0,0,0,0.00,100000.00,0.00,0.00,0.00,0.00,,0,,0,0.00,0.00,0.00
101109000,0000-00-00,0000-00-00,,9,,0,0,0,0,0.00,0.00,0.00,0.00,0.00,0.00,,0,,0,0.00,0.00,0.00
101109003,0000-00-00,0000-00-00,,9,,0,0,0,0,0.00,0.00,0.00,0.00,0.00,0.00,,0,,0,0.00,0.00,0.00
101109006,0000-00-00,0000-00-00,16,,,0,0,0,0,0.00,8452.98,0.00,0.00,0.00,0.00,,0,,0,0.00,0.00,0.00
101109009,0000-00-00,2026-05-12,16,3,,1,0,0,0,0.00,0.00,558.69,0.00,0.00,12808.29,,0,,0,0.00,0.00,0.00
101109012,0000-00-00,0000-00-00,16,,,0,0,0,0,0.00,12793.45,0.00,0.00,0.00,0.00,,0,,0,0.00,0.00,0.00
101121100,0000-00-00,2026-05-19,16,3,,1,0,0,0,0.00,0.00,277.15,0.00,0.00,26567.06,,0,,0,0.00,0.00,0.00
101121103,0000-00-00,0000-00-00,16,,,0,0,0,0,0.00,150000.00,0.00,0.00,0.00,0.00,,0,,0,0.00,0.00,0.00
101121106,0000-00-00,0000-00-00,,9,,0,0,0,0,0.00,150000.00,0.00,0.00,0.00,0.00,,0,,0,0.00,0.00,0.00
101121109,0000-00-00,0000-00-00,,9,,0,0,0,0,0.00,0.00,0.00,0.00,0.00,0.00,,0,,0,0.00,0.00,0.00
101121133,0000-00-00,0000-00-00,16,,,0,0,0,0,0.00,150000.00,0.00,0.00,0.00,0.00,,0,,0,0.00,0.00,0.00
101121136,0000-00-00,2026-05-19,16,3,,1,0,0,0,0.00,0.00,219.41,0.00,0.00,20971.57,,0,,0,0.00,0.00,0.00
101121139,0000-00-00,0000-00-00,16,,,0,0,0,0,0.00,150000.00,0.00,0.00,0.00,0.00,,0,,0,0.00,0.00,0.00
101121142,0000-00-00,0000-00-00,,9,,0,0,0,0,0.00,150000.00,0.00,0.00,0.00,0.00,,0,,0,0.00,0.00,0.00
101121145,0000-00-00,0000-00-00,,9,,0,0,0,0,0.00,0.00,0.00,0.00,0.00,0.00,,0,,0,0.00,0.00,0.00
101121148,0000-00-00,0000-00-00,,9,,0,0,0,0,0.00,0.00,0.00,0.00,0.00,0.00,,0,,0,0.00,0.00,0.00
101271589,0000-00-00,0000-00-00,,9,,0,0,0,0,0.00,188503.32,0.00,0.00,0.00,0.00,,0,,0,0.00,0.00,0.00
101271724,0000-00-00,0000-00-00,,9,,0,0,0,0,0.00,489148.92,0.00,0.00,0.00,0.00,,0,,0,0.00,0.00,0.00
101276349,0000-00-00,2026-05-19,16,3,,1,0,0,0,0.00,0.00,9.79,0.00,0.00,268.53,,0,,0,0.00,0.00,0.00
101276352,0000-00-00,0000-00-00,16,,,0,0,0,0,0.00,50000.00,0.00,0.00,0.00,0.00,,0,,0,0.00,0.00,0.00
101276355,0000-00-00,0000-00-00,,9,,0,0,0,0,0.00,50000.00,0.00,0.00,0.00,0.00,,0,,0,0.00,0.00,0.00
101276358,0000-00-00,0000-00-00,,9,,0,0,0,0,0.00,0.00,0.00,0.00,0.00,0.00,,0,,0,0.00,0.00,0.00
101379655,0000-00-00,0000-00-00,,,,0,0,0,0,0.00,0.00,0.00,0.00,0.00,0.00,,0,,0,0.00,0.00,2500000.00
101379658,0000-00-00,0000-00-00,,,,0,0,0,0,0.00,0.00,0.00,0.00,0.00,0.00,,0,,0,0.00,0.00,25000.00
101379661,0000-00-00,0000-00-00,,,,0,0,0,0,0.00,0.00,0.00,0.00,0.00,0.00,,0,,0,0.00,0.00,2500000.00
101842905,0000-00-00,0000-00-00,,,,0,0,0,0,0.00,0.00,0.00,0.00,0.00,0.00,,0,,0,0.00,0.00,2500000.00
101842908,0000-00-00,0000-00-00,,,,0,0,0,0,0.00,0.00,0.00,0.00,0.00,0.00,,0,,0,0.00,0.00,2500000.00
101842911,0000-00-00,0000-00-00,,,,0,0,0,0,0.00,0.00,0.00,0.00,0.00,0.00,,0,,0,0.00,0.00,25000.00
101846028,0000-00-00,0000-00-00,,,,0,0,0,0,0.00,0.00,0.00,0.00,0.00,0.00,,0,,0,0.00,0.00,0.00
101846031,0000-00-00,0000-00-00,,,,0,0,0,0,0.00,0.00,0.00,0.00,0.00,0.00,,0,,0,0.00,0.00,0.00
101846034,0000-00-00,0000-00-00,,,,0,0,0,0,0.00,0.00,0.00,0.00,0.00,0.00,,0,,0,0.00,0.00,0.00
101846037,0000-00-00,0000-00-00,,,,0,0,0,0,0.00,0.00,0.00,0.00,0.00,0.00,,0,,0,0.00,0.00,0.00
101964195,0000-00-00,0000-00-00,,,,0,0,0,0,0.00,50000.00,0.00,0.00,0.00,0.00,,0,,0,0.00,0.00,0.00
101964204,0000-00-00,0000-00-00,,,,0,0,0,0,0.00,0.00,0.00,0.00,0.00,0.00,,0,,0,0.00,0.00,2500.00
101964213,0000-00-00,0000-00-00,,,,0,0,0,0,0.00,50000.00,0.00,0.00,0.00,0.00,,0,,0,0.00,0.00,0.00
101964222,0000-00-00,0000-00-00,,,,0,0,0,0,0.00,0.00,0.00,0.00,0.00,0.00,,0,,0,0.00,0.00,2500.00
102000344,0000-00-00,0000-00-00,,,,0,0,0,0,0.00,0.00,0.00,0.00,0.00,0.00,,0,,0,0.00,0.00,0.00
102000347,0000-00-00,0000-00-00,,,,0,0,0,0,0.00,0.00,0.00,0.00,0.00,0.00,,0,,0,0.00,0.00,0.00
102000350,0000-00-00,0000-00-00,,,,0,0,0,0,0.00,0.00,0.00,0.00,0.00,0.00,,0,,0,0.00,0.00,0.00
102000353,0000-00-00,0000-00-00,,,,0,0,0,0,0.00,0.00,0.00,0.00,0.00,0.00,,0,,0,0.00,0.00,0.00
102103992,0000-00-00,0000-00-00,,,,0,0,0,0,0.00,0.00,0.00,0.00,0.00,0.00,,0,,0,0.00,0.00,2500000.00
102103995,0000-00-00,0000-00-00,,,,0,0,0,0,0.00,0.00,0.00,0.00,0.00,0.00,,0,,0,0.00,0.00,15000.00
102157932,0000-00-00,0000-00-00,,,,0,0,0,0,0.00,0.00,0.00,0.00,0.00,0.00,,0,,0,0.00,0.00,2500000.00
102157935,0000-00-00,0000-00-00,,,,0,0,0,0,0.00,0.00,0.00,0.00,0.00,0.00,,0,,0,0.00,0.00,25000.00
102157938,0000-00-00,0000-00-00,,,,0,0,0,0,0.00,0.00,0.00,0.00,0.00,0.00,,0,,0,0.00,0.00,2500000.00
102212194,0000-00-00,0000-00-00,,,,0,0,0,0,0.00,0.00,0.00,0.00,0.00,0.00,,0,,0,0.00,0.00,2500000.00
102212195,0000-00-00,0000-00-00,,,,0,0,0,0,0.00,0.00,0.00,0.00,0.00,0.00,,0,,0,0.00,0.00,15000.00
102212196,0000-00-00,0000-00-00,,,,0,0,0,0,0.00,0.00,0.00,0.00,0.00,0.00,,0,,0,0.00,0.00,2500000.00
102305729,0000-00-00,0000-00-00,16,4,03,0,0,1,0,0.00,0.00,0.00,0.00,0.00,0.00,1,0,4,0,0.00,1.60,0.00
102305731,2062-08-31,2026-04-09,16,4,03,0,0,1,0,29973.92,0.00,176.91,0.00,197.88,30150.83,1,0,4,0,0.00,0.00,0.00
102305734,0000-00-00,0000-00-00,16,4,03,0,0,1,0,0.00,0.00,0.00,0.00,0.00,0.00,1,0,4,0,0.00,1.60,0.00
102305737,0000-00-00,0000-00-00,,,,0,0,0,0,0.00,100000.00,0.00,0.00,0.00,0.00,,0,,0,0.00,0.00,0.00
102305740,2031-02-28,2026-04-09,16,4,03,0,0,1,0,30663.71,0.00,225.62,0.00,252.37,30889.33,1,0,4,0,0.00,0.00,0.00
102416182,2050-01-01,0000-00-00,,,01,0,0,0,0,0.00,155830.00,0.00,0.00,0.00,0.00,,0,,0,0.00,0.00,0.00
102416185,2050-01-01,0000-00-00,,,01,0,0,0,0,0.00,155830.00,0.00,0.00,0.00,0.00,,0,,0,0.00,0.00,0.00
102497569,0000-00-00,0000-00-00,,,,0,0,0,0,0.00,0.00,0.00,0.00,0.00,0.00,,0,,0,0.00,0.00,0.00
102497572,0000-00-00,0000-00-00,,,,0,0,0,0,0.00,0.00,0.00,0.00,0.00,0.00,,0,,0,0.00,0.00,0.00
102497575,0000-00-00,0000-00-00,,,,0,0,0,0,0.00,0.00,0.00,0.00,0.00,0.00,,0,,0,0.00,0.00,0.00
102497578,0000-00-00,0000-00-00,,,,0,0,0,0,0.00,0.00,0.00,0.00,0.00,0.00,,0,,0,0.00,0.00,0.00
102513604,0000-00-00,0000-00-00,,,,0,0,0,0,0.00,23000.00,0.00,0.00,0.00,0.00,,0,,0,0.00,0.00,0.00
102519310,0000-00-00,0000-00-00,,,,0,0,0,0,0.00,23000.00,0.00,0.00,0.00,0.00,,0,,0,0.00,0.00,0.00
102540290,0000-00-00,0000-00-00,,,,0,0,0,0,0.00,0.00,0.00,0.00,0.00,0.00,,0,,0,0.00,0.00,0.00
102540293,0000-00-00,0000-00-00,,,,0,0,0,0,0.00,0.00,0.00,0.00,0.00,0.00,,0,,0,0.00,0.00,0.00
102540296,0000-00-00,0000-00-00,,,,0,0,0,0,0.00,0.00,0.00,0.00,0.00,0.00,,0,,0,0.00,0.00,0.00
102540299,0000-00-00,0000-00-00,,,,0,0,0,0,0.00,0.00,0.00,0.00,0.00,0.00,,0,,0,0.00,0.00,0.00
102577027,0000-00-00,0000-00-00,,,,0,0,0,0,0.00,0.00,0.00,0.00,0.00,0.00,,0,,0,0.00,0.00,2500000.00
102577029,0000-00-00,0000-00-00,,,,0,0,0,0,0.00,0.00,0.00,0.00,0.00,0.00,,0,,0,0.00,0.00,2500000.00
102577031,0000-00-00,0000-00-00,,,,0,0,0,0,0.00,0.00,0.00,0.00,0.00,0.00,,0,,0,0.00,0.00,25000.00
102640424,0000-00-00,0000-00-00,,,,0,0,0,0,0.00,0.00,0.00,0.00,0.00,0.00,,0,,0,0.00,0.00,2500000.00
102640427,0000-00-00,0000-00-00,,,,0,0,0,0,0.00,0.00,0.00,0.00,0.00,0.00,,0,,0,0.00,0.00,45000.00
102640430,0000-00-00,0000-00-00,,,,0,0,0,0,0.00,0.00,0.00,0.00,0.00,0.00,,0,,0,0.00,0.00,5000000.00
102645626,0000-00-00,0000-00-00,,,,0,0,0,0,0.00,0.00,0.00,0.00,0.00,0.00,,0,,0,0.00,0.00,1500000.00
102645629,0000-00-00,0000-00-00,,,,0,0,0,0,0.00,0.00,0.00,0.00,0.00,0.00,,0,,0,0.00,0.00,15000.00
102645632,0000-00-00,0000-00-00,,,,0,0,0,0,0.00,0.00,0.00,0.00,0.00,0.00,,0,,0,0.00,0.00,1500000.00
102650571,0000-00-00,0000-00-00,,,,0,0,0,0,0.00,0.00,0.00,0.00,0.00,0.00,,0,,0,0.00,0.00,2500000.00
102650574,0000-00-00,0000-00-00,,,,0,0,0,0,0.00,0.00,0.00,0.00,0.00,0.00,,0,,0,0.00,0.00,2500000.00
102650577,0000-00-00,0000-00-00,,,,0,0,0,0,0.00,0.00,0.00,0.00,0.00,0.00,,0,,0,0.00,0.00,15000.00
102662213,0000-00-00,0000-00-00,,,,0,0,0,0,0.00,69334.66,0.00,0.00,0.00,0.00,,0,,0,0.00,0.00,0.00
102668823,0000-00-00,0000-00-00,,,,0,0,0,0,0.00,0.00,0.00,0.00,0.00,0.00,,0,,0,0.00,0.00,2500000.00
102679322,0000-00-00,0000-00-00,,,,0,0,0,0,0.00,0.00,0.00,0.00,0.00,0.00,,0,,0,0.00,0.00,2500000.00
102679325,0000-00-00,0000-00-00,,,,0,0,0,0,0.00,0.00,0.00,0.00,0.00,0.00,,0,,0,0.00,0.00,25000.00
102679328,0000-00-00,0000-00-00,,,,0,0,0,0,0.00,0.00,0.00,0.00,0.00,0.00,,0,,0,0.00,0.00,2500000.00
102682565,0000-00-00,0000-00-00,,,,0,0,0,0,0.00,0.00,0.00,0.00,0.00,0.00,,0,,0,0.00,0.00,2500000.00
102682568,0000-00-00,0000-00-00,,,,0,0,0,0,0.00,0.00,0.00,0.00,0.00,0.00,,0,,0,0.00,0.00,2500000.00
102682571,0000-00-00,0000-00-00,,,,0,0,0,0,0.00,0.00,0.00,0.00,0.00,0.00,,0,,0,0.00,0.00,25000.00
102692057,0000-00-00,0000-00-00,,,,0,0,0,0,0.00,0.00,0.00,0.00,0.00,0.00,,0,,0,0.00,0.00,2500000.00
102692060,0000-00-00,0000-00-00,,,,0,0,0,0,0.00,0.00,0.00,0.00,0.00,0.00,,0,,0,0.00,0.00,2500000.00
102692063,0000-00-00,0000-00-00,,,,0,0,0,0,0.00,0.00,0.00,0.00,0.00,0.00,,0,,0,0.00,0.00,25000.00
102693059,0000-00-00,0000-00-00,,,,0,0,0,0,0.00,0.00,0.00,0.00,0.00,0.00,,0,,0,0.00,0.00,2500000.00
102693062,0000-00-00,0000-00-00,,,,0,0,0,0,0.00,0.00,0.00,0.00,0.00,0.00,,0,,0,0.00,0.00,25000.00
102693065,0000-00-00,0000-00-00,,,,0,0,0,0,0.00,0.00,0.00,0.00,0.00,0.00,,0,,0,0.00,0.00,2500000.00
102791631,0000-00-00,0000-00-00,,,,0,0,0,0,0.00,0.00,0.00,0.00,0.00,0.00,,0,,0,0.00,0.00,2500000.00
102791634,0000-00-00,0000-00-00,,,,0,0,0,0,0.00,0.00,0.00,0.00,0.00,0.00,,0,,0,0.00,0.00,15000.00
102791637,0000-00-00,0000-00-00,,,,0,0,0,0,0.00,0.00,0.00,0.00,0.00,0.00,,0,,0,0.00,0.00,1500000.00
102804443,0000-00-00,0000-00-00,,,,0,0,0,0,0.00,0.00,0.00,0.00,0.00,0.00,,0,,0,0.00,0.00,2500000.00
102804446,0000-00-00,0000-00-00,,,,0,0,0,0,0.00,0.00,0.00,0.00,0.00,0.00,,0,,0,0.00,0.00,25000.00
102804449,0000-00-00,0000-00-00,,,,0,0,0,0,0.00,0.00,0.00,0.00,0.00,0.00,,0,,0,0.00,0.00,2500000.00
102812314,0000-00-00,0000-00-00,,,,0,0,0,0,0.00,0.00,0.00,0.00,0.00,0.00,,0,,0,0.00,0.00,2500000.00
102812316,0000-00-00,0000-00-00,,,,0,0,0,0,0.00,0.00,0.00,0.00,0.00,0.00,,0,,0,0.00,0.00,25000.00
102812318,0000-00-00,0000-00-00,,,,0,0,0,0,0.00,0.00,0.00,0.00,0.00,0.00,,0,,0,0.00,0.00,2500000.00
102830479,0000-00-00,0000-00-00,,,,0,0,0,0,0.00,0.00,0.00,0.00,0.00,0.00,,0,,0,0.00,0.00,2500000.00
102830481,0000-00-00,0000-00-00,,,,0,0,0,0,0.00,0.00,0.00,0.00,0.00,0.00,,0,,0,0.00,0.00,25000.00
102830483,0000-00-00,0000-00-00,,,,0,0,0,0,0.00,0.00,0.00,0.00,0.00,0.00,,0,,0,0.00,0.00,2500000.00
102832156,0000-00-00,0000-00-00,,,,0,0,0,0,0.00,0.00,0.00,0.00,0.00,0.00,,0,,0,0.00,0.00,2500000.00
102832158,0000-00-00,0000-00-00,,,,0,0,0,0,0.00,0.00,0.00,0.00,0.00,0.00,,0,,0,0.00,0.00,2500000.00
102832160,0000-00-00,0000-00-00,,,,0,0,0,0,0.00,0.00,0.00,0.00,0.00,0.00,,0,,0,0.00,0.00,25000.00
102844110,0000-00-00,0000-00-00,,,,0,0,0,0,0.00,0.00,0.00,0.00,0.00,0.00,,0,,0,0.00,0.00,2500000.00
102844112,0000-00-00,0000-00-00,,,,0,0,0,0,0.00,0.00,0.00,0.00,0.00,0.00,,0,,0,0.00,0.00,25000.00
102844114,0000-00-00,0000-00-00,,,,0,0,0,0,0.00,0.00,0.00,0.00,0.00,0.00,,0,,0,0.00,0.00,2500000.00
102844949,0000-00-00,0000-00-00,,,,0,0,0,0,0.00,0.00,0.00,0.00,0.00,0.00,,0,,0,0.00,0.00,2500000.00
102844951,0000-00-00,0000-00-00,,,,0,0,0,0,0.00,0.00,0.00,0.00,0.00,0.00,,0,,0,0.00,0.00,25000.00
102844953,0000-00-00,0000-00-00,,,,0,0,0,0,0.00,0.00,0.00,0.00,0.00,0.00,,0,,0,0.00,0.00,2500000.00
102872503,0000-00-00,0000-00-00,,,,0,0,0,0,0.00,0.00,0.00,0.00,0.00,0.00,,0,,0,0.00,0.00,2500000.00
102872505,0000-00-00,0000-00-00,,,,0,0,0,0,0.00,0.00,0.00,0.00,0.00,0.00,,0,,0,0.00,0.00,2500000.00
102872507,0000-00-00,0000-00-00,,,,0,0,0,0,0.00,0.00,0.00,0.00,0.00,0.00,,0,,0,0.00,0.00,25000.00
102884989,0000-00-00,0000-00-00,,,,0,0,0,0,0.00,0.00,0.00,0.00,0.00,0.00,,0,,0,0.00,0.00,2500000.00
102884991,0000-00-00,0000-00-00,,,,0,0,0,0,0.00,0.00,0.00,0.00,0.00,0.00,,0,,0,0.00,0.00,25000.00
102884993,0000-00-00,0000-00-00,,,,0,0,0,0,0.00,0.00,0.00,0.00,0.00,0.00,,0,,0,0.00,0.00,2500000.00
102898159,0000-00-00,0000-00-00,,,,0,0,0,0,0.00,0.00,0.00,0.00,0.00,0.00,,0,,0,0.00,0.00,2500000.00
102898161,0000-00-00,0000-00-00,,,,0,0,0,0,0.00,0.00,0.00,0.00,0.00,0.00,,0,,0,0.00,0.00,25000.00
102898163,0000-00-00,0000-00-00,,,,0,0,0,0,0.00,0.00,0.00,0.00,0.00,0.00,,0,,0,0.00,0.00,2500000.00
102901491,0000-00-00,0000-00-00,,,,0,0,0,0,0.00,0.00,0.00,0.00,0.00,0.00,,0,,0,0.00,0.00,2500000.00
102901493,0000-00-00,0000-00-00,,,,0,0,0,0,0.00,0.00,0.00,0.00,0.00,0.00,,0,,0,0.00,0.00,25000.00
102908919,0000-00-00,0000-00-00,,,,0,0,0,0,0.00,0.00,0.00,0.00,0.00,0.00,,0,,0,0.00,0.00,2500000.00
102908921,0000-00-00,0000-00-00,,,,0,0,0,0,0.00,0.00,0.00,0.00,0.00,0.00,,0,,0,0.00,0.00,2500000.00
102908923,0000-00-00,0000-00-00,,,,0,0,0,0,0.00,0.00,0.00,0.00,0.00,0.00,,0,,0,0.00,0.00,25000.00
102961191,0000-00-00,0000-00-00,,,,0,0,0,0,0.00,0.00,0.00,0.00,0.00,0.00,,0,,0,0.00,0.00,2500000.00
102961193,0000-00-00,0000-00-00,,,,0,0,0,0,0.00,0.00,0.00,0.00,0.00,0.00,,0,,0,0.00,0.00,25000.00
102961195,0000-00-00,0000-00-00,,,,0,0,0,0,0.00,0.00,0.00,0.00,0.00,0.00,,0,,0,0.00,0.00,2500000.00
102971025,0000-00-00,0000-00-00,,,,0,0,0,0,0.00,0.00,0.00,0.00,0.00,0.00,,0,,0,0.00,0.00,2500000.00
102971027,0000-00-00,0000-00-00,,,,0,0,0,0,0.00,0.00,0.00,0.00,0.00,0.00,,0,,0,0.00,0.00,2500000.00
102971029,0000-00-00,0000-00-00,,,,0,0,0,0,0.00,0.00,0.00,0.00,0.00,0.00,,0,,0,0.00,0.00,25000.00
102991463,0000-00-00,2024-12-31,,,,0,0,0,0,0.00,175500.00,0.00,0.00,0.00,0.00,,0,C,1,0.00,2.00,0.00
103004002,0000-00-00,0000-00-00,,,,0,0,0,0,0.00,0.00,0.00,0.00,0.00,0.00,,0,,0,0.00,0.00,2500000.00
103004004,0000-00-00,0000-00-00,,,,0,0,0,0,0.00,0.00,0.00,0.00,0.00,0.00,,0,,0,0.00,0.00,25000.00
103004006,0000-00-00,0000-00-00,,,,0,0,0,0,0.00,0.00,0.00,0.00,0.00,0.00,,0,,0,0.00,0.00,2500000.00
103007637,0000-00-00,0000-00-00,,,,0,0,0,0,0.00,0.00,0.00,0.00,0.00,0.00,,0,,0,0.00,0.00,2500000.00
103024011,0000-00-00,0000-00-00,,,,0,0,0,0,0.00,0.00,0.00,0.00,0.00,0.00,,0,,0,0.00,0.00,2500000.00
103024013,0000-00-00,0000-00-00,,,,0,0,0,0,0.00,0.00,0.00,0.00,0.00,0.00,,0,,0,0.00,0.00,2500000.00
103024015,0000-00-00,0000-00-00,,,,0,0,0,0,0.00,0.00,0.00,0.00,0.00,0.00,,0,,0,0.00,0.00,15000.00
103033719,0000-00-00,0000-00-00,,,,0,0,0,0,0.00,0.00,0.00,0.00,0.00,0.00,,0,,0,0.00,0.00,2500000.00
103033721,0000-00-00,0000-00-00,,,,0,0,0,0,0.00,0.00,0.00,0.00,0.00,0.00,,0,,0,0.00,0.00,25000.00
103033723,0000-00-00,0000-00-00,,,,0,0,0,0,0.00,0.00,0.00,0.00,0.00,0.00,,0,,0,0.00,0.00,2500000.00
103034256,0000-00-00,0000-00-00,,,,0,0,0,0,0.00,0.00,0.00,0.00,0.00,0.00,,0,,0,0.00,0.00,2500000.00
103034258,0000-00-00,0000-00-00,,,,0,0,0,0,0.00,0.00,0.00,0.00,0.00,0.00,,0,,0,0.00,0.00,25000.00
103034260,0000-00-00,0000-00-00,,,,0,0,0,0,0.00,0.00,0.00,0.00,0.00,0.00,,0,,0,0.00,0.00,2500000.00
103061440,0000-00-00,0000-00-00,,,,0,0,0,0,0.00,0.00,0.00,0.00,0.00,0.00,,0,,0,0.00,0.00,2500000.00
103061442,0000-00-00,0000-00-00,,,,0,0,0,0,0.00,0.00,0.00,0.00,0.00,0.00,,0,,0,0.00,0.00,25000.00
103061444,0000-00-00,0000-00-00,,,,0,0,0,0,0.00,0.00,0.00,0.00,0.00,0.00,,0,,0,0.00,0.00,2500000.00
103092309,0000-00-00,0000-00-00,,,,0,0,0,0,0.00,0.00,0.00,0.00,0.00,0.00,,0,,0,0.00,0.00,2500000.00
103092311,0000-00-00,0000-00-00,,,,0,0,0,0,0.00,0.00,0.00,0.00,0.00,0.00,,0,,0,0.00,0.00,25000.00
103092313,0000-00-00,0000-00-00,,,,0,0,0,0,0.00,0.00,0.00,0.00,0.00,0.00,,0,,0,0.00,0.00,2500000.00
103102128,0000-00-00,0000-00-00,,,,0,0,0,0,0.00,0.00,0.00,0.00,0.00,0.00,,0,,0,0.00,0.00,2500000.00
103102130,0000-00-00,0000-00-00,,,,0,0,0,0,0.00,0.00,0.00,0.00,0.00,0.00,,0,,0,0.00,0.00,25000.00
103102132,0000-00-00,0000-00-00,,,,0,0,0,0,0.00,0.00,0.00,0.00,0.00,0.00,,0,,0,0.00,0.00,2500000.00
103109975,0000-00-00,0000-00-00,,,,0,0,0,0,0.00,0.00,0.00,0.00,0.00,0.00,,0,,0,0.00,0.00,2500000.00
103109977,0000-00-00,0000-00-00,,,,0,0,0,0,0.00,0.00,0.00,0.00,0.00,0.00,,0,,0,0.00,0.00,15000.00
103109979,0000-00-00,0000-00-00,,,,0,0,0,0,0.00,0.00,0.00,0.00,0.00,0.00,,0,,0,0.00,0.00,2500000.00
103112195,0000-00-00,0000-00-00,,,,0,0,0,0,0.00,0.00,0.00,0.00,0.00,0.00,,0,,0,0.00,0.00,2500000.00
103112197,0000-00-00,0000-00-00,,,,0,0,0,0,0.00,0.00,0.00,0.00,0.00,0.00,,0,,0,0.00,0.00,25000.00
103112199,0000-00-00,0000-00-00,,,,0,0,0,0,0.00,0.00,0.00,0.00,0.00,0.00,,0,,0,0.00,0.00,2500000.00
103112329,0000-00-00,0000-00-00,,,,0,0,0,0,0.00,0.00,0.00,0.00,0.00,0.00,,0,,0,0.00,0.00,2500000.00
103112331,0000-00-00,0000-00-00,,,,0,0,0,0,0.00,0.00,0.00,0.00,0.00,0.00,,0,,0,0.00,0.00,25000.00
103112333,0000-00-00,0000-00-00,,,,0,0,0,0,0.00,0.00,0.00,0.00,0.00,0.00,,0,,0,0.00,0.00,2500000.00
103113640,0000-00-00,0000-00-00,,,,0,0,0,0,0.00,0.00,0.00,0.00,0.00,0.00,,0,,0,0.00,0.00,2500000.00
103113642,0000-00-00,0000-00-00,,,,0,0,0,0,0.00,0.00,0.00,0.00,0.00,0.00,,0,,0,0.00,0.00,2500000.00
103113644,0000-00-00,0000-00-00,,,,0,0,0,0,0.00,0.00,0.00,0.00,0.00,0.00,,0,,0,0.00,0.00,15000.00
103132093,0000-00-00,0000-00-00,,,,0,0,0,0,0.00,0.00,0.00,0.00,0.00,0.00,,0,,0,0.00,0.00,2500000.00
103132095,0000-00-00,0000-00-00,,,,0,0,0,0,0.00,0.00,0.00,0.00,0.00,0.00,,0,,0,0.00,0.00,15000.00
103132097,0000-00-00,0000-00-00,,,,0,0,0,0,0.00,0.00,0.00,0.00,0.00,0.00,,0,,0,0.00,0.00,2500000.00
103191842,0000-00-00,0000-00-00,,,,0,0,0,0,0.00,0.00,0.00,0.00,0.00,0.00,,0,,0,0.00,0.00,2500000.00
103191844,0000-00-00,0000-00-00,,,,0,0,0,0,0.00,0.00,0.00,0.00,0.00,0.00,,0,,0,0.00,0.00,25000.00
103191846,0000-00-00,0000-00-00,,,,0,0,0,0,0.00,0.00,0.00,0.00,0.00,0.00,,0,,0,0.00,0.00,2500000.00
103223166,0000-00-00,0000-00-00,,,,0,0,0,0,0.00,0.00,0.00,0.00,0.00,0.00,,0,,0,0.00,0.00,2500000.00
103223168,0000-00-00,0000-00-00,,,,0,0,0,0,0.00,0.00,0.00,0.00,0.00,0.00,,0,,0,0.00,0.00,25000.00
103223170,0000-00-00,0000-00-00,,,,0,0,0,0,0.00,0.00,0.00,0.00,0.00,0.00,,0,,0,0.00,0.00,2500000.00
103226415,0000-00-00,0000-00-00,,,,0,0,0,0,0.00,0.00,0.00,0.00,0.00,0.00,,0,,0,0.00,0.00,2500000.00
103226417,0000-00-00,0000-00-00,,,,0,0,0,0,0.00,0.00,0.00,0.00,0.00,0.00,,0,,0,0.00,0.00,25000.00
103226419,0000-00-00,0000-00-00,,,,0,0,0,0,0.00,0.00,0.00,0.00,0.00,0.00,,0,,0,0.00,0.00,2500000.00
103369389,0000-00-00,2024-12-31,,,,0,0,0,0,0.00,362000.00,0.00,0.00,0.00,0.00,,0,C,1,0.00,2.00,0.00
103371599,0000-00-00,0000-00-00,,,,0,0,0,0,0.00,0.00,0.00,0.00,0.00,0.00,,0,,0,0.00,0.00,2500000.00
103371601,0000-00-00,0000-00-00,,,,0,0,0,0,0.00,0.00,0.00,0.00,0.00,0.00,,0,,0,0.00,0.00,25000.00
103371603,0000-00-00,0000-00-00,,,,0,0,0,0,0.00,0.00,0.00,0.00,0.00,0.00,,0,,0,0.00,0.00,2500000.00
103447075,0000-00-00,2024-12-31,,,,0,0,0,0,0.00,362000.00,0.00,0.00,0.00,0.00,,0,C,1,0.00,2.00,0.00
103465039,0000-00-00,0000-00-00,,,,0,0,0,0,0.00,0.00,0.00,0.00,0.00,0.00,,0,,0,0.00,0.00,2500000.00
103465041,0000-00-00,0000-00-00,,,,0,0,0,0,0.00,0.00,0.00,0.00,0.00,0.00,,0,,0,0.00,0.00,25000.00
103465043,0000-00-00,0000-00-00,,,,0,0,0,0,0.00,0.00,0.00,0.00,0.00,0.00,,0,,0,0.00,0.00,2500000.00
103468997,0000-00-00,0000-00-00,,,,0,0,0,0,0.00,0.00,0.00,0.00,0.00,0.00,,0,,0,0.00,0.00,2500000.00
103468999,0000-00-00,0000-00-00,,,,0,0,0,0,0.00,0.00,0.00,0.00,0.00,0.00,,0,,0,0.00,0.00,25000.00
103469001,0000-00-00,0000-00-00,,,,0,0,0,0,0.00,0.00,0.00,0.00,0.00,0.00,,0,,0,0.00,0.00,2500000.00
103487221,0000-00-00,0000-00-00,,,,0,0,0,0,0.00,0.00,0.00,0.00,0.00,0.00,,0,,0,0.00,0.00,2500000.00
103487223,0000-00-00,0000-00-00,,,,0,0,0,0,0.00,0.00,0.00,0.00,0.00,0.00,,0,,0,0.00,0.00,25000.00
103487225,0000-00-00,0000-00-00,,,,0,0,0,0,0.00,0.00,0.00,0.00,0.00,0.00,,0,,0,0.00,0.00,2500000.00
103512333,0000-00-00,0000-00-00,,,,0,0,0,0,0.00,0.00,0.00,0.00,0.00,0.00,,0,,0,0.00,0.00,2500000.00
103512335,0000-00-00,0000-00-00,,,,0,0,0,0,0.00,0.00,0.00,0.00,0.00,0.00,,0,,0,0.00,0.00,25000.00
103512337,0000-00-00,0000-00-00,,,,0,0,0,0,0.00,0.00,0.00,0.00,0.00,0.00,,0,,0,0.00,0.00,2500000.00
103536634,0000-00-00,0000-00-00,,,,0,0,0,0,0.00,0.00,0.00,0.00,0.00,0.00,,0,,0,0.00,0.00,2500000.00
103536636,0000-00-00,0000-00-00,,,,0,0,0,0,0.00,0.00,0.00,0.00,0.00,0.00,,0,,0,0.00,0.00,25000.00
103572249,0000-00-00,0000-00-00,,,,0,0,0,0,0.00,0.00,0.00,0.00,0.00,0.00,,0,,0,0.00,0.00,2500000.00
103572251,0000-00-00,0000-00-00,,,,0,0,0,0,0.00,0.00,0.00,0.00,0.00,0.00,,0,,0,0.00,0.00,2500000.00
103572253,0000-00-00,0000-00-00,,,,0,0,0,0,0.00,0.00,0.00,0.00,0.00,0.00,,0,,0,0.00,0.00,15000.00
103574057,0000-00-00,0000-00-00,,,,0,0,0,0,0.00,0.00,0.00,0.00,0.00,0.00,,0,,0,0.00,0.00,2500000.00
103574059,0000-00-00,0000-00-00,,,,0,0,0,0,0.00,0.00,0.00,0.00,0.00,0.00,,0,,0,0.00,0.00,25000.00
103574061,0000-00-00,0000-00-00,,,,0,0,0,0,0.00,0.00,0.00,0.00,0.00,0.00,,0,,0,0.00,0.00,2500000.00
103576826,0000-00-00,0000-00-00,,,,0,0,0,0,0.00,0.00,0.00,0.00,0.00,0.00,,0,,0,0.00,0.00,2500000.00
103576828,0000-00-00,0000-00-00,,,,0,0,0,0,0.00,0.00,0.00,0.00,0.00,0.00,,0,,0,0.00,0.00,2500000.00
103576830,0000-00-00,0000-00-00,,,,0,0,0,0,0.00,0.00,0.00,0.00,0.00,0.00,,0,,0,0.00,0.00,25000.00
103674243,0000-00-00,0000-00-00,,,,0,0,0,0,0.00,0.00,0.00,0.00,0.00,0.00,,0,,0,0.00,0.00,2500000.00
103674245,0000-00-00,0000-00-00,,,,0,0,0,0,0.00,0.00,0.00,0.00,0.00,0.00,,0,,0,0.00,0.00,25000.00
103674247,0000-00-00,0000-00-00,,,,0,0,0,0,0.00,0.00,0.00,0.00,0.00,0.00,,0,,0,0.00,0.00,2500000.00
103693567,0000-00-00,0000-00-00,,,,0,0,0,0,0.00,0.00,0.00,0.00,0.00,0.00,,0,,0,0.00,0.00,2500000.00
103693569,0000-00-00,0000-00-00,,,,0,0,0,0,0.00,0.00,0.00,0.00,0.00,0.00,,0,,0,0.00,0.00,2500000.00
103693571,0000-00-00,0000-00-00,,,,0,0,0,0,0.00,0.00,0.00,0.00,0.00,0.00,,0,,0,0.00,0.00,25000.00
103700526,0000-00-00,0000-00-00,,,,0,0,0,0,0.00,0.00,0.00,0.00,0.00,0.00,,0,,0,0.00,0.00,2500000.00
103700528,0000-00-00,0000-00-00,,,,0,0,0,0,0.00,0.00,0.00,0.00,0.00,0.00,,0,,0,0.00,0.00,25000.00
103700530,0000-00-00,0000-00-00,,,,0,0,0,0,0.00,0.00,0.00,0.00,0.00,0.00,,0,,0,0.00,0.00,2500000.00
103723267,0000-00-00,0000-00-00,,,,0,0,0,0,0.00,0.00,0.00,0.00,0.00,0.00,,0,,0,0.00,0.00,2500000.00
103723269,0000-00-00,0000-00-00,,,,0,0,0,0,0.00,0.00,0.00,0.00,0.00,0.00,,0,,0,0.00,0.00,15000.00
103723271,0000-00-00,0000-00-00,,,,0,0,0,0,0.00,0.00,0.00,0.00,0.00,0.00,,0,,0,0.00,0.00,2500000.00
103727017,0000-00-00,0000-00-00,,,,0,0,0,0,0.00,0.00,0.00,0.00,0.00,0.00,,0,,0,0.00,0.00,2500000.00
103727019,0000-00-00,0000-00-00,,,,0,0,0,0,0.00,0.00,0.00,0.00,0.00,0.00,,0,,0,0.00,0.00,2500000.00
103727021,0000-00-00,0000-00-00,,,,0,0,0,0,0.00,0.00,0.00,0.00,0.00,0.00,,0,,0,0.00,0.00,25000.00
103729121,0000-00-00,0000-00-00,,,,0,0,0,0,0.00,0.00,0.00,0.00,0.00,0.00,,0,,0,0.00,0.00,2500000.00
103729123,0000-00-00,0000-00-00,,,,0,0,0,0,0.00,0.00,0.00,0.00,0.00,0.00,,0,,0,0.00,0.00,15000.00
103729125,0000-00-00,0000-00-00,,,,0,0,0,0,0.00,0.00,0.00,0.00,0.00,0.00,,0,,0,0.00,0.00,2500000.00
103743455,0000-00-00,0000-00-00,,,,0,0,0,0,0.00,0.00,0.00,0.00,0.00,0.00,,0,,0,0.00,0.00,2500000.00
103743457,0000-00-00,0000-00-00,,,,0,0,0,0,0.00,0.00,0.00,0.00,0.00,0.00,,0,,0,0.00,0.00,15000.00
103743459,0000-00-00,0000-00-00,,,,0,0,0,0,0.00,0.00,0.00,0.00,0.00,0.00,,0,,0,0.00,0.00,2500000.00
103751173,0000-00-00,0000-00-00,,,,0,0,0,0,0.00,0.00,0.00,0.00,0.00,0.00,,0,,0,0.00,0.00,2500000.00
103751175,0000-00-00,0000-00-00,,,,0,0,0,0,0.00,0.00,0.00,0.00,0.00,0.00,,0,,0,0.00,0.00,2500000.00
103751177,0000-00-00,0000-00-00,,,,0,0,0,0,0.00,0.00,0.00,0.00,0.00,0.00,,0,,0,0.00,0.00,25000.00
103758349,0000-00-00,0000-00-00,,,,0,0,0,0,0.00,0.00,0.00,0.00,0.00,0.00,,0,,0,0.00,0.00,2500000.00
103758351,0000-00-00,0000-00-00,,,,0,0,0,0,0.00,0.00,0.00,0.00,0.00,0.00,,0,,0,0.00,0.00,25000.00
103769286,0000-00-00,0000-00-00,,,,0,0,0,0,0.00,0.00,0.00,0.00,0.00,0.00,,0,,0,0.00,0.00,2500000.00
103769288,0000-00-00,0000-00-00,,,,0,0,0,0,0.00,0.00,0.00,0.00,0.00,0.00,,0,,0,0.00,0.00,25000.00
103769290,0000-00-00,0000-00-00,,,,0,0,0,0,0.00,0.00,0.00,0.00,0.00,0.00,,0,,0,0.00,0.00,2500000.00
103772160,0000-00-00,0000-00-00,,,,0,0,0,0,0.00,0.00,0.00,0.00,0.00,0.00,,0,,0,0.00,0.00,2500000.00
103772162,0000-00-00,0000-00-00,,,,0,0,0,0,0.00,0.00,0.00,0.00,0.00,0.00,,0,,0,0.00,0.00,2500000.00
103772164,0000-00-00,0000-00-00,,,,0,0,0,0,0.00,0.00,0.00,0.00,0.00,0.00,,0,,0,0.00,0.00,25000.00
103790645,0000-00-00,0000-00-00,,,,0,0,0,0,0.00,0.00,0.00,0.00,0.00,0.00,,0,,0,0.00,0.00,2500000.00
103790647,0000-00-00,0000-00-00,,,,0,0,0,0,0.00,0.00,0.00,0.00,0.00,0.00,,0,,0,0.00,0.00,25000.00
103790649,0000-00-00,0000-00-00,,,,0,0,0,0,0.00,0.00,0.00,0.00,0.00,0.00,,0,,0,0.00,0.00,2500000.00
103815446,0000-00-00,0000-00-00,,,,0,0,0,0,0.00,0.00,0.00,0.00,0.00,0.00,,0,,0,0.00,0.00,2500000.00
103815448,0000-00-00,0000-00-00,,,,0,0,0,0,0.00,0.00,0.00,0.00,0.00,0.00,,0,,0,0.00,0.00,15000.00
103815450,0000-00-00,0000-00-00,,,,0,0,0,0,0.00,0.00,0.00,0.00,0.00,0.00,,0,,0,0.00,0.00,2500000.00
103818341,0000-00-00,0000-00-00,,,,0,0,0,0,0.00,0.00,0.00,0.00,0.00,0.00,,0,,0,0.00,0.00,2500000.00
103818343,0000-00-00,0000-00-00,,,,0,0,0,0,0.00,0.00,0.00,0.00,0.00,0.00,,0,,0,0.00,0.00,15000.00
103818345,0000-00-00,0000-00-00,,,,0,0,0,0,0.00,0.00,0.00,0.00,0.00,0.00,,0,,0,0.00,0.00,2500000.00
103834186,0000-00-00,0000-00-00,,,,0,0,0,0,0.00,0.00,0.00,0.00,0.00,0.00,,0,,0,0.00,0.00,2500000.00
103834188,0000-00-00,0000-00-00,,,,0,0,0,0,0.00,0.00,0.00,0.00,0.00,0.00,,0,,0,0.00,0.00,25000.00
103834190,0000-00-00,0000-00-00,,,,0,0,0,0,0.00,0.00,0.00,0.00,0.00,0.00,,0,,0,0.00,0.00,2500000.00
103852721,0000-00-00,0000-00-00,,,,0,0,0,0,0.00,0.00,0.00,0.00,0.00,0.00,,0,,0,0.00,0.00,2500000.00
103852723,0000-00-00,0000-00-00,,,,0,0,0,0,0.00,0.00,0.00,0.00,0.00,0.00,,0,,0,0.00,0.00,25000.00
103852725,0000-00-00,0000-00-00,,,,0,0,0,0,0.00,0.00,0.00,0.00,0.00,0.00,,0,,0,0.00,0.00,2500000.00
103861139,0000-00-00,0000-00-00,,,,0,0,0,0,0.00,0.00,0.00,0.00,0.00,0.00,,0,,0,0.00,0.00,2500000.00
103861141,0000-00-00,0000-00-00,,,,0,0,0,0,0.00,0.00,0.00,0.00,0.00,0.00,,0,,0,0.00,0.00,25000.00
103861143,0000-00-00,0000-00-00,,,,0,0,0,0,0.00,0.00,0.00,0.00,0.00,0.00,,0,,0,0.00,0.00,2500000.00
103906049,0000-00-00,0000-00-00,,,,0,0,0,0,0.00,0.00,0.00,0.00,0.00,0.00,,0,,0,0.00,0.00,2500000.00
103906051,0000-00-00,0000-00-00,,,,0,0,0,0,0.00,0.00,0.00,0.00,0.00,0.00,,0,,0,0.00,0.00,25000.00
103906053,0000-00-00,0000-00-00,,,,0,0,0,0,0.00,0.00,0.00,0.00,0.00,0.00,,0,,0,0.00,0.00,2500000.00
103906076,0000-00-00,0000-00-00,,,,0,0,0,0,0.00,0.00,0.00,0.00,0.00,0.00,,0,,0,0.00,0.00,2500000.00
103906078,0000-00-00,0000-00-00,,,,0,0,0,0,0.00,0.00,0.00,0.00,0.00,0.00,,0,,0,0.00,0.00,25000.00
103906080,0000-00-00,0000-00-00,,,,0,0,0,0,0.00,0.00,0.00,0.00,0.00,0.00,,0,,0,0.00,0.00,2500000.00
103907059,0000-00-00,0000-00-00,,,,0,0,0,0,0.00,0.00,0.00,0.00,0.00,0.00,,0,,0,0.00,0.00,2500000.00
103907061,0000-00-00,0000-00-00,,,,0,0,0,0,0.00,0.00,0.00,0.00,0.00,0.00,,0,,0,0.00,0.00,25000.00
103907063,0000-00-00,0000-00-00,,,,0,0,0,0,0.00,0.00,0.00,0.00,0.00,0.00,,0,,0,0.00,0.00,2500000.00
103907727,0000-00-00,0000-00-00,,,,0,0,0,0,0.00,0.00,0.00,0.00,0.00,0.00,,0,,0,0.00,0.00,2500000.00
103907729,0000-00-00,0000-00-00,,,,0,0,0,0,0.00,0.00,0.00,0.00,0.00,0.00,,0,,0,0.00,0.00,2500000.00
103907731,0000-00-00,0000-00-00,,,,0,0,0,0,0.00,0.00,0.00,0.00,0.00,0.00,,0,,0,0.00,0.00,25000.00
103907893,0000-00-00,0000-00-00,,,,0,0,0,0,0.00,0.00,0.00,0.00,0.00,0.00,,0,,0,0.00,0.00,2500000.00
103907895,0000-00-00,0000-00-00,,,,0,0,0,0,0.00,0.00,0.00,0.00,0.00,0.00,,0,,0,0.00,0.00,25000.00
103907897,0000-00-00,0000-00-00,,,,0,0,0,0,0.00,0.00,0.00,0.00,0.00,0.00,,0,,0,0.00,0.00,2500000.00
103918725,0000-00-00,0000-00-00,,,,0,0,0,0,0.00,0.00,0.00,0.00,0.00,0.00,,0,,0,0.00,0.00,2500000.00
103918727,0000-00-00,0000-00-00,,,,0,0,0,0,0.00,0.00,0.00,0.00,0.00,0.00,,0,,0,0.00,0.00,25000.00
103918729,0000-00-00,0000-00-00,,,,0,0,0,0,0.00,0.00,0.00,0.00,0.00,0.00,,0,,0,0.00,0.00,2500000.00
103928675,0000-00-00,0000-00-00,,,,0,0,0,0,0.00,51499.19,0.00,0.00,0.00,0.00,,0,,0,0.00,0.00,0.00
103928681,0000-00-00,0000-00-00,,,,0,0,0,0,0.00,0.00,0.00,0.00,0.00,0.00,,0,,0,0.00,0.00,2574.95
103928707,0000-00-00,0000-00-00,,,,0,0,0,0,0.00,51499.19,0.00,0.00,0.00,0.00,,0,,0,0.00,0.00,0.00
103928713,0000-00-00,0000-00-00,,,,0,0,0,0,0.00,0.00,0.00,0.00,0.00,0.00,,0,,0,0.00,0.00,2574.95
103958865,0000-00-00,0000-00-00,,,,0,0,0,0,0.00,0.00,0.00,0.00,0.00,0.00,,0,,0,0.00,0.00,2500000.00
103958867,0000-00-00,0000-00-00,,,,0,0,0,0,0.00,0.00,0.00,0.00,0.00,0.00,,0,,0,0.00,0.00,2500000.00
103958869,0000-00-00,0000-00-00,,,,0,0,0,0,0.00,0.00,0.00,0.00,0.00,0.00,,0,,0,0.00,0.00,25000.00
104061531,0000-00-00,0000-00-00,,,,0,0,0,0,0.00,0.00,0.00,0.00,0.00,0.00,,0,,0,0.00,0.00,2500000.00
104061533,0000-00-00,0000-00-00,,,,0,0,0,0,0.00,0.00,0.00,0.00,0.00,0.00,,0,,0,0.00,0.00,25000.00
104061535,0000-00-00,0000-00-00,,,,0,0,0,0,0.00,0.00,0.00,0.00,0.00,0.00,,0,,0,0.00,0.00,2500000.00
104107789,0000-00-00,0000-00-00,,,,0,0,0,0,0.00,0.00,0.00,0.00,0.00,0.00,,0,,0,0.00,0.00,2500000.00
104107791,0000-00-00,0000-00-00,,,,0,0,0,0,0.00,0.00,0.00,0.00,0.00,0.00,,0,,0,0.00,0.00,2500000.00
104107793,0000-00-00,0000-00-00,,,,0,0,0,0,0.00,0.00,0.00,0.00,0.00,0.00,,0,,0,0.00,0.00,25000.00
104136887,0000-00-00,0000-00-00,,,,0,0,0,0,0.00,0.00,0.00,0.00,0.00,0.00,,0,,0,0.00,0.00,3000000.00
104136889,0000-00-00,0000-00-00,,,,0,0,0,0,0.00,0.00,0.00,0.00,0.00,0.00,,0,,0,0.00,0.00,25000.00
104136891,0000-00-00,0000-00-00,,,,0,0,0,0,0.00,0.00,0.00,0.00,0.00,0.00,,0,,0,0.00,0.00,3000000.00
104138111,0000-00-00,0000-00-00,,,,0,0,0,0,0.00,0.00,0.00,0.00,0.00,0.00,,0,,0,0.00,0.00,2500000.00
104138113,0000-00-00,0000-00-00,,,,0,0,0,0,0.00,0.00,0.00,0.00,0.00,0.00,,0,,0,0.00,0.00,25000.00
104138115,0000-00-00,0000-00-00,,,,0,0,0,0,0.00,0.00,0.00,0.00,0.00,0.00,,0,,0,0.00,0.00,2500000.00
104138151,0000-00-00,0000-00-00,,,,0,0,0,0,0.00,0.00,0.00,0.00,0.00,0.00,,0,,0,0.00,0.00,2500000.00
104138153,0000-00-00,0000-00-00,,,,0,0,0,0,0.00,0.00,0.00,0.00,0.00,0.00,,0,,0,0.00,0.00,25000.00
104138155,0000-00-00,0000-00-00,,,,0,0,0,0,0.00,0.00,0.00,0.00,0.00,0.00,,0,,0,0.00,0.00,2500000.00
104141539,0000-00-00,0000-00-00,,,,0,0,0,0,0.00,0.00,0.00,0.00,0.00,0.00,,0,,0,0.00,0.00,2500000.00
104141541,0000-00-00,0000-00-00,,,,0,0,0,0,0.00,0.00,0.00,0.00,0.00,0.00,,0,,0,0.00,0.00,25000.00
104141543,0000-00-00,0000-00-00,,,,0,0,0,0,0.00,0.00,0.00,0.00,0.00,0.00,,0,,0,0.00,0.00,2500000.00
104153719,0000-00-00,0000-00-00,,,,0,0,0,0,0.00,0.00,0.00,0.00,0.00,0.00,,0,,0,0.00,0.00,2500000.00
104153721,0000-00-00,0000-00-00,,,,0,0,0,0,0.00,0.00,0.00,0.00,0.00,0.00,,0,,0,0.00,0.00,25000.00
104153723,0000-00-00,0000-00-00,,,,0,0,0,0,0.00,0.00,0.00,0.00,0.00,0.00,,0,,0,0.00,0.00,2500000.00
104177704,0000-00-00,0000-00-00,,,,0,0,0,0,0.00,0.00,0.00,0.00,0.00,0.00,,0,,0,0.00,0.00,2500000.00
104177706,0000-00-00,0000-00-00,,,,0,0,0,0,0.00,0.00,0.00,0.00,0.00,0.00,,0,,0,0.00,0.00,25000.00
104177708,0000-00-00,0000-00-00,,,,0,0,0,0,0.00,0.00,0.00,0.00,0.00,0.00,,0,,0,0.00,0.00,2500000.00
104180689,0000-00-00,0000-00-00,,,,0,0,0,0,0.00,0.00,0.00,0.00,0.00,0.00,,0,,0,0.00,0.00,2500000.00
104180691,0000-00-00,0000-00-00,,,,0,0,0,0,0.00,0.00,0.00,0.00,0.00,0.00,,0,,0,0.00,0.00,15000.00
104180693,0000-00-00,0000-00-00,,,,0,0,0,0,0.00,0.00,0.00,0.00,0.00,0.00,,0,,0,0.00,0.00,2500000.00
104224984,0000-00-00,0000-00-00,,,,0,0,0,0,0.00,0.00,0.00,0.00,0.00,0.00,,0,,0,0.00,0.00,2500000.00
104224986,0000-00-00,0000-00-00,,,,0,0,0,0,0.00,0.00,0.00,0.00,0.00,0.00,,0,,0,0.00,0.00,25000.00
104224988,0000-00-00,0000-00-00,,,,0,0,0,0,0.00,0.00,0.00,0.00,0.00,0.00,,0,,0,0.00,0.00,2500000.00
104235414,0000-00-00,0000-00-00,,,,0,0,0,0,0.00,0.00,0.00,0.00,0.00,0.00,,0,,0,0.00,0.00,2500000.00
104235416,0000-00-00,0000-00-00,,,,0,0,0,0,0.00,0.00,0.00,0.00,0.00,0.00,,0,,0,0.00,0.00,15000.00
104235418,0000-00-00,0000-00-00,,,,0,0,0,0,0.00,0.00,0.00,0.00,0.00,0.00,,0,,0,0.00,0.00,2500000.00
104235493,0000-00-00,0000-00-00,,,,0,0,0,0,0.00,0.00,0.00,0.00,0.00,0.00,,0,,0,0.00,0.00,2500000.00
104235495,0000-00-00,0000-00-00,,,,0,0,0,0,0.00,0.00,0.00,0.00,0.00,0.00,,0,,0,0.00,0.00,25000.00
104235497,0000-00-00,0000-00-00,,,,0,0,0,0,0.00,0.00,0.00,0.00,0.00,0.00,,0,,0,0.00,0.00,2500000.00
104235659,0000-00-00,0000-00-00,,,,0,0,0,0,0.00,0.00,0.00,0.00,0.00,0.00,,0,,0,0.00,0.00,2500000.00
104235661,0000-00-00,0000-00-00,,,,0,0,0,0,0.00,0.00,0.00,0.00,0.00,0.00,,0,,0,0.00,0.00,25000.00
104235663,0000-00-00,0000-00-00,,,,0,0,0,0,0.00,0.00,0.00,0.00,0.00,0.00,,0,,0,0.00,0.00,2500000.00
104236923,0000-00-00,0000-00-00,,,,0,0,0,0,0.00,0.00,0.00,0.00,0.00,0.00,,0,,0,0.00,0.00,2500000.00
104236925,0000-00-00,0000-00-00,,,,0,0,0,0,0.00,0.00,0.00,0.00,0.00,0.00,,0,,0,0.00,0.00,25000.00
104236927,0000-00-00,0000-00-00,,,,0,0,0,0,0.00,0.00,0.00,0.00,0.00,0.00,,0,,0,0.00,0.00,2500000.00
104238546,0000-00-00,0000-00-00,,,,0,0,0,0,0.00,0.00,0.00,0.00,0.00,0.00,,0,,0,0.00,0.00,2500000.00
104238548,0000-00-00,0000-00-00,,,,0,0,0,0,0.00,0.00,0.00,0.00,0.00,0.00,,0,,0,0.00,0.00,2500000.00
104238550,0000-00-00,0000-00-00,,,,0,0,0,0,0.00,0.00,0.00,0.00,0.00,0.00,,0,,0,0.00,0.00,25000.00
104238630,0000-00-00,0000-00-00,,,,0,0,0,0,0.00,0.00,0.00,0.00,0.00,0.00,,0,,0,0.00,0.00,2500000.00
104238632,0000-00-00,0000-00-00,,,,0,0,0,0,0.00,0.00,0.00,0.00,0.00,0.00,,0,,0,0.00,0.00,25000.00
104238634,0000-00-00,0000-00-00,,,,0,0,0,0,0.00,0.00,0.00,0.00,0.00,0.00,,0,,0,0.00,0.00,2500000.00
104238636,0000-00-00,0000-00-00,,,,0,0,0,0,0.00,0.00,0.00,0.00,0.00,0.00,,0,,0,0.00,0.00,2500000.00
104238638,0000-00-00,0000-00-00,,,,0,0,0,0,0.00,0.00,0.00,0.00,0.00,0.00,,0,,0,0.00,0.00,25000.00
104238654,0000-00-00,0000-00-00,,,,0,0,0,0,0.00,0.00,0.00,0.00,0.00,0.00,,0,,0,0.00,0.00,2500000.00
104238656,0000-00-00,0000-00-00,,,,0,0,0,0,0.00,0.00,0.00,0.00,0.00,0.00,,0,,0,0.00,0.00,2500000.00
104238658,0000-00-00,0000-00-00,,,,0,0,0,0,0.00,0.00,0.00,0.00,0.00,0.00,,0,,0,0.00,0.00,25000.00
104272184,0000-00-00,0000-00-00,,,,0,0,0,0,0.00,0.00,0.00,0.00,0.00,0.00,,0,,0,0.00,0.00,2500000.00
104272186,0000-00-00,0000-00-00,,,,0,0,0,0,0.00,0.00,0.00,0.00,0.00,0.00,,0,,0,0.00,0.00,2500000.00
104272188,0000-00-00,0000-00-00,,,,0,0,0,0,0.00,0.00,0.00,0.00,0.00,0.00,,0,,0,0.00,0.00,25000.00
104289500,0000-00-00,0000-00-00,,,,0,0,0,0,0.00,0.00,0.00,0.00,0.00,0.00,,0,,0,0.00,0.00,2500000.00
104289502,0000-00-00,0000-00-00,,,,0,0,0,0,0.00,0.00,0.00,0.00,0.00,0.00,,0,,0,0.00,0.00,2500000.00
104289504,0000-00-00,0000-00-00,,,,0,0,0,0,0.00,0.00,0.00,0.00,0.00,0.00,,0,,0,0.00,0.00,25000.00
104328821,0000-00-00,0000-00-00,,,,0,0,0,0,0.00,0.00,0.00,0.00,0.00,0.00,,0,,0,0.00,0.00,2500000.00
104328823,0000-00-00,0000-00-00,,,,0,0,0,0,0.00,0.00,0.00,0.00,0.00,0.00,,0,,0,0.00,0.00,25000.00
104328825,0000-00-00,0000-00-00,,,,0,0,0,0,0.00,0.00,0.00,0.00,0.00,0.00,,0,,0,0.00,0.00,2500000.00
104356285,0000-00-00,0000-00-00,,,,0,0,0,0,0.00,0.00,0.00,0.00,0.00,0.00,,0,,0,0.00,0.00,2500000.00
104356287,0000-00-00,0000-00-00,,,,0,0,0,0,0.00,0.00,0.00,0.00,0.00,0.00,,0,,0,0.00,0.00,25000.00
104356289,0000-00-00,0000-00-00,,,,0,0,0,0,0.00,0.00,0.00,0.00,0.00,0.00,,0,,0,0.00,0.00,2500000.00
104362114,0000-00-00,0000-00-00,,,,0,0,0,0,0.00,0.00,0.00,0.00,0.00,0.00,,0,,0,0.00,0.00,2500000.00
104362116,0000-00-00,0000-00-00,,,,0,0,0,0,0.00,0.00,0.00,0.00,0.00,0.00,,0,,0,0.00,0.00,2500000.00
104362118,0000-00-00,0000-00-00,,,,0,0,0,0,0.00,0.00,0.00,0.00,0.00,0.00,,0,,0,0.00,0.00,25000.00
104375661,0000-00-00,0000-00-00,,,,0,0,0,0,0.00,0.00,0.00,0.00,0.00,0.00,,0,,0,0.00,0.00,2500000.00
104375663,0000-00-00,0000-00-00,,,,0,0,0,0,0.00,0.00,0.00,0.00,0.00,0.00,,0,,0,0.00,0.00,25000.00
104375665,0000-00-00,0000-00-00,,,,0,0,0,0,0.00,0.00,0.00,0.00,0.00,0.00,,0,,0,0.00,0.00,2500000.00
104377635,0000-00-00,0000-00-00,,,,0,0,0,0,0.00,0.00,0.00,0.00,0.00,0.00,,0,,0,0.00,0.00,2500000.00
104377637,0000-00-00,0000-00-00,,,,0,0,0,0,0.00,0.00,0.00,0.00,0.00,0.00,,0,,0,0.00,0.00,25000.00
104377639,0000-00-00,0000-00-00,,,,0,0,0,0,0.00,0.00,0.00,0.00,0.00,0.00,,0,,0,0.00,0.00,2500000.00
104385895,0000-00-00,0000-00-00,,,,0,0,0,0,0.00,0.00,0.00,0.00,0.00,0.00,,0,,0,0.00,0.00,2500000.00
104385897,0000-00-00,0000-00-00,,,,0,0,0,0,0.00,0.00,0.00,0.00,0.00,0.00,,0,,0,0.00,0.00,25000.00
104385899,0000-00-00,0000-00-00,,,,0,0,0,0,0.00,0.00,0.00,0.00,0.00,0.00,,0,,0,0.00,0.00,2500000.00
104394453,0000-00-00,0000-00-00,,,,0,0,0,0,0.00,25728.10,0.00,0.00,0.00,0.00,,0,,0,0.00,0.00,0.00
104394459,0000-00-00,0000-00-00,,,,0,0,0,0,0.00,0.00,0.00,0.00,0.00,0.00,,0,,0,0.00,0.00,2572.81
104396204,0000-00-00,0000-00-00,,,,0,0,0,0,0.00,0.00,0.00,0.00,0.00,0.00,,0,,0,0.00,0.00,2500000.00
104396206,0000-00-00,0000-00-00,,,,0,0,0,0,0.00,0.00,0.00,0.00,0.00,0.00,,0,,0,0.00,0.00,25000.00
104398825,0000-00-00,0000-00-00,,,,0,0,0,0,0.00,0.00,0.00,0.00,0.00,0.00,,0,,0,0.00,0.00,2500000.00
104398827,0000-00-00,0000-00-00,,,,0,0,0,0,0.00,0.00,0.00,0.00,0.00,0.00,,0,,0,0.00,0.00,25000.00
104398829,0000-00-00,0000-00-00,,,,0,0,0,0,0.00,0.00,0.00,0.00,0.00,0.00,,0,,0,0.00,0.00,2500000.00
104400208,0000-00-00,0000-00-00,,,,0,0,0,0,0.00,0.00,0.00,0.00,0.00,0.00,,0,,0,0.00,0.00,2500000.00
104400210,0000-00-00,0000-00-00,,,,0,0,0,0,0.00,0.00,0.00,0.00,0.00,0.00,,0,,0,0.00,0.00,25000.00
104400212,0000-00-00,0000-00-00,,,,0,0,0,0,0.00,0.00,0.00,0.00,0.00,0.00,,0,,0,0.00,0.00,2500000.00
104411533,0000-00-00,0000-00-00,,,,0,0,0,0,0.00,0.00,0.00,0.00,0.00,0.00,,0,,0,0.00,0.00,2500000.00
104411535,0000-00-00,0000-00-00,,,,0,0,0,0,0.00,0.00,0.00,0.00,0.00,0.00,,0,,0,0.00,0.00,25000.00
104411537,0000-00-00,0000-00-00,,,,0,0,0,0,0.00,0.00,0.00,0.00,0.00,0.00,,0,,0,0.00,0.00,2500000.00
104424596,0000-00-00,0000-00-00,,,,0,0,0,0,0.00,0.00,0.00,0.00,0.00,0.00,,0,,0,0.00,0.00,2500000.00
104424598,0000-00-00,0000-00-00,,,,0,0,0,0,0.00,0.00,0.00,0.00,0.00,0.00,,0,,0,0.00,0.00,2500000.00
104424600,0000-00-00,0000-00-00,,,,0,0,0,0,0.00,0.00,0.00,0.00,0.00,0.00,,0,,0,0.00,0.00,25000.00
104428356,0000-00-00,0000-00-00,,,,0,0,0,0,0.00,0.00,0.00,0.00,0.00,0.00,,0,,0,0.00,0.00,2500000.00
104428358,0000-00-00,0000-00-00,,,,0,0,0,0,0.00,0.00,0.00,0.00,0.00,0.00,,0,,0,0.00,0.00,25000.00
104428360,0000-00-00,0000-00-00,,,,0,0,0,0,0.00,0.00,0.00,0.00,0.00,0.00,,0,,0,0.00,0.00,2500000.00
104431005,0000-00-00,0000-00-00,,,,0,0,0,0,0.00,0.00,0.00,0.00,0.00,0.00,,0,,0,0.00,0.00,2500000.00
104431007,0000-00-00,0000-00-00,,,,0,0,0,0,0.00,0.00,0.00,0.00,0.00,0.00,,0,,0,0.00,0.00,25000.00
104431009,0000-00-00,0000-00-00,,,,0,0,0,0,0.00,0.00,0.00,0.00,0.00,0.00,,0,,0,0.00,0.00,2500000.00
104435190,0000-00-00,0000-00-00,,,,0,0,0,0,0.00,0.00,0.00,0.00,0.00,0.00,,0,,0,0.00,0.00,2500000.00
104435192,0000-00-00,0000-00-00,,,,0,0,0,0,0.00,0.00,0.00,0.00,0.00,0.00,,0,,0,0.00,0.00,15000.00
104435194,0000-00-00,0000-00-00,,,,0,0,0,0,0.00,0.00,0.00,0.00,0.00,0.00,,0,,0,0.00,0.00,2500000.00
104441103,0000-00-00,0000-00-00,,,,0,0,0,0,0.00,0.00,0.00,0.00,0.00,0.00,,0,,0,0.00,0.00,2500000.00
104441105,0000-00-00,0000-00-00,,,,0,0,0,0,0.00,0.00,0.00,0.00,0.00,0.00,,0,,0,0.00,0.00,25000.00
104441107,0000-00-00,0000-00-00,,,,0,0,0,0,0.00,0.00,0.00,0.00,0.00,0.00,,0,,0,0.00,0.00,2500000.00
104446899,0000-00-00,0000-00-00,,,,0,0,0,0,0.00,0.00,0.00,0.00,0.00,0.00,,0,,0,0.00,0.00,2500000.00
104446901,0000-00-00,0000-00-00,,,,0,0,0,0,0.00,0.00,0.00,0.00,0.00,0.00,,0,,0,0.00,0.00,25000.00
104446903,0000-00-00,0000-00-00,,,,0,0,0,0,0.00,0.00,0.00,0.00,0.00,0.00,,0,,0,0.00,0.00,2500000.00
104482510,0000-00-00,0000-00-00,,,,0,0,0,0,0.00,0.00,0.00,0.00,0.00,0.00,,0,,0,0.00,0.00,2500000.00
104482512,0000-00-00,0000-00-00,,,,0,0,0,0,0.00,0.00,0.00,0.00,0.00,0.00,,0,,0,0.00,0.00,25000.00
104482514,0000-00-00,0000-00-00,,,,0,0,0,0,0.00,0.00,0.00,0.00,0.00,0.00,,0,,0,0.00,0.00,2500000.00
104518609,0000-00-00,0000-00-00,,,,0,0,0,0,0.00,0.00,0.00,0.00,0.00,0.00,,0,,0,0.00,0.00,2500000.00
104518611,0000-00-00,0000-00-00,,,,0,0,0,0,0.00,0.00,0.00,0.00,0.00,0.00,,0,,0,0.00,0.00,25000.00
104518613,0000-00-00,0000-00-00,,,,0,0,0,0,0.00,0.00,0.00,0.00,0.00,0.00,,0,,0,0.00,0.00,2500000.00
104531651,0000-00-00,0000-00-00,,,,0,0,0,0,0.00,0.00,0.00,0.00,0.00,0.00,,0,,0,0.00,0.00,2500000.00
104531653,0000-00-00,0000-00-00,,,,0,0,0,0,0.00,0.00,0.00,0.00,0.00,0.00,,0,,0,0.00,0.00,25000.00
104531655,0000-00-00,0000-00-00,,,,0,0,0,0,0.00,0.00,0.00,0.00,0.00,0.00,,0,,0,0.00,0.00,2500000.00
104532081,0000-00-00,0000-00-00,,,,0,0,0,0,0.00,0.00,0.00,0.00,0.00,0.00,,0,,0,0.00,0.00,2500000.00
104532083,0000-00-00,0000-00-00,,,,0,0,0,0,0.00,0.00,0.00,0.00,0.00,0.00,,0,,0,0.00,0.00,25000.00
104532085,0000-00-00,0000-00-00,,,,0,0,0,0,0.00,0.00,0.00,0.00,0.00,0.00,,0,,0,0.00,0.00,2500000.00
104532891,0000-00-00,0000-00-00,,,,0,0,0,0,0.00,0.00,0.00,0.00,0.00,0.00,,0,,0,0.00,0.00,2500000.00
104532893,0000-00-00,0000-00-00,,,,0,0,0,0,0.00,0.00,0.00,0.00,0.00,0.00,,0,,0,0.00,0.00,25000.00
104532895,0000-00-00,0000-00-00,,,,0,0,0,0,0.00,0.00,0.00,0.00,0.00,0.00,,0,,0,0.00,0.00,2500000.00
104532949,0000-00-00,0000-00-00,,,,0,0,0,0,0.00,0.00,0.00,0.00,0.00,0.00,,0,,0,0.00,0.00,2500000.00
104532951,0000-00-00,0000-00-00,,,,0,0,0,0,0.00,0.00,0.00,0.00,0.00,0.00,,0,,0,0.00,0.00,2500000.00
104532953,0000-00-00,0000-00-00,,,,0,0,0,0,0.00,0.00,0.00,0.00,0.00,0.00,,0,,0,0.00,0.00,25000.00
104556172,0000-00-00,0000-00-00,,,,0,0,0,0,0.00,0.00,0.00,0.00,0.00,0.00,,0,,0,0.00,0.00,2500000.00
104556174,0000-00-00,0000-00-00,,,,0,0,0,0,0.00,0.00,0.00,0.00,0.00,0.00,,0,,0,0.00,0.00,25000.00
104556176,0000-00-00,0000-00-00,,,,0,0,0,0,0.00,0.00,0.00,0.00,0.00,0.00,,0,,0,0.00,0.00,2500000.00
104559785,0000-00-00,0000-00-00,,,,0,0,0,0,0.00,0.00,0.00,0.00,0.00,0.00,,0,,0,0.00,0.00,2500000.00
104559787,0000-00-00,0000-00-00,,,,0,0,0,0,0.00,0.00,0.00,0.00,0.00,0.00,,0,,0,0.00,0.00,25000.00
104559789,0000-00-00,0000-00-00,,,,0,0,0,0,0.00,0.00,0.00,0.00,0.00,0.00,,0,,0,0.00,0.00,2500000.00
104570719,0000-00-00,0000-00-00,,,,0,0,0,0,0.00,0.00,0.00,0.00,0.00,0.00,,0,,0,0.00,0.00,2500000.00
104570721,0000-00-00,0000-00-00,,,,0,0,0,0,0.00,0.00,0.00,0.00,0.00,0.00,,0,,0,0.00,0.00,25000.00
104570723,0000-00-00,0000-00-00,,,,0,0,0,0,0.00,0.00,0.00,0.00,0.00,0.00,,0,,0,0.00,0.00,2500000.00
104602895,0000-00-00,0000-00-00,,,,0,0,0,0,0.00,0.00,0.00,0.00,0.00,0.00,,0,,0,0.00,0.00,2500000.00
104602897,0000-00-00,0000-00-00,,,,0,0,0,0,0.00,0.00,0.00,0.00,0.00,0.00,,0,,0,0.00,0.00,25000.00
104602899,0000-00-00,0000-00-00,,,,0,0,0,0,0.00,0.00,0.00,0.00,0.00,0.00,,0,,0,0.00,0.00,2500000.00
104632408,0000-00-00,0000-00-00,,,,0,0,0,0,0.00,0.00,0.00,0.00,0.00,0.00,,0,,0,0.00,0.00,2500000.00
104632410,0000-00-00,0000-00-00,,,,0,0,0,0,0.00,0.00,0.00,0.00,0.00,0.00,,0,,0,0.00,0.00,2500000.00
104632412,0000-00-00,0000-00-00,,,,0,0,0,0,0.00,0.00,0.00,0.00,0.00,0.00,,0,,0,0.00,0.00,25000.00
104633826,0000-00-00,0000-00-00,,,,0,0,0,0,0.00,0.00,0.00,0.00,0.00,0.00,,0,,0,0.00,0.00,2500000.00
104633828,0000-00-00,0000-00-00,,,,0,0,0,0,0.00,0.00,0.00,0.00,0.00,0.00,,0,,0,0.00,0.00,25000.00
104633830,0000-00-00,0000-00-00,,,,0,0,0,0,0.00,0.00,0.00,0.00,0.00,0.00,,0,,0,0.00,0.00,2500000.00
104636999,0000-00-00,0000-00-00,,,,0,0,0,0,0.00,0.00,0.00,0.00,0.00,0.00,,0,,0,0.00,0.00,2500000.00
104637001,0000-00-00,0000-00-00,,,,0,0,0,0,0.00,0.00,0.00,0.00,0.00,0.00,,0,,0,0.00,0.00,25000.00
104637003,0000-00-00,0000-00-00,,,,0,0,0,0,0.00,0.00,0.00,0.00,0.00,0.00,,0,,0,0.00,0.00,2500000.00
104650905,0000-00-00,0000-00-00,,,,0,0,0,0,0.00,0.00,0.00,0.00,0.00,0.00,,0,,0,0.00,0.00,2500000.00
104650907,0000-00-00,0000-00-00,,,,0,0,0,0,0.00,0.00,0.00,0.00,0.00,0.00,,0,,0,0.00,0.00,25000.00
104650909,0000-00-00,0000-00-00,,,,0,0,0,0,0.00,0.00,0.00,0.00,0.00,0.00,,0,,0,0.00,0.00,2500000.00
104678292,0000-00-00,0000-00-00,,,,0,0,0,0,0.00,0.00,0.00,0.00,0.00,0.00,,0,,0,0.00,0.00,2500000.00
104678294,0000-00-00,0000-00-00,,,,0,0,0,0,0.00,0.00,0.00,0.00,0.00,0.00,,0,,0,0.00,0.00,25000.00
104678296,0000-00-00,0000-00-00,,,,0,0,0,0,0.00,0.00,0.00,0.00,0.00,0.00,,0,,0,0.00,0.00,2500000.00
104691669,0000-00-00,0000-00-00,,,,0,0,0,0,0.00,0.00,0.00,0.00,0.00,0.00,,0,,0,0.00,0.00,2500000.00
104691671,0000-00-00,0000-00-00,,,,0,0,0,0,0.00,0.00,0.00,0.00,0.00,0.00,,0,,0,0.00,0.00,2500000.00
104691673,0000-00-00,0000-00-00,,,,0,0,0,0,0.00,0.00,0.00,0.00,0.00,0.00,,0,,0,0.00,0.00,25000.00
104691911,0000-00-00,0000-00-00,,,,0,0,0,0,0.00,0.00,0.00,0.00,0.00,0.00,,0,,0,0.00,0.00,2500000.00
104691913,0000-00-00,0000-00-00,,,,0,0,0,0,0.00,0.00,0.00,0.00,0.00,0.00,,0,,0,0.00,0.00,25000.00
104691915,0000-00-00,0000-00-00,,,,0,0,0,0,0.00,0.00,0.00,0.00,0.00,0.00,,0,,0,0.00,0.00,2500000.00
104711276,0000-00-00,0000-00-00,,,,0,0,0,0,0.00,0.00,0.00,0.00,0.00,0.00,,0,,0,0.00,0.00,2500000.00
104711278,0000-00-00,0000-00-00,,,,0,0,0,0,0.00,0.00,0.00,0.00,0.00,0.00,,0,,0,0.00,0.00,25000.00
104711280,0000-00-00,0000-00-00,,,,0,0,0,0,0.00,0.00,0.00,0.00,0.00,0.00,,0,,0,0.00,0.00,2500000.00
104722224,0000-00-00,0000-00-00,,,,0,0,0,0,0.00,0.00,0.00,0.00,0.00,0.00,,0,,0,0.00,0.00,2500000.00
104722226,0000-00-00,0000-00-00,,,,0,0,0,0,0.00,0.00,0.00,0.00,0.00,0.00,,0,,0,0.00,0.00,15000.00
104722228,0000-00-00,0000-00-00,,,,0,0,0,0,0.00,0.00,0.00,0.00,0.00,0.00,,0,,0,0.00,0.00,2500000.00
104722375,0000-00-00,0000-00-00,,,,0,0,0,0,0.00,0.00,0.00,0.00,0.00,0.00,,0,,0,0.00,0.00,2500000.00
104748034,0000-00-00,0000-00-00,,,,0,0,0,0,0.00,0.00,0.00,0.00,0.00,0.00,,0,,0,0.00,0.00,2500000.00
104748036,0000-00-00,0000-00-00,,,,0,0,0,0,0.00,0.00,0.00,0.00,0.00,0.00,,0,,0,0.00,0.00,25000.00
104748038,0000-00-00,0000-00-00,,,,0,0,0,0,0.00,0.00,0.00,0.00,0.00,0.00,,0,,0,0.00,0.00,2500000.00
104749353,0000-00-00,0000-00-00,,,,0,0,0,0,0.00,32591.13,0.00,0.00,0.00,0.00,,0,,0,0.00,0.00,0.00
104749359,0000-00-00,0000-00-00,,,,0,0,0,0,0.00,0.00,0.00,0.00,0.00,0.00,,0,,0,0.00,0.00,3259.11
104749361,0000-00-00,0000-00-00,,,,0,0,0,0,0.00,32591.13,0.00,0.00,0.00,0.00,,0,,0,0.00,0.00,0.00
104749367,0000-00-00,0000-00-00,,,,0,0,0,0,0.00,0.00,0.00,0.00,0.00,0.00,,0,,0,0.00,0.00,3259.11
104814791,0000-00-00,0000-00-00,,,,0,0,0,0,0.00,0.00,0.00,0.00,0.00,0.00,,0,,0,0.00,0.00,2500000.00
104814793,0000-00-00,0000-00-00,,,,0,0,0,0,0.00,0.00,0.00,0.00,0.00,0.00,,0,,0,0.00,0.00,25000.00
104814795,0000-00-00,0000-00-00,,,,0,0,0,0,0.00,0.00,0.00,0.00,0.00,0.00,,0,,0,0.00,0.00,2500000.00
104814975,0000-00-00,0000-00-00,,,,0,0,0,0,0.00,0.00,0.00,0.00,0.00,0.00,,0,,0,0.00,0.00,2500000.00
104814977,0000-00-00,0000-00-00,,,,0,0,0,0,0.00,0.00,0.00,0.00,0.00,0.00,,0,,0,0.00,0.00,25000.00
104814979,0000-00-00,0000-00-00,,,,0,0,0,0,0.00,0.00,0.00,0.00,0.00,0.00,,0,,0,0.00,0.00,2500000.00
104972641,0000-00-00,0000-00-00,,,,0,0,0,0,0.00,0.00,0.00,0.00,0.00,0.00,,0,,0,0.00,0.00,2500000.00
104972643,0000-00-00,0000-00-00,,,,0,0,0,0,0.00,0.00,0.00,0.00,0.00,0.00,,0,,0,0.00,0.00,25000.00
104972645,0000-00-00,0000-00-00,,,,0,0,0,0,0.00,0.00,0.00,0.00,0.00,0.00,,0,,0,0.00,0.00,2500000.00
104972707,0000-00-00,0000-00-00,,,,0,0,0,0,0.00,0.00,0.00,0.00,0.00,0.00,,0,,0,0.00,0.00,2500000.00
104972709,0000-00-00,0000-00-00,,,,0,0,0,0,0.00,0.00,0.00,0.00,0.00,0.00,,0,,0,0.00,0.00,25000.00
104972711,0000-00-00,0000-00-00,,,,0,0,0,0,0.00,0.00,0.00,0.00,0.00,0.00,,0,,0,0.00,0.00,2500000.00
104985585,0000-00-00,0000-00-00,,,,0,0,0,0,0.00,0.00,0.00,0.00,0.00,0.00,,0,,0,0.00,0.00,2500000.00
104985587,0000-00-00,0000-00-00,,,,0,0,0,0,0.00,0.00,0.00,0.00,0.00,0.00,,0,,0,0.00,0.00,25000.00
104985589,0000-00-00,0000-00-00,,,,0,0,0,0,0.00,0.00,0.00,0.00,0.00,0.00,,0,,0,0.00,0.00,2500000.00
104989811,0000-00-00,0000-00-00,,,,0,0,0,0,0.00,54600.00,0.00,0.00,0.00,0.00,,0,,0,0.00,0.00,0.00
104989817,0000-00-00,0000-00-00,,,,0,0,0,0,0.00,0.00,0.00,0.00,0.00,0.00,,0,,0,0.00,0.00,5460.00
104991645,0000-00-00,0000-00-00,,,,0,0,0,0,0.00,25000.00,0.00,0.00,0.00,0.00,,0,,0,0.00,0.00,0.00
104991649,0000-00-00,0000-00-00,,,,0,0,0,0,0.00,0.00,0.00,0.00,0.00,0.00,,0,,0,0.00,0.00,2500.00
104998645,0000-00-00,0000-00-00,,,,0,0,0,0,0.00,0.00,0.00,0.00,0.00,0.00,,0,,0,0.00,0.00,2500000.00
104998647,0000-00-00,0000-00-00,,,,0,0,0,0,0.00,0.00,0.00,0.00,0.00,0.00,,0,,0,0.00,0.00,25000.00
104998649,0000-00-00,0000-00-00,,,,0,0,0,0,0.00,0.00,0.00,0.00,0.00,0.00,,0,,0,0.00,0.00,2500000.00
105017562,0000-00-00,0000-00-00,,,,0,0,0,0,0.00,0.00,0.00,0.00,0.00,0.00,,0,,0,0.00,0.00,2500000.00
105017564,0000-00-00,0000-00-00,,,,0,0,0,0,0.00,0.00,0.00,0.00,0.00,0.00,,0,,0,0.00,0.00,25000.00
105017566,0000-00-00,0000-00-00,,,,0,0,0,0,0.00,0.00,0.00,0.00,0.00,0.00,,0,,0,0.00,0.00,2500000.00
105024181,0000-00-00,0000-00-00,,,,0,0,0,0,0.00,0.00,0.00,0.00,0.00,0.00,,0,,0,0.00,0.00,2500000.00
105024183,0000-00-00,0000-00-00,,,,0,0,0,0,0.00,0.00,0.00,0.00,0.00,0.00,,0,,0,0.00,0.00,2500000.00
105024185,0000-00-00,0000-00-00,,,,0,0,0,0,0.00,0.00,0.00,0.00,0.00,0.00,,0,,0,0.00,0.00,25000.00
105114777,0000-00-00,0000-00-00,,,,0,0,0,0,0.00,0.00,0.00,0.00,0.00,0.00,,0,,0,0.00,0.00,2500000.00
105114779,0000-00-00,0000-00-00,,,,0,0,0,0,0.00,0.00,0.00,0.00,0.00,0.00,,0,,0,0.00,0.00,25000.00
105114781,0000-00-00,0000-00-00,,,,0,0,0,0,0.00,0.00,0.00,0.00,0.00,0.00,,0,,0,0.00,0.00,2500000.00
105115037,0000-00-00,0000-00-00,,,,0,0,0,0,0.00,0.00,0.00,0.00,0.00,0.00,,0,,0,0.00,0.00,2500000.00
105115039,0000-00-00,0000-00-00,,,,0,0,0,0,0.00,0.00,0.00,0.00,0.00,0.00,,0,,0,0.00,0.00,25000.00
105115041,0000-00-00,0000-00-00,,,,0,0,0,0,0.00,0.00,0.00,0.00,0.00,0.00,,0,,0,0.00,0.00,2500000.00
