risico_id,nieuwbouw,aangrenzing,aangrenzing_spec,afstand,brand,brandpercent,platform,verdiepingen,meerdere_appartementen,appartementen_aantal,uithangbord,antenne,huisbewaarder,maxafwezig,achterafwezig,inbraakbeveiliging,antidief_type1,antidief_type2,antidief_type3,antidief_type4,antidief_type5,antidief_type6,prefab,prefab_spec,graad_bewoning,aantal_liften
20686935,0,0,1,0,0,0,0,0,0,0,0,0,0,0,0,0,,,,,,,0,,1,0
20686939,0,0,1,0,0,0,0,0,0,0,0,0,0,0,0,0,,,,,,,0,,1,0
20695954,0,0,,0,0,0,0,0,0,0,0,0,0,0,0,0,,,,,,,0,,,0
20695955,0,0,,0,0,0,0,0,0,0,0,0,0,0,0,0,,,,,,,0,,,0
20705015,0,0,,0,0,0,0,0,0,0,0,0,0,0,0,0,,,,,,,0,,,0
20705019,0,0,,0,0,0,0,0,0,0,0,0,0,0,0,0,,,,,,,0,,,0
20713609,0,0,,0,0,0,0,0,0,0,0,0,0,0,0,0,0,0,0,0,0,0,0,,,0
20713613,0,0,,0,0,0,0,0,1,3,0,0,0,0,0,0,0,0,0,0,0,0,0,,,0
20713621,0,0,A,0,0,0,0,0,0,0,0,0,0,0,0,0,0,0,0,0,0,0,0,,,0
20713625,0,0,A,0,0,0,0,0,0,0,0,0,0,89,59,0,0,0,0,0,0,0,0,,,0
20713629,0,0,,0,0,0,0,0,0,0,0,0,0,0,0,0,0,0,0,0,0,0,0,,,0
20713633,0,0,,0,0,0,0,0,0,0,0,0,0,0,0,0,0,0,0,0,0,0,0,,,0
20713637,0,0,,0,0,0,0,0,0,0,0,0,0,0,0,0,0,0,0,0,0,0,0,,,0
20713641,0,0,,0,0,0,0,0,0,0,0,0,0,0,0,0,0,0,0,0,0,0,0,,,0
20713645,0,0,,0,0,0,0,0,0,0,0,0,0,0,0,0,0,0,0,0,0,0,0,,,0
20713649,0,0,,0,0,0,0,0,0,0,0,0,0,0,0,0,0,0,0,0,0,0,0,,,0
20713653,0,0,,0,0,0,0,0,0,0,0,0,0,0,0,0,0,0,0,0,0,0,0,,1,0
20713657,0,0,,0,0,0,0,0,0,0,0,0,0,0,0,0,0,0,0,0,0,0,0,,2,0
20713661,0,0,A,0,0,0,0,0,0,0,0,0,0,89,59,0,0,0,0,0,0,0,0,,,0
20713669,0,0,,0,0,0,0,0,0,0,0,0,0,0,0,0,0,0,0,0,0,0,0,,,0
20713673,0,0,,0,0,0,0,0,0,0,0,0,0,0,0,0,0,0,0,0,0,0,0,,,0
20713677,0,0,,0,0,0,0,0,0,0,0,0,0,0,0,0,0,0,0,0,0,0,0,,,0
20713681,0,0,,0,0,0,0,0,0,0,0,0,0,0,0,0,0,0,0,0,0,0,0,,,0
20713685,0,0,,0,0,0,0,0,0,0,0,0,0,0,0,0,0,0,0,0,0,0,0,,,0
20713689,0,0,,0,0,0,0,0,0,0,0,0,0,0,0,0,0,0,0,0,0,0,0,,,0
20713693,0,0,,0,0,0,0,0,0,0,0,0,0,0,0,0,0,0,0,0,0,0,0,,,0
20713697,0,0,,0,0,0,0,0,0,0,0,0,0,0,0,0,0,0,0,0,0,0,0,,,0
20713701,0,0,,0,0,0,0,0,0,0,0,0,0,0,0,0,0,0,0,0,0,0,0,,,0
20713705,0,0,,0,0,0,0,0,0,0,0,0,0,0,0,0,0,0,0,0,0,0,0,,,0
20713709,0,0,,0,0,0,0,0,0,0,0,0,0,0,0,0,0,0,0,0,0,0,0,,,0
20713713,0,0,,0,0,0,0,0,0,0,0,0,0,0,0,0,0,0,0,0,0,0,0,,,0
20713717,0,0,,0,0,0,0,0,0,0,0,0,0,0,0,0,0,0,0,0,0,0,0,,,0
20713721,0,0,,0,0,0,0,0,0,0,0,0,0,0,0,0,0,0,0,0,0,0,0,,,0
20713725,0,0,,0,0,0,0,0,0,0,0,0,0,0,0,0,0,0,0,0,0,0,0,,,0
20713729,0,0,,0,0,0,0,0,0,0,0,0,0,0,0,0,0,0,0,0,0,0,0,,,0
20713733,0,0,,0,0,0,0,0,0,0,0,0,0,0,0,0,0,0,0,0,0,0,0,,,0
20713737,0,0,,0,0,0,0,0,0,0,0,0,0,0,0,0,0,0,0,0,0,0,0,,,0
20713741,0,0,,0,0,0,0,0,0,0,0,0,0,0,0,0,0,0,0,0,0,0,0,,,0
20713745,0,0,,0,0,0,0,0,0,0,0,0,0,0,0,0,0,0,0,0,0,0,0,,,0
20713749,0,0,,0,0,0,0,0,0,0,0,0,0,0,0,0,0,0,0,0,0,0,0,,,0
20713753,0,0,,0,0,0,0,0,0,0,0,0,0,0,0,0,0,0,0,0,0,0,0,,,0
20713757,0,0,,0,0,0,0,0,0,0,0,0,0,0,0,0,0,0,0,0,0,0,0,,,0
20713761,0,0,,0,0,0,0,0,0,0,0,0,0,0,0,0,0,0,0,0,0,0,0,,,0
20713765,0,0,,0,0,0,0,0,0,0,0,0,0,0,0,0,0,0,0,0,0,0,0,,,0
20713769,0,0,,0,0,0,0,0,0,0,0,0,0,0,0,0,0,0,0,0,0,0,0,,,0
20713773,0,0,,0,0,0,0,0,0,0,0,0,0,0,0,0,0,0,0,0,0,0,0,,,0
20713777,0,0,,0,0,0,0,0,0,0,0,0,0,0,0,0,0,0,0,0,0,0,0,,,0
20713781,0,0,,0,0,0,0,0,0,0,0,0,0,0,0,0,0,0,0,0,0,0,0,,,0
20713785,0,0,,0,0,0,0,0,1,4,0,0,0,0,0,0,0,0,0,0,0,0,0,,,0
20713789,0,0,,0,0,0,0,0,0,0,0,0,0,0,0,0,0,0,0,0,0,0,0,,,0
20713793,0,0,,0,0,0,0,0,1,1,0,0,0,0,0,0,0,0,0,0,0,0,0,,,0
20713797,0,0,1,0,0,0,0,0,0,0,0,0,0,0,0,0,0,0,0,0,0,0,0,,,0
20713801,0,0,,0,0,0,0,0,0,0,0,0,0,0,0,0,0,0,0,0,0,0,0,,,0
20713805,0,0,,0,0,0,0,0,0,0,0,0,0,0,0,0,0,0,0,0,0,0,0,,,0
20713809,0,0,,0,0,0,0,0,0,0,0,0,0,0,0,0,0,0,0,0,0,0,0,,,0
20713813,0,0,,0,0,0,0,0,0,0,0,0,0,0,0,0,0,0,0,0,0,0,0,,,0
20713817,0,0,A,0,0,0,0,0,0,0,0,0,0,89,59,0,0,0,0,0,0,0,0,,,0
20713821,0,0,,0,0,0,0,0,0,0,0,0,0,0,0,0,0,0,0,0,0,0,0,,,0
20713829,0,0,,0,0,0,0,0,0,0,0,0,0,0,0,0,0,0,0,0,0,0,0,,,0
20713833,0,0,,0,0,0,0,0,0,0,0,0,0,0,0,0,0,0,0,0,0,0,0,,1,0
20713837,0,0,,0,0,0,0,0,0,0,0,0,0,0,0,0,0,0,0,0,0,0,0,,,0
20713841,0,0,,0,0,0,0,0,0,0,0,0,0,0,0,0,0,0,0,0,0,0,0,,1,0
20713845,0,0,,0,0,0,0,0,0,0,0,0,0,0,0,0,0,0,0,0,0,0,0,,,0
20713849,0,0,,0,0,0,0,0,0,0,0,0,0,0,0,0,0,0,0,0,0,0,0,,,0
20713853,0,0,,0,0,0,0,0,0,0,0,0,0,0,0,0,0,0,0,0,0,0,0,,,0
20713857,0,0,,0,0,0,0,0,0,0,0,0,0,0,0,0,,,,,,,0,,,0
20713861,0,0,A,0,0,0,0,0,0,0,0,0,0,89,59,0,0,0,0,0,0,0,0,,,0
20713865,0,0,,0,0,0,0,0,0,0,0,0,0,0,0,0,0,0,0,0,0,0,0,,,0
20713873,0,0,,0,0,0,0,0,0,0,0,0,0,0,0,0,0,0,0,0,0,0,0,,,0
20713877,0,0,,0,0,0,0,0,0,0,0,0,0,0,0,0,0,0,0,0,0,0,0,,,0
20713881,0,0,,0,0,0,0,0,0,0,0,0,0,0,0,0,0,0,0,0,0,0,0,,,0
20713885,0,0,,0,0,0,0,0,0,0,0,0,0,0,0,0,0,0,0,0,0,0,0,,,0
20713889,0,0,,0,0,0,0,0,0,0,0,0,0,0,0,0,0,0,0,0,0,0,0,,,0
20713893,0,0,,0,0,0,0,0,0,0,0,0,0,0,0,0,0,0,0,0,0,0,0,,,0
20713897,0,0,,0,0,0,0,0,1,5,0,0,0,0,0,0,0,0,0,0,0,0,0,,,0
20713901,0,0,1,0,0,0,0,0,1,0,0,0,0,0,0,0,,,,,,,0,,1,0
20713905,0,0,,0,0,0,0,0,1,2,0,0,0,0,0,0,0,0,0,0,0,0,0,,,0
20713909,0,0,,0,0,0,0,0,0,0,0,0,0,0,0,0,0,0,0,0,0,0,0,,,0
20713913,0,0,,0,0,0,0,0,0,0,0,0,0,89,59,0,0,0,0,0,0,0,0,,,0
20713917,0,0,,0,0,0,0,0,0,0,0,0,0,0,0,0,0,0,0,0,0,0,0,,,0
20713921,0,0,,0,0,0,0,0,1,2,0,0,0,0,0,0,0,0,0,0,0,0,0,,,0
20713925,0,0,,0,0,0,0,0,0,0,0,0,0,0,0,0,0,0,0,0,0,0,0,,,0
20713929,0,0,A,0,0,0,0,0,0,0,0,0,0,89,59,0,0,0,0,0,0,0,0,,,0
20713933,0,0,,0,0,0,0,0,0,0,0,0,0,0,0,0,0,0,0,0,0,0,0,,,0
20713937,0,0,1,0,0,0,0,0,0,0,0,0,0,0,0,0,0,0,0,0,0,0,0,,,0
20713941,0,0,,0,0,0,0,0,0,0,0,0,0,0,0,0,0,0,0,0,0,0,0,,,0
20713945,0,0,1,0,0,0,0,0,0,0,0,0,0,0,0,0,0,0,0,0,0,0,0,,,0
20713949,0,0,,0,0,0,0,0,0,0,0,0,0,0,0,0,0,0,0,0,0,0,0,,,0
20713953,0,0,,0,0,0,0,0,0,0,0,0,0,0,0,0,0,0,0,0,0,0,0,,1,0
20713957,0,0,,0,0,0,0,0,0,0,0,0,0,0,0,0,0,0,0,0,0,0,0,,,0
20713961,0,0,,0,0,0,0,0,0,0,0,0,0,0,0,0,0,0,0,0,0,0,0,,,0
20713965,0,0,,0,0,0,0,0,0,0,0,0,0,0,0,0,0,0,0,0,0,0,0,,,0
20713969,0,0,,0,0,0,0,0,1,3,0,0,0,0,0,0,0,0,0,0,0,0,0,,,0
20713981,0,0,,0,0,0,0,0,0,0,0,0,0,0,0,0,0,0,0,0,0,0,0,,,0
20713985,0,0,,0,0,0,0,0,0,0,0,0,0,0,0,0,0,0,0,0,0,0,0,,,0
20713989,0,0,,0,0,0,0,0,0,0,0,0,0,0,0,0,0,0,0,0,0,0,0,,,0
20713993,0,0,,0,0,0,0,0,0,0,0,0,0,0,0,0,0,0,0,0,0,0,0,,,0
20713997,0,0,,0,0,0,0,0,0,0,0,0,0,0,0,0,0,0,0,0,0,0,0,,,0
20714001,0,0,,0,0,0,0,0,0,0,0,0,0,0,0,0,0,0,0,0,0,0,0,,,0
20714005,0,0,3,0,0,0,0,0,0,0,0,0,0,0,0,0,0,0,0,0,0,0,0,,1,0
20714009,0,0,2,0,0,0,0,0,0,0,0,0,0,0,0,0,0,0,0,0,0,0,0,,1,0
20714013,0,0,,0,0,0,0,0,0,0,0,0,0,0,0,0,0,0,0,0,0,0,0,,2,0
20714017,0,0,,0,0,0,0,0,0,0,0,0,0,89,59,0,0,0,0,0,0,0,0,,1,0
20714021,0,0,,0,0,0,0,0,0,0,0,0,0,0,0,0,0,0,0,0,0,0,0,,,0
20714025,0,0,A,0,0,0,0,0,0,0,0,0,0,89,59,0,0,0,0,0,0,0,0,,1,0
20714029,0,0,A,0,0,0,0,0,0,0,0,0,0,89,59,0,0,0,0,0,0,0,0,,1,0
20714033,0,0,,0,0,0,0,0,0,0,0,0,0,0,0,0,0,0,0,0,0,0,0,,,0
20714037,0,0,,0,0,0,0,0,1,0,0,0,0,0,0,0,0,0,0,0,0,0,0,,,0
20714041,0,0,,0,0,0,0,0,0,0,0,0,0,0,0,0,0,0,0,0,0,0,0,,,0
20714045,0,0,,0,0,0,0,0,0,0,0,0,0,0,0,0,0,0,0,0,0,0,0,,,0
20714049,0,0,,0,0,0,0,0,0,0,0,0,0,0,0,0,0,0,0,0,0,0,0,,3,0
20714053,0,0,,0,0,0,0,0,0,0,0,0,0,0,0,0,0,0,0,0,0,0,0,,1,0
20714057,0,0,,0,0,0,0,0,0,0,0,0,0,0,0,0,0,0,0,0,0,0,0,,,0
20714061,0,0,A,0,0,0,0,0,0,0,0,0,0,89,59,0,0,0,0,0,0,0,0,,1,0
20714065,0,0,,0,0,0,0,0,0,0,0,0,0,0,0,0,0,0,0,0,0,0,0,,,0
20714069,0,0,,0,0,0,0,0,0,0,0,0,0,0,0,0,0,0,0,0,0,0,0,,,0
20714073,0,0,,0,0,0,0,0,0,0,0,0,0,0,0,0,0,0,0,0,0,0,0,,,0
20714077,0,0,,0,0,0,0,0,0,0,0,0,0,0,0,0,0,0,0,0,0,0,0,,,0
20714081,0,0,,0,0,0,0,0,0,0,0,0,0,0,0,0,0,0,0,0,0,0,0,,,0
20714085,0,0,,0,0,0,0,0,0,0,0,0,0,0,0,0,0,0,0,0,0,0,0,,,0
20714089,0,0,,0,0,0,0,0,0,0,0,0,0,0,0,0,0,0,0,0,0,0,0,,,0
20714093,0,0,,0,0,0,0,0,0,0,0,0,0,0,0,0,0,0,0,0,0,0,0,,,0
20714097,0,0,,0,0,0,0,0,0,0,0,0,0,0,0,0,0,0,0,0,0,0,0,,,0
20714101,0,0,,0,0,0,0,0,0,0,0,0,0,0,0,0,0,0,0,0,0,0,0,,,0
20714105,0,0,,0,0,0,0,0,0,0,0,0,0,0,0,0,0,0,0,0,0,0,0,,,0
20714109,0,0,,0,0,0,0,0,0,0,0,0,0,0,0,0,0,0,0,0,0,0,0,,,0
20714113,0,0,,0,0,0,0,0,0,0,0,0,0,0,0,0,0,0,0,0,0,0,0,,,0
20714117,0,0,,0,0,0,0,0,0,0,0,0,0,0,0,0,0,0,0,0,0,0,0,,,0
20714121,0,0,,0,0,0,0,0,0,0,0,0,0,0,0,0,0,0,0,0,0,0,0,,,0
20714125,0,0,,0,0,0,0,0,0,0,0,0,0,0,0,0,0,0,0,0,0,0,0,,,0
20714129,0,0,,0,0,0,0,0,0,0,0,0,0,0,0,0,0,0,0,0,0,0,0,,,0
20714133,0,0,,0,0,0,0,0,0,0,0,0,0,0,0,0,0,0,0,0,0,0,0,,,0
20714137,0,0,,0,0,0,0,0,0,0,0,0,0,0,0,0,0,0,0,0,0,0,0,,,0
20714141,0,0,,0,0,0,0,0,1,4,0,0,0,0,0,0,0,0,0,0,0,0,0,,,0
20714145,0,0,,0,0,0,0,0,0,0,0,0,0,0,0,0,0,0,0,0,0,0,0,,,0
20714149,0,0,,0,0,0,0,0,0,0,0,0,0,0,0,0,0,0,0,0,0,0,0,,,0
20714153,0,0,,0,0,0,0,0,1,1,0,0,0,0,0,0,0,0,0,0,0,0,0,,,0
20714157,0,0,1,0,0,0,0,0,0,0,0,0,0,0,0,0,0,0,0,0,0,0,0,,,0
20714161,0,0,,0,0,0,0,0,0,0,0,0,0,0,0,0,0,0,0,0,0,0,0,,,0
20714165,0,0,,0,0,0,0,0,0,0,0,0,0,0,0,0,0,0,0,0,0,0,0,,,0
20714169,0,0,,0,0,0,0,0,0,0,0,0,0,0,0,0,0,0,0,0,0,0,0,,,0
20714173,0,0,,0,0,0,0,0,0,0,0,0,0,0,0,0,0,0,0,0,0,0,0,,,0
20714177,0,0,,0,0,0,0,0,0,0,0,0,0,0,0,0,0,0,0,0,0,0,0,,,0
20714181,0,0,A,0,0,0,0,0,0,0,0,0,0,89,59,0,0,0,0,0,0,0,0,,1,0
20714185,0,0,,0,0,0,0,0,0,0,0,0,0,0,0,0,0,0,0,0,0,0,0,,1,0
20714189,0,0,,0,0,0,0,0,0,0,0,0,0,0,0,0,0,0,0,0,0,0,0,,,0
20714193,0,0,,0,0,0,0,0,0,0,0,0,0,0,0,0,0,0,0,0,0,0,0,,,0
20714197,0,0,,0,0,0,0,0,0,0,0,0,0,0,0,0,0,0,0,0,0,0,0,,,0
20714201,0,0,,0,0,0,0,0,0,0,0,0,0,0,0,0,0,0,0,0,0,0,0,,,0
20714205,0,0,,0,0,0,0,0,0,0,0,0,0,0,0,0,0,0,0,0,0,0,0,,,0
20714209,0,0,,0,0,0,0,0,0,0,0,0,0,0,0,0,0,0,0,0,0,0,0,,,0
20714213,0,0,,0,0,0,0,0,0,0,0,0,0,0,0,0,0,0,0,0,0,0,0,,,0
20714217,0,0,A,0,0,0,0,0,0,0,0,0,0,89,59,0,0,0,0,0,0,0,0,,1,0
20714221,0,0,,0,0,0,0,0,0,0,0,0,0,0,0,0,0,0,0,0,0,0,0,,,0
20714225,0,0,,0,0,0,0,0,0,0,0,0,0,0,0,0,0,0,0,0,0,0,0,,,0
20714229,0,0,,0,0,0,0,0,0,0,0,0,0,0,0,0,0,0,0,0,0,0,0,,,0
20714233,0,0,,0,0,0,0,0,0,0,0,0,0,0,0,0,0,0,0,0,0,0,0,,,0
20714237,0,0,,0,0,0,0,0,0,0,0,0,0,0,0,0,0,0,0,0,0,0,0,,,0
20714241,0,0,,0,0,0,0,0,0,0,0,0,0,0,0,0,0,0,0,0,0,0,0,,,0
20714245,0,0,,0,0,0,0,0,0,0,0,0,0,0,0,0,0,0,0,0,0,0,0,,,0
20714249,0,0,,0,0,0,0,0,0,0,0,0,0,0,0,0,0,0,0,0,0,0,0,,,0
20714253,0,0,,0,0,0,0,0,0,0,0,0,0,0,0,0,0,0,0,0,0,0,0,,,0
20714257,0,0,,0,0,0,0,0,0,0,0,0,0,0,0,0,0,0,0,0,0,0,0,,,0
20714261,0,0,1,0,0,0,0,0,0,0,0,0,0,0,0,0,,,,,,,0,,1,0
20714265,0,0,,0,0,0,0,0,0,0,0,0,0,89,59,0,0,0,0,0,0,0,0,,1,0
20714269,0,0,,0,0,0,0,0,0,0,0,0,0,0,0,0,0,0,0,0,0,0,0,,,0
20714273,0,0,,0,0,0,0,0,0,0,0,0,0,89,59,0,0,0,0,0,0,0,0,,1,0
20714277,0,0,,0,0,0,0,0,0,0,0,0,0,0,0,0,0,0,0,0,0,0,0,,,0
20714281,0,0,,0,0,0,0,0,0,0,0,0,0,89,59,0,0,0,0,0,0,0,0,,1,0
20714285,0,0,A,0,0,0,0,0,0,0,0,0,0,89,59,0,0,0,0,0,0,0,0,,1,0
20714289,0,0,,0,0,0,0,0,0,0,0,0,0,0,0,0,0,0,0,0,0,0,0,,2,0
20714293,0,0,1,0,0,0,0,0,0,0,0,0,0,0,0,0,0,0,0,0,0,0,0,,,0
20714297,0,0,,0,0,0,0,0,0,0,0,0,0,0,0,0,0,0,0,0,0,0,0,,,0
20714301,0,0,,0,0,0,0,0,0,0,0,0,0,0,0,0,0,0,0,0,0,0,0,,,0
20714305,0,0,,0,0,0,0,0,0,0,0,0,0,0,0,0,0,0,0,0,0,0,0,,,0
20714309,0,0,1,0,0,0,0,0,0,0,0,0,0,0,0,0,0,0,0,0,0,0,0,,,0
20714313,0,0,,0,0,0,0,0,0,0,0,0,0,0,0,0,0,0,0,0,0,0,0,,,0
20714317,0,0,,0,0,0,0,0,0,0,0,0,0,0,0,0,0,0,0,0,0,0,0,,1,0
20714321,0,0,,0,0,0,0,0,0,0,0,0,0,0,0,0,0,0,0,0,0,0,0,,,0
20714325,0,0,,0,0,0,0,0,0,0,0,0,0,0,0,0,0,0,0,0,0,0,0,,,0
20714333,0,0,,0,0,0,0,0,0,0,0,0,0,0,0,0,0,0,0,0,0,0,0,,,0
20714337,0,0,,0,0,0,0,0,0,0,0,0,0,0,0,0,0,0,0,0,0,0,0,,,0
20714341,0,0,,0,0,0,0,0,0,0,0,0,0,0,0,0,0,0,0,0,0,0,0,,,0
20714345,0,0,,0,0,0,0,0,0,0,0,0,0,0,0,0,0,0,0,0,0,0,0,,,0
20714349,0,0,,0,0,0,0,0,0,0,0,0,0,0,0,0,0,0,0,0,0,0,0,,,0
20714353,0,0,,0,0,0,0,0,0,0,0,0,0,0,0,0,0,0,0,0,0,0,0,,,0
20714357,0,0,,0,0,0,0,0,0,0,0,0,0,0,0,0,0,0,0,0,0,0,0,,,0
20714361,0,0,3,0,0,0,0,0,0,0,0,0,0,0,0,0,0,0,0,0,0,0,0,,1,0
20716954,0,0,2,0,0,0,0,0,0,0,0,0,0,0,0,0,,,,,,,0,,1,0
20716958,0,0,2,0,0,0,0,0,0,0,0,0,0,0,0,0,,,,,,,0,,1,0
20716975,0,0,1,0,0,0,0,0,0,0,0,0,0,0,0,0,,,,,,,0,,,0
20716979,0,0,1,0,0,0,0,0,0,0,0,0,0,0,0,0,,,,,,,0,,,0
20732754,0,0,,0,0,0,0,0,0,0,0,0,0,0,0,0,,,,,,,0,,,0
20733635,0,0,,0,0,0,0,0,0,0,0,0,0,0,0,0,,,,,,,0,,,0
20733639,0,0,,0,0,0,0,0,0,0,0,0,0,0,0,0,,,,,,,0,,,0
20733643,0,0,,0,0,0,0,0,0,0,0,0,0,0,0,0,,,,,,,0,,,0
20733647,0,0,,0,0,0,0,0,0,0,0,0,0,0,0,0,,,,,,,0,,2,0
20733718,0,0,,0,0,0,0,0,0,0,0,0,0,0,0,0,,,,,,,0,,,0
20734087,0,0,2,0,0,0,0,0,0,0,0,0,0,0,0,0,,,,,,,0,,1,0
20734091,0,0,2,0,0,0,0,0,0,0,0,0,0,0,0,0,,,,,,,0,,1,0
20734103,0,0,1,0,0,0,0,0,0,0,0,0,0,0,0,0,,,,,,,0,,1,0
20734107,0,0,1,0,0,0,0,0,0,0,0,0,0,0,0,0,,,,,,,0,,1,0
20737680,0,0,,0,0,0,0,0,0,0,0,0,0,0,0,0,,,,,,,0,,,0
20745690,0,0,,0,0,0,0,0,0,0,0,0,0,0,0,0,,,,,,,0,,,0
20750842,0,0,,0,0,0,0,0,0,0,0,0,0,0,0,0,,,,,,,0,,,0
20750846,0,0,,0,0,0,0,0,0,0,0,0,0,0,0,0,,,,,,,0,,,0
20750850,0,0,,0,0,0,0,0,0,0,0,0,0,0,0,0,,,,,,,0,,,0
20751807,0,0,,0,0,0,0,0,0,0,0,0,0,0,0,0,,,,,,,0,,,0
20759140,0,0,,0,0,0,0,0,0,0,0,0,0,0,0,0,,,,,,,0,,,0
20773083,0,0,,0,0,0,0,0,0,0,0,0,0,0,0,0,,,,,,,0,,,0
20773086,0,0,,0,0,0,0,0,0,0,0,0,0,0,0,0,,,,,,,0,,,0
20773089,0,0,,0,0,0,0,0,0,0,0,0,0,0,0,0,,,,,,,0,,,0
20773092,0,0,,0,0,0,0,0,0,0,0,0,0,0,0,0,,,,,,,0,,,0
20773095,0,0,,0,0,0,0,0,0,0,0,0,0,0,0,0,,,,,,,0,,,0
20773098,0,0,,0,0,0,0,0,0,0,0,0,0,0,0,0,,,,,,,0,,,0
20773101,0,0,,0,0,0,0,0,0,0,0,0,0,0,0,0,,,,,,,0,,,0
20773104,0,0,,0,0,0,0,0,0,0,0,0,0,0,0,0,,,,,,,0,,,0
20773107,0,0,,0,0,0,0,0,0,0,0,0,0,0,0,0,,,,,,,0,,,0
20773110,0,0,,0,0,0,0,0,0,0,0,0,0,0,0,0,,,,,,,0,,,0
20773113,0,0,,0,0,0,0,0,0,0,0,0,0,0,0,0,,,,,,,0,,,0
20773116,0,0,,0,0,0,0,0,0,0,0,0,0,0,0,0,,,,,,,0,,,0
20773122,0,0,,0,0,0,0,0,0,0,0,0,0,0,0,0,,,,,,,0,,,0
20773125,0,0,,0,0,0,0,0,0,0,0,0,0,0,0,0,,,,,,,0,,,0
20773128,0,0,,0,0,0,0,0,0,0,0,0,0,0,0,0,,,,,,,0,,,0
20773131,0,0,,0,0,0,0,0,0,0,0,0,0,0,0,0,,,,,,,0,,,0
20773134,0,0,,0,0,0,0,0,0,0,0,0,0,0,0,0,,,,,,,0,,,0
20773170,0,0,3,0,0,0,0,0,0,0,0,0,0,0,0,0,,,,,,,0,,1,0
20773173,0,0,3,0,0,0,0,0,0,0,0,0,0,0,0,0,,,,,,,0,,1,0
20773176,0,0,1,0,0,0,0,0,0,0,0,0,0,0,0,0,,,,,,,0,,1,0
20773182,0,0,1,0,0,0,0,0,0,0,0,0,0,0,0,0,,,,,,,0,,1,0
20773212,0,0,,0,0,0,0,0,0,0,0,0,0,0,0,0,,,,,,,0,,,0
20773215,0,0,,0,0,0,0,0,0,0,0,0,0,0,0,0,,,,,,,0,,,0
20775940,0,0,1,0,0,0,0,0,0,0,0,0,0,0,0,0,,,,,,,0,,1,0
20775943,0,0,1,0,0,0,0,0,0,0,0,0,0,0,0,0,,,,,,,0,,1,0
20775946,0,0,,0,0,0,0,0,0,0,0,0,0,0,0,0,,,,,,,0,,,0
20775950,0,0,,0,0,0,0,0,0,0,0,0,0,0,0,0,,,,,,,0,,2,0
20775953,0,0,,0,0,0,0,0,0,0,0,0,0,0,0,0,,,,,,,0,,2,0
20775968,0,0,,0,0,0,0,0,0,0,0,0,0,0,0,0,,,,,,,0,,,0
20775998,0,0,,0,0,0,0,0,0,0,0,0,0,0,0,0,,,,,,,0,,,0
20776001,0,0,,0,0,0,0,0,0,0,0,0,0,0,0,0,,,,,,,0,,,0
20776018,0,0,,0,0,0,0,0,0,0,0,0,0,0,0,0,,,,,,,0,,,0
20776021,0,0,,0,0,0,0,0,0,0,0,0,0,0,0,0,,,,,,,0,,,0
20776039,0,0,,0,0,0,0,0,0,0,0,0,0,0,0,0,,,,,,,0,,,0
20776075,0,0,,0,0,0,0,0,0,0,0,0,0,0,0,0,,,,,,,0,,,0
20776126,0,0,,0,0,0,0,0,0,0,0,0,0,0,0,0,,,,,,,0,,,0
20776129,0,0,,0,0,0,0,0,0,0,0,0,0,0,0,0,,,,,,,0,,,0
20776147,0,0,,0,0,0,0,0,0,0,0,0,0,0,0,0,,,,,,,0,,,0
20776150,0,0,,0,0,0,0,0,0,0,0,0,0,0,0,0,,,,,,,0,,,0
20776156,0,0,,0,0,0,0,0,0,0,0,0,0,0,0,0,,,,,,,0,,,0
20776159,0,0,,0,0,0,0,0,0,0,0,0,0,0,0,0,,,,,,,0,,,0
20776199,0,0,,0,0,0,0,0,0,0,0,0,0,0,0,0,,,,,,,0,,,0
20776214,0,0,,0,0,0,0,0,0,0,0,0,0,0,0,0,,,,,,,0,,,0
20776232,0,0,,0,0,0,0,0,0,0,0,0,0,0,0,0,,,,,,,0,,,0
20776235,0,0,,0,0,0,0,0,0,0,0,0,0,0,0,0,,,,,,,0,,,0
20776238,0,0,,0,0,0,0,0,0,0,0,0,0,0,0,0,,,,,,,0,,,0
20776241,0,0,,0,0,0,0,0,0,0,0,0,0,0,0,0,,,,,,,0,,,0
20776247,0,0,,0,0,0,0,0,0,0,0,0,0,0,0,0,,,,,,,0,,,0
20776250,0,0,,0,0,0,0,0,0,0,0,0,0,0,0,0,,,,,,,0,,,0
20776268,0,0,,0,0,0,0,0,0,0,0,0,0,0,0,0,,,,,,,0,,,0
20776280,0,0,,0,0,0,0,0,0,0,0,0,0,0,0,0,,,,,,,0,,,0
20776283,0,0,,0,0,0,0,0,0,0,0,0,0,0,0,0,,,,,,,0,,,0
20776286,0,0,,0,0,0,0,0,0,0,0,0,0,0,0,0,,,,,,,0,,,0
20776289,0,0,,0,0,0,0,0,0,0,0,0,0,0,0,0,,,,,,,0,,,0
20776295,0,0,,0,0,0,0,0,0,0,0,0,0,0,0,0,,,,,,,0,,,0
20776342,0,0,,0,0,0,0,0,0,0,0,0,0,0,0,0,,,,,,,0,,,0
20776345,0,0,,0,0,0,0,0,0,0,0,0,0,0,0,0,,,,,,,0,,,0
20776348,0,0,,0,0,0,0,0,0,0,0,0,0,0,0,0,,,,,,,0,,,0
20776351,0,0,,0,0,0,0,0,0,0,0,0,0,0,0,0,,,,,,,0,,,0
20776354,0,0,,0,0,0,0,0,0,0,0,0,0,0,0,0,,,,,,,0,,,0
20776357,0,0,,0,0,0,0,0,0,0,0,0,0,0,0,0,,,,,,,0,,,0
20776360,0,0,,0,0,0,0,0,0,0,0,0,0,0,0,0,,,,,,,0,,,0
20776363,0,0,,0,0,0,0,0,0,0,0,0,0,0,0,0,,,,,,,0,,,0
20776366,0,0,,0,0,0,0,0,0,0,0,0,0,0,0,0,,,,,,,0,,,0
20776369,0,0,,0,0,0,0,0,0,0,0,0,0,0,0,0,,,,,,,0,,,0
20776372,0,0,,0,0,0,0,0,0,0,0,0,0,0,0,0,,,,,,,0,,,0
20776381,0,0,,0,0,0,0,0,0,0,0,0,0,0,0,0,,,,,,,0,,,0
20776384,0,0,,0,0,0,0,0,0,0,0,0,0,0,0,0,,,,,,,0,,,0
20776393,0,0,,0,0,0,0,0,0,0,0,0,0,0,0,0,,,,,,,0,,,0
20776396,0,0,,0,0,0,0,0,0,0,0,0,0,0,0,0,,,,,,,0,,,0
20776406,0,0,,0,0,0,0,0,0,0,0,0,0,0,0,0,,,,,,,0,,,0
20776409,0,0,,0,0,0,0,0,0,0,0,0,0,0,0,0,,,,,,,0,,,0
20776415,0,0,,0,0,0,0,0,0,0,0,0,0,0,0,0,,,,,,,0,,,0
20776418,0,0,,0,0,0,0,0,0,0,0,0,0,0,0,0,,,,,,,0,,,0
20776436,0,0,,0,0,0,0,0,0,0,0,0,0,0,0,0,,,,,,,0,,,0
20776442,0,0,,0,0,0,0,0,0,0,0,0,0,0,0,0,,,,,,,0,,,0
20776445,0,0,,0,0,0,0,0,0,0,0,0,0,0,0,0,,,,,,,0,,,0
20776448,0,0,,0,0,0,0,0,0,0,0,0,0,0,0,0,,,,,,,0,,,0
20776451,0,0,,0,0,0,0,0,0,0,0,0,0,0,0,0,,,,,,,0,,,0
20776457,0,0,,0,0,0,0,0,0,0,0,0,0,0,0,0,,,,,,,0,,,0
20776460,0,0,,0,0,0,0,0,0,0,0,0,0,0,0,0,,,,,,,0,,,0
20776463,0,0,,0,0,0,0,0,0,0,0,0,0,0,0,0,,,,,,,0,,,0
20776466,0,0,,0,0,0,0,0,0,0,0,0,0,0,0,0,,,,,,,0,,,0
20776472,0,0,,0,0,0,0,0,0,0,0,0,0,0,0,0,,,,,,,0,,,0
20776475,0,0,,0,0,0,0,0,0,0,0,0,0,0,0,0,,,,,,,0,,,0
20776478,0,0,,0,0,0,0,0,0,0,0,0,0,0,0,0,,,,,,,0,,,0
20776486,0,0,,0,0,0,0,0,0,0,0,0,0,0,0,0,,,,,,,0,,,0
20776489,0,0,,0,0,0,0,0,0,0,0,0,0,0,0,0,,,,,,,0,,,0
20776495,0,0,,0,0,0,0,0,0,0,0,0,0,0,0,0,,,,,,,0,,,0
20776501,0,0,,0,0,0,0,0,0,0,0,0,0,0,0,0,,,,,,,0,,,0
20776504,0,0,,0,0,0,0,0,0,0,0,0,0,0,0,0,,,,,,,0,,,0
20776510,0,0,,0,0,0,0,0,0,0,0,0,0,0,0,0,,,,,,,0,,,0
20776513,0,0,,0,0,0,0,0,0,0,0,0,0,0,0,0,,,,,,,0,,,0
20776534,0,0,,0,0,0,0,0,0,0,0,0,0,0,0,0,,,,,,,0,,,0
20776537,0,0,,0,0,0,0,0,0,0,0,0,0,0,0,0,,,,,,,0,,,0
20776540,0,0,,0,0,0,0,0,0,0,0,0,0,0,0,0,,,,,,,0,,,0
20776543,0,0,,0,0,0,0,0,0,0,0,0,0,0,0,0,,,,,,,0,,,0
20776552,0,0,,0,0,0,0,0,0,0,0,0,0,0,0,0,,,,,,,0,,,0
20776555,0,0,,0,0,0,0,0,0,0,0,0,0,0,0,0,,,,,,,0,,,0
20776564,0,0,,0,0,0,0,0,0,0,0,0,0,0,0,0,,,,,,,0,,,0
20776567,0,0,,0,0,0,0,0,0,0,0,0,0,0,0,0,,,,,,,0,,,0
20776570,0,0,,0,0,0,0,0,0,0,0,0,0,0,0,0,,,,,,,0,,,0
20776573,0,0,,0,0,0,0,0,0,0,0,0,0,0,0,0,,,,,,,0,,,0
20776597,0,0,,0,0,0,0,0,0,0,0,0,0,0,0,0,,,,,,,0,,,0
20776600,0,0,,0,0,0,0,0,0,0,0,0,0,0,0,0,,,,,,,0,,,0
20776615,0,0,,0,0,0,0,0,0,0,0,0,0,0,0,0,,,,,,,0,,,0
20776633,0,0,,0,0,0,0,0,0,0,0,0,0,0,0,0,,,,,,,0,,,0
20776636,0,0,,0,0,0,0,0,0,0,0,0,0,0,0,0,,,,,,,0,,,0
20776639,0,0,,0,0,0,0,0,0,0,0,0,0,0,0,0,,,,,,,0,,,0
20776642,0,0,,0,0,0,0,0,0,0,0,0,0,0,0,0,,,,,,,0,,,0
20776654,0,0,,0,0,0,0,0,0,0,0,0,0,0,0,0,,,,,,,0,,,0
20776657,0,0,,0,0,0,0,0,0,0,0,0,0,0,0,0,,,,,,,0,,,0
20776660,0,0,,0,0,0,0,0,0,0,0,0,0,0,0,0,,,,,,,0,,,0
20776663,0,0,,0,0,0,0,0,0,0,0,0,0,0,0,0,,,,,,,0,,,0
20776666,0,0,,0,0,0,0,0,0,0,0,0,0,0,0,0,,,,,,,0,,,0
20776669,0,0,,0,0,0,0,0,0,0,0,0,0,0,0,0,,,,,,,0,,,0
20776678,0,0,,0,0,0,0,0,0,0,0,0,0,0,0,0,,,,,,,0,,,0
20776681,0,0,,0,0,0,0,0,0,0,0,0,0,0,0,0,,,,,,,0,,,0
20776684,0,0,,0,0,0,0,0,0,0,0,0,0,0,0,0,,,,,,,0,,,0
20776687,0,0,,0,0,0,0,0,0,0,0,0,0,0,0,0,,,,,,,0,,,0
20776693,0,0,,0,0,0,0,0,0,0,0,0,0,0,0,0,,,,,,,0,,,0
20776696,0,0,,0,0,0,0,0,0,0,0,0,0,0,0,0,,,,,,,0,,,0
20776699,0,0,,0,0,0,0,0,0,0,0,0,0,0,0,0,,,,,,,0,,,0
20776708,0,0,,0,0,0,0,0,0,0,0,0,0,0,0,0,,,,,,,0,,,0
20776723,0,0,,0,0,0,0,0,0,0,0,0,0,0,0,0,,,,,,,0,,,0
20776726,0,0,,0,0,0,0,0,0,0,0,0,0,0,0,0,,,,,,,0,,,0
20779239,0,0,,0,0,0,0,0,0,0,0,0,0,0,0,0,,,,,,,0,,1,0
20783399,0,0,,0,0,0,0,0,0,0,0,0,0,0,0,0,,,,,,,0,,,0
20783405,0,0,,0,0,0,0,0,0,0,0,0,0,0,0,0,,,,,,,0,,,0
20783407,0,0,,0,0,0,0,0,0,0,0,0,0,0,0,0,,,,,,,0,,,0
20783409,0,0,3,0,0,0,0,0,0,0,0,0,0,0,0,0,,,,,,,0,,,0
20783413,0,0,,0,0,0,0,0,0,0,0,0,0,0,0,0,,,,,,,0,,,0
20784862,0,0,,0,0,0,0,0,0,0,0,0,0,0,0,0,,,,,,,0,,,0
20784870,0,0,,0,0,0,0,0,0,0,0,0,0,0,0,0,,,,,,,0,,,0
20784882,0,0,,0,0,0,0,0,0,0,0,0,0,0,0,0,,,,,,,0,,1,0
20790736,0,0,,0,0,0,0,0,0,0,0,0,0,0,0,0,,,,,,,0,,,0
20790748,0,0,,0,0,0,0,0,0,0,0,0,0,0,0,0,,,,,,,0,,2,0
20790752,0,0,,0,0,0,0,0,0,0,0,0,0,0,0,0,,,,,,,0,,,0
20790756,0,0,,0,0,0,0,0,0,0,0,0,0,0,0,0,,,,,,,0,,,0
20791184,0,0,,0,0,0,0,0,0,0,0,0,0,0,0,0,,,,,,,0,,,0
20812379,0,0,,0,0,0,0,0,0,0,0,0,0,0,0,0,,,,,,,0,,,0
20812395,0,0,,0,0,0,0,0,0,0,0,0,0,0,0,0,,,,,,,0,,,0
20812399,0,0,,0,0,0,0,0,0,0,0,0,0,0,0,0,,,,,,,0,,,0
20819099,0,0,,0,0,0,0,0,0,0,0,0,0,0,0,0,,,,,,,0,,,0
20819102,0,0,,0,0,0,0,0,0,0,0,0,0,0,0,0,,,,,,,0,,,0
20819105,0,0,,0,0,0,0,0,0,0,0,0,0,0,0,0,,,,,,,0,,,0
20837604,0,0,,0,0,0,0,0,0,0,0,0,0,0,0,0,,,,,,,0,,,0
20837607,0,0,,0,0,0,0,0,0,0,0,0,0,0,0,0,,,,,,,0,,,0
20837610,0,0,,0,0,0,0,0,0,0,0,0,0,0,0,0,,,,,,,0,,,0
20837613,0,0,,0,0,0,0,0,0,0,0,0,0,0,0,0,,,,,,,0,,2,0
20837616,0,0,,0,0,0,0,0,0,0,0,0,0,0,0,0,,,,,,,0,,,0
20837619,0,0,,0,0,0,0,0,0,0,0,0,0,0,0,0,,,,,,,0,,,0
20837624,0,0,,0,0,0,0,0,0,0,0,0,0,0,0,0,,,,,,,0,,,0
20904350,0,0,,0,0,0,0,0,0,0,0,0,0,0,0,0,,,,,,,0,,2,0
20904632,0,0,,0,0,0,0,0,0,0,0,0,0,0,0,0,,,,,,,0,,,0
20912745,0,0,,0,0,0,0,0,0,0,0,0,0,0,0,0,,,,,,,0,,,0
20914580,0,0,,0,0,0,0,0,0,0,0,0,0,0,0,0,,,,,,,0,,,0
20914583,0,0,,0,0,0,0,0,0,0,0,0,0,0,0,0,,,,,,,0,,,0
20915207,0,0,A,0,0,0,0,0,1,0,0,0,0,0,0,0,,,,,,,0,,,0
20915210,0,0,A,0,0,0,0,0,0,0,0,0,0,0,0,0,,,,,,,0,,1,0
20915296,0,0,3,0,0,0,0,0,0,0,0,0,0,0,0,0,,,,,,,0,,1,0
20928528,0,0,,0,0,0,0,0,0,0,0,0,0,0,0,0,,,,,,,0,,,0
20928531,0,0,,0,0,0,0,0,0,0,0,0,0,0,0,0,,,,,,,0,,,0
20930771,0,0,,0,0,0,0,0,0,0,0,0,0,0,0,0,,,,,,,0,,,0
20930774,0,0,,0,0,0,0,0,0,0,0,0,0,0,0,0,,,,,,,0,,,0
20932324,0,0,,0,0,0,0,0,0,0,0,0,0,0,0,0,,,,,,,0,,,0
20932327,0,0,,0,0,0,0,0,0,0,0,0,0,0,0,0,,,,,,,0,,,0
20943299,0,0,,0,0,0,0,0,0,0,0,0,0,0,0,0,,,,,,,0,,,0
20943302,0,0,,0,0,0,0,0,0,0,0,0,0,0,0,0,,,,,,,0,,,0
20985936,0,0,,0,0,0,0,0,0,0,0,0,0,0,0,0,,,,,,,0,,,0
20988068,0,0,,0,0,0,0,0,0,0,0,0,0,0,0,0,,,,,,,0,,,0
20988076,0,0,,0,0,0,0,0,1,0,0,0,0,0,0,0,,,,,,,0,,,0
20988079,0,0,,0,0,0,0,0,0,0,0,0,0,0,0,0,,,,,,,0,,,0
20988158,0,0,,0,0,0,0,0,0,0,0,0,0,0,0,0,,,,,,,0,,,0
20988161,0,0,,0,0,0,0,0,0,0,0,0,0,0,0,0,,,,,,,0,,,0
20988164,0,0,,0,0,0,0,0,0,0,0,0,0,0,0,0,,,,,,,0,,1,0
21001756,0,0,,0,0,0,0,0,0,0,0,0,0,0,0,0,,,,,,,0,,,0
21013066,0,0,A,0,0,0,0,0,0,0,0,0,0,0,0,0,,,,,,,0,,1,0
21603678,0,0,,0,0,0,0,0,0,0,0,0,0,0,0,0,,,,,,,0,,,0
21603681,0,0,,0,0,0,0,0,0,0,0,0,0,0,0,0,,,,,,,0,,,0
21603684,0,0,,0,0,0,0,0,0,0,0,0,0,0,0,0,,,,,,,0,,,0
21603687,0,0,,0,0,0,0,0,0,0,0,0,0,0,0,0,,,,,,,0,,,0
21603690,0,0,,0,0,0,0,0,0,0,0,0,0,0,0,0,,,,,,,0,,,0
21603699,0,0,,0,0,0,0,0,0,0,0,0,0,0,0,0,,,,,,,0,,,0
21667166,0,0,,0,0,0,0,0,0,0,0,0,0,0,0,0,,,,,,,0,,,0
21668003,0,0,,0,0,0,0,0,0,0,0,0,0,0,0,0,,,,,,,0,,,0
21668006,0,0,,0,0,0,0,0,0,0,0,0,0,0,0,0,,,,,,,0,,,0
21670672,0,0,,0,0,0,0,0,0,0,0,0,0,0,0,0,,,,,,,0,,,0
21670675,0,0,,0,0,0,0,0,0,0,0,0,0,0,0,0,,,,,,,0,,,0
21670678,0,0,,0,0,0,0,0,0,0,0,0,0,0,0,0,,,,,,,0,,,0
21670681,0,0,,0,0,0,0,0,0,0,0,0,0,0,0,0,,,,,,,0,,,0
21690561,0,0,,0,0,0,0,0,0,0,0,0,0,0,0,0,,,,,,,0,,,0
21690564,0,0,,0,0,0,0,0,0,0,0,0,0,0,0,0,,,,,,,0,,,0
21690693,0,0,,0,0,0,0,0,0,0,0,0,0,0,0,0,,,,,,,0,,,0
21690696,0,0,,0,0,0,0,0,0,0,0,0,0,0,0,0,,,,,,,0,,,0
21690842,0,0,,0,0,0,0,0,0,0,0,0,0,0,0,0,,,,,,,0,,,0
21690845,0,0,,0,0,0,0,0,0,0,0,0,0,0,0,0,,,,,,,0,,,0
21730392,0,0,,0,0,0,0,0,0,0,0,0,0,0,0,0,,,,,,,0,,,0
22201289,0,0,,0,0,0,0,0,0,0,0,0,0,0,0,0,,,,,,,0,,,0
22201292,0,0,,0,0,0,0,0,0,0,0,0,0,0,0,0,,,,,,,0,,,0
22201331,0,0,,0,0,0,0,0,0,0,0,0,0,0,0,0,,,,,,,0,,2,0
22201334,0,0,,0,0,0,0,0,0,0,0,0,0,0,0,0,,,,,,,0,,2,0
22213320,0,0,,0,0,0,0,0,0,0,0,0,0,0,0,0,,,,,,,0,,,0
22316951,0,0,,0,0,0,0,0,0,0,0,0,0,0,0,0,,,,,,,0,,,0
22316954,0,0,,0,0,0,0,0,0,0,0,0,0,0,0,0,,,,,,,0,,,0
22322281,0,0,,0,0,0,0,0,0,0,0,0,0,0,0,0,,,,,,,0,,,0
22322284,0,0,,0,0,0,0,0,0,0,0,0,0,0,0,0,,,,,,,0,,,0
22322291,0,0,,0,0,0,0,0,0,0,0,0,0,0,0,0,,,,,,,0,,,0
22334700,0,0,,0,0,0,0,0,0,0,0,0,0,0,0,0,,,,,,,0,,,0
22336638,0,0,,0,0,0,0,0,0,0,0,0,0,0,0,0,,,,,,,0,,,0
22336641,0,0,,0,0,0,0,0,0,0,0,0,0,0,0,0,,,,,,,0,,,0
22338722,0,0,,0,0,0,0,0,0,0,0,0,0,0,0,0,,,,,,,0,,,0
22347338,0,0,,0,0,0,0,0,0,0,0,0,0,0,0,0,,,,,,,0,,,0
22347341,0,0,,0,0,0,0,0,0,0,0,0,0,0,0,0,,,,,,,0,,,0
22352571,0,0,,0,0,0,0,0,0,0,0,0,0,0,0,0,,,,,,,0,,,0
22363082,0,0,,0,0,0,0,0,0,0,0,0,0,0,0,0,,,,,,,0,,,0
22372491,0,0,,0,0,0,0,0,0,0,0,0,0,0,0,0,,,,,,,0,,,0
22372494,0,0,,0,0,0,0,0,0,0,0,0,0,0,0,0,,,,,,,0,,,0
22394552,0,0,1,0,0,0,0,0,0,0,0,0,0,0,0,0,,,,,,,0,,1,0
22435541,0,0,,0,0,0,0,0,0,0,0,0,0,0,0,0,,,,,,,0,,,0
22440083,0,0,,0,0,0,0,0,0,0,0,0,0,0,0,0,,,,,,,0,,,0
22440086,0,0,,0,0,0,0,0,0,0,0,0,0,0,0,0,,,,,,,0,,1,0
22440092,0,0,3,0,0,0,0,0,0,0,0,0,0,0,0,0,,,,,,,0,,2,0
22447102,0,0,,0,0,0,0,0,0,0,0,0,0,0,0,0,,,,,,,0,,,0
22447106,0,0,,0,0,0,0,0,0,0,0,0,0,0,0,0,,,,,,,0,,,0
22447108,0,0,,0,0,0,0,0,0,0,0,0,0,0,0,0,,,,,,,0,,,0
22450971,0,0,,0,0,0,0,0,0,0,0,0,0,0,0,0,,,,,,,0,,,0
22455071,0,0,,0,0,0,0,0,0,0,0,0,0,0,0,0,,,,,,,0,,,0
22464052,0,0,,0,0,0,0,0,0,0,0,0,0,0,0,0,,,,,,,0,,,0
22464854,0,0,,0,0,0,0,0,0,0,0,0,0,0,0,0,,,,,,,0,,2,0
22466664,0,0,,0,0,0,0,0,0,0,0,0,0,0,0,0,,,,,,,0,,,0
22508192,0,0,,0,0,0,0,0,0,0,0,0,0,0,0,0,,,,,,,0,,,0
22515563,0,0,,0,0,0,0,0,0,0,0,0,0,0,0,0,,,,,,,0,,,0
22526538,0,0,,0,0,0,0,0,0,0,0,0,0,0,0,0,,,,,,,0,,,0
22564451,0,0,,0,0,0,0,0,0,0,0,0,0,0,0,0,,,,,,,0,,,0
22564454,0,0,,0,0,0,0,0,0,0,0,0,0,0,0,0,,,,,,,0,,,0
22570210,0,0,,0,0,0,0,0,0,0,0,0,0,0,0,0,,,,,,,0,,,0
22574009,0,0,,0,0,0,0,0,0,0,0,0,0,0,0,0,,,,,,,0,,,0
22574012,0,0,,0,0,0,0,0,0,0,0,0,0,0,0,0,,,,,,,0,,,0
22576086,0,0,,0,0,0,0,0,0,0,0,0,0,0,0,0,,,,,,,0,,,0
22576089,0,0,,0,0,0,0,0,0,0,0,0,0,0,0,0,,,,,,,0,,,0
22581600,0,0,,0,0,0,0,0,0,0,0,0,0,0,0,0,,,,,,,0,,,0
22581603,0,0,,0,0,0,0,0,0,0,0,0,0,0,0,0,,,,,,,0,,,0
22581606,0,0,,0,0,0,0,0,0,0,0,0,0,0,0,0,,,,,,,0,,,0
22584582,0,0,,0,0,0,0,0,0,0,0,0,0,0,0,0,,,,,,,0,,2,0
22584585,0,0,,0,0,0,0,0,0,0,0,0,0,0,0,0,,,,,,,0,,,0
22592376,0,0,,0,0,0,0,0,0,0,0,0,0,0,0,0,,,,,,,0,,,0
22592487,0,0,,0,0,0,0,0,0,0,0,0,0,0,0,0,,,,,,,0,,,0
22592493,0,0,,0,0,0,0,0,0,0,0,0,0,0,0,0,,,,,,,0,,,0
22592496,0,0,,0,0,0,0,0,0,0,0,0,0,0,0,0,,,,,,,0,,,0
22594050,0,0,3,0,0,0,0,0,0,0,0,0,0,0,0,0,,,,,,,0,,1,0
22594053,0,0,3,0,0,0,0,0,0,0,0,0,0,0,0,0,,,,,,,0,,1,0
22594056,0,0,,0,0,0,0,0,0,0,0,0,0,0,0,0,,,,,,,0,,1,0
22600449,0,0,,0,0,0,0,0,0,0,0,0,0,0,0,0,,,,,,,0,,,0
22600452,0,0,,0,0,0,0,0,0,0,0,0,0,0,0,0,,,,,,,0,,,0
22603275,0,0,,0,0,0,0,0,0,0,0,0,0,0,0,0,,,,,,,0,,,0
22603278,0,0,,0,0,0,0,0,0,0,0,0,0,0,0,0,,,,,,,0,,,0
22606608,0,0,,0,0,0,0,0,0,0,0,0,0,0,0,0,,,,,,,0,,,0
22606614,0,0,,0,0,0,0,0,0,0,0,0,0,0,0,0,,,,,,,0,,,0
22606617,0,0,,0,0,0,0,0,0,0,0,0,0,0,0,0,,,,,,,0,,,0
22610409,0,0,,0,0,0,0,0,0,0,0,0,0,0,0,0,,,,,,,0,,,0
22625840,0,0,3,0,0,0,0,0,0,0,0,0,0,0,0,0,,,,,,,0,,1,0
22625843,0,0,3,0,0,0,0,0,0,0,0,0,0,0,0,0,,,,,,,0,,1,0
22628841,0,0,,0,0,0,0,0,0,0,0,0,0,0,0,0,,,,,,,0,,,0
22628844,0,0,,0,0,0,0,0,0,0,0,0,0,0,0,0,,,,,,,0,,,0
22630779,0,0,,0,0,0,0,0,0,0,0,0,0,0,0,0,,,,,,,0,,,0
22630782,0,0,,0,0,0,0,0,0,0,0,0,0,0,0,0,,,,,,,0,,,0
22632180,0,0,,0,0,0,0,0,0,0,0,0,0,0,0,0,,,,,,,0,,,0
22632183,0,0,,0,0,0,0,0,0,0,0,0,0,0,0,0,,,,,,,0,,,0
22634586,0,0,1,0,0,0,0,0,0,0,0,0,0,0,0,0,,,,,,,0,,,0
22634589,0,0,1,0,0,0,0,0,0,0,0,0,0,0,0,0,,,,,,,0,,,0
22634835,0,0,,0,0,0,0,0,0,0,0,0,0,0,0,0,,,,,,,0,,,0
22649991,0,0,,0,0,0,0,0,0,0,0,0,0,0,0,0,,,,,,,0,,,0
22649994,0,0,,0,0,0,0,0,0,0,0,0,0,0,0,0,,,,,,,0,,,0
22658646,0,0,,0,0,0,0,0,0,0,0,0,0,0,0,0,,,,,,,0,,,0
22658649,0,0,,0,0,0,0,0,0,0,0,0,0,0,0,0,,,,,,,0,,,0
22665287,0,0,,0,0,0,0,0,0,0,0,0,0,0,0,0,,,,,,,0,,,0
22665290,0,0,,0,0,0,0,0,0,0,0,0,0,0,0,0,,,,,,,0,,,0
22671510,0,0,,0,0,0,0,0,0,0,0,0,0,0,0,0,,,,,,,0,,,0
22674428,0,0,3,0,0,0,0,0,0,0,0,0,0,0,0,0,,,,,,,0,,,0
22674431,0,0,3,0,0,0,0,0,0,0,0,0,0,0,0,0,,,,,,,0,,1,0
22679223,0,0,1,0,0,0,0,0,0,0,0,0,0,0,0,0,,,,,,,0,,,0
22679226,0,0,1,0,0,0,0,0,0,0,0,0,0,0,0,0,,,,,,,0,,,0
22682714,0,0,,0,0,0,0,0,0,0,0,0,0,0,0,0,,,,,,,0,,,0
22688601,0,0,A,0,0,0,0,0,0,0,0,0,0,0,0,0,,,,,,,0,,,0
22688604,0,0,A,0,0,0,0,0,0,0,0,0,0,0,0,0,,,,,,,0,,1,0
22689596,0,0,,0,0,0,0,0,0,0,0,0,0,0,0,0,,,,,,,0,,,0
22689599,0,0,,0,0,0,0,0,0,0,0,0,0,0,0,0,,,,,,,0,,,0
22689602,0,0,,0,0,0,0,0,0,0,0,0,0,0,0,0,,,,,,,0,,,0
22689608,0,0,,0,0,0,0,0,0,0,0,0,0,0,0,0,,,,,,,0,,,0
22705862,0,0,,0,0,0,0,0,0,0,0,0,0,0,0,0,,,,,,,0,,,0
22705865,0,0,,0,0,0,0,0,0,0,0,0,0,0,0,0,,,,,,,0,,,0
22708337,0,0,,0,0,0,0,0,0,0,0,0,0,0,0,0,,,,,,,0,,,0
22723265,0,0,,0,0,0,0,0,0,0,0,0,0,0,0,0,,,,,,,0,,,0
22738899,0,0,1,0,0,0,0,0,0,0,0,0,0,0,0,0,,,,,,,0,,,0
22738902,0,0,1,0,0,0,0,0,0,0,0,0,0,0,0,0,,,,,,,0,,,0
22741970,0,0,,0,0,0,0,0,0,0,0,0,0,0,0,0,,,,,,,0,,,0
22741973,0,0,,0,0,0,0,0,0,0,0,0,0,0,0,0,,,,,,,0,,,0
22741982,0,0,,0,0,0,0,0,0,0,0,0,0,0,0,0,,,,,,,0,,,0
22744607,0,0,,0,0,0,0,0,0,0,0,0,0,0,0,0,,,,,,,0,,,0
22749404,0,0,,0,0,0,0,0,0,0,0,0,0,0,0,0,,,,,,,0,,,0
22749407,0,0,,0,0,0,0,0,0,0,0,0,0,0,0,0,,,,,,,0,,,0
22761005,0,0,,0,0,0,0,0,0,0,0,0,0,0,0,0,,,,,,,0,,1,0
22768986,0,0,1,0,0,0,0,0,1,0,0,0,0,0,0,0,,,,,,,0,,1,0
22768989,0,0,1,0,0,0,0,0,1,0,0,0,0,0,0,0,,,,,,,0,,1,0
22769651,0,0,,0,0,0,0,0,0,0,0,0,0,0,0,0,,,,,,,0,,,0
22769657,0,0,,0,0,0,0,0,0,0,0,0,0,0,0,0,,,,,,,0,,,0
22771709,0,0,,0,0,0,0,0,0,0,0,0,0,0,0,0,,,,,,,0,,,0
22776149,0,0,,0,0,0,0,0,1,0,0,0,0,0,0,0,,,,,,,0,,,0
22776152,0,0,,0,0,0,0,0,0,0,0,0,0,0,0,0,,,,,,,0,,,0
22778606,0,0,,0,0,0,0,0,0,0,0,0,0,0,0,0,,,,,,,0,,,0
22778609,0,0,,0,0,0,0,0,0,0,0,0,0,0,0,0,,,,,,,0,,,0
22781174,0,0,,0,0,0,0,0,0,0,0,0,0,0,0,0,,,,,,,0,,,0
22781177,0,0,,0,0,0,0,0,0,0,0,0,0,0,0,0,,,,,,,0,,,0
22788221,0,0,,0,0,0,0,0,0,0,0,0,0,0,0,0,,,,,,,0,,2,0
22790729,0,0,,0,0,0,0,0,0,0,0,0,0,0,0,0,,,,,,,0,,,0
22793790,0,0,,0,0,0,0,0,0,0,0,0,0,0,0,0,,,,,,,0,,1,0
22793793,0,0,,0,0,0,0,0,0,0,0,0,0,0,0,0,,,,,,,0,,1,0
22803185,0,0,,0,0,0,0,0,0,0,0,0,0,0,0,0,,,,,,,0,,,0
22803188,0,0,,0,0,0,0,0,0,0,0,0,0,0,0,0,,,,,,,0,,,0
22808528,0,0,,0,0,0,0,0,0,0,0,0,0,0,0,0,,,,,,,0,,,0
22808552,0,0,,0,0,0,0,0,0,0,0,0,0,0,0,0,,,,,,,0,,,0
22808555,0,0,,0,0,0,0,0,0,0,0,0,0,0,0,0,,,,,,,0,,,0
22808573,0,0,,0,0,0,0,0,0,0,0,0,0,0,0,0,,,,,,,0,,,0
22808591,0,0,,0,0,0,0,0,0,0,0,0,0,0,0,0,,,,,,,0,,,0
22808594,0,0,,0,0,0,0,0,0,0,0,0,0,0,0,0,,,,,,,0,,,0
22810364,0,0,,0,0,0,0,0,0,0,0,0,0,0,0,0,,,,,,,0,,,0
22810367,0,0,,0,0,0,0,0,0,0,0,0,0,0,0,0,,,,,,,0,,,0
22810370,0,0,,0,0,0,0,0,0,0,0,0,0,0,0,0,,,,,,,0,,,0
22810376,0,0,,0,0,0,0,0,0,0,0,0,0,0,0,0,,,,,,,0,,,0
22810379,0,0,,0,0,0,0,0,0,0,0,0,0,0,0,0,,,,,,,0,,,0
22813041,0,0,1,0,0,0,0,0,0,0,0,0,0,0,0,0,,,,,,,0,,,0
22814690,0,0,,0,0,0,0,0,0,0,0,0,0,0,0,0,,,,,,,0,,,0
22814693,0,0,,0,0,0,0,0,0,0,0,0,0,0,0,0,,,,,,,0,,,0
22814696,0,0,,0,0,0,0,0,0,0,0,0,0,0,0,0,,,,,,,0,,,0
22814699,0,0,,0,0,0,0,0,0,0,0,0,0,0,0,0,,,,,,,0,,,0
22814702,0,0,,0,0,0,0,0,0,0,0,0,0,0,0,0,,,,,,,0,,,0
22814966,0,0,,0,0,0,0,0,0,0,0,0,0,0,0,0,,,,,,,0,,,0
22902434,0,0,,0,0,0,0,0,0,0,0,0,0,0,0,0,,,,,,,0,,,0
22902455,0,0,,0,0,0,0,0,1,0,0,0,0,0,0,0,,,,,,,0,,,0
22947891,0,0,,0,0,0,0,0,0,0,0,0,0,0,0,0,,,,,,,0,,,0
22947894,0,0,,0,0,0,0,0,0,0,0,0,0,0,0,0,,,,,,,0,,,0
22947897,0,0,,0,0,0,0,0,0,0,0,0,0,0,0,0,,,,,,,0,,,0
22947945,0,0,,0,0,0,0,0,0,0,0,0,0,0,0,0,,,,,,,0,,,0
22947948,0,0,,0,0,0,0,0,0,0,0,0,0,0,0,0,,,,,,,0,,,0
22947954,0,0,,0,0,0,0,0,0,0,0,0,0,0,0,0,,,,,,,0,,,0
22947957,0,0,,0,0,0,0,0,0,0,0,0,0,0,0,0,,,,,,,0,,,0
22947960,0,0,,0,0,0,0,0,0,0,0,0,0,0,0,0,,,,,,,0,,,0
22984251,0,0,,0,0,0,0,0,0,0,0,0,0,0,0,0,,,,,,,0,,,0
22984254,0,0,,0,0,0,0,0,0,0,0,0,0,0,0,0,,,,,,,0,,,0
23055338,0,0,,0,0,0,0,0,0,0,0,0,0,0,0,0,,,,,,,0,,,0
23062397,0,0,,0,0,0,0,0,0,0,0,0,0,0,0,0,,,,,,,0,,,0
23067839,0,0,,0,0,0,0,0,0,0,0,0,0,0,0,0,,,,,,,0,,,0
23067887,0,0,,0,0,0,0,0,0,0,0,0,0,0,0,0,,,,,,,0,,,0
23067890,0,0,,0,0,0,0,0,0,0,0,0,0,0,0,0,,,,,,,0,,,0
23068334,0,0,,0,0,0,0,0,0,0,0,0,0,0,0,0,,,,,,,0,,2,0
23074716,0,0,,0,0,0,0,0,0,0,0,0,0,0,0,0,,,,,,,0,,,0
23074719,0,0,,0,0,0,0,0,0,0,0,0,0,0,0,0,,,,,,,0,,,0
23074725,0,0,,0,0,0,0,0,0,0,0,0,0,0,0,0,,,,,,,0,,,0
23074728,0,0,,0,0,0,0,0,0,0,0,0,0,0,0,0,,,,,,,0,,,0
23083238,0,0,,0,0,0,0,0,0,0,0,0,0,0,0,0,,,,,,,0,,,0
23083244,0,0,,0,0,0,0,0,0,0,0,0,0,0,0,0,,,,,,,0,,,0
23087546,0,0,,0,0,0,0,0,0,0,0,0,0,0,0,0,,,,,,,0,,2,0
23087555,0,0,1,0,0,0,0,0,0,0,0,0,0,0,0,0,,,,,,,0,,1,0
23087558,0,0,1,0,0,0,0,0,0,0,0,0,0,0,0,0,,,,,,,0,,1,0
23087570,0,0,,0,0,0,0,0,0,0,0,0,0,0,0,0,,,,,,,0,,,0
23087573,0,0,,0,0,0,0,0,0,0,0,0,0,0,0,0,,,,,,,0,,,0
23093543,0,0,,0,0,0,0,0,0,0,0,0,0,0,0,0,,,,,,,0,,,0
23094306,0,0,,0,0,0,0,0,0,0,0,0,0,0,0,0,,,,,,,0,,,0
23094309,0,0,,0,0,0,0,0,0,0,0,0,0,0,0,0,,,,,,,0,,,0
23094312,0,0,,0,0,0,0,0,0,0,0,0,0,0,0,0,,,,,,,0,,,0
23094315,0,0,,0,0,0,0,0,0,0,0,0,0,0,0,0,,,,,,,0,,,0
23095301,0,0,,0,0,0,0,0,0,0,0,0,0,0,0,0,,,,,,,0,,,0
23095304,0,0,,0,0,0,0,0,0,0,0,0,0,0,0,0,,,,,,,0,,,0
23095307,0,0,,0,0,0,0,0,0,0,0,0,0,0,0,0,,,,,,,0,,,0
23096372,0,0,,0,0,0,0,0,0,0,0,0,0,0,0,0,,,,,,,0,,,0
23096375,0,0,,0,0,0,0,0,0,0,0,0,0,0,0,0,,,,,,,0,,,0
23096378,0,0,,0,0,0,0,0,0,0,0,0,0,0,0,0,,,,,,,0,,,0
23097947,0,0,,0,0,0,0,0,0,0,0,0,0,0,0,0,,,,,,,0,,,0
23097950,0,0,,0,0,0,0,0,0,0,0,0,0,0,0,0,,,,,,,0,,,0
23098770,0,0,,0,0,0,0,0,0,0,0,0,0,0,0,0,,,,,,,0,,,0
23099862,0,0,,0,0,0,0,0,0,0,0,0,0,0,0,0,,,,,,,0,,2,0
23101602,0,0,,0,0,0,0,0,0,0,0,0,0,0,0,0,,,,,,,0,,,0
23102399,0,0,,0,0,0,0,0,0,0,0,0,0,0,0,0,,,,,,,0,,,0
23102408,0,0,,0,0,0,0,0,0,0,0,0,0,0,0,0,,,,,,,0,,,0
23103912,0,0,1,0,0,0,0,0,0,0,0,0,0,0,0,0,,,,,,,0,,1,0
23103915,0,0,1,0,0,0,0,0,0,0,0,0,0,0,0,0,,,,,,,0,,1,0
23104800,0,0,,0,0,0,0,0,0,0,0,0,0,0,0,0,,,,,,,0,,,0
23104803,0,0,,0,0,0,0,0,0,0,0,0,0,0,0,0,,,,,,,0,,,0
23106066,0,0,,0,0,0,0,0,0,0,0,0,0,0,0,0,,,,,,,0,,2,0
23113479,0,0,,0,0,0,0,0,0,0,0,0,0,0,0,0,,,,,,,0,,,0
23113482,0,0,,0,0,0,0,0,0,0,0,0,0,0,0,0,,,,,,,0,,,0
23118285,0,0,,0,0,0,0,0,1,0,0,0,0,0,0,0,,,,,,,0,,1,0
23118288,0,0,,0,0,0,0,0,1,0,0,0,0,0,0,0,,,,,,,0,,1,0
23129953,0,0,,0,0,0,0,0,0,0,0,0,0,0,0,0,,,,,,,0,,,0
23129955,0,0,,0,0,0,0,0,0,0,0,0,0,0,0,0,,,,,,,0,,,0
23199574,0,0,,0,0,0,0,0,0,0,0,0,0,0,0,0,,,,,,,0,,,0
23199577,0,0,,0,0,0,0,0,0,0,0,0,0,0,0,0,,,,,,,0,,,0
23199580,0,0,,0,0,0,0,0,0,0,0,0,0,0,0,0,,,,,,,0,,,0
23203352,0,0,,0,0,0,0,0,0,0,0,0,0,0,0,0,,,,,,,0,,,0
23214521,0,0,A,0,0,0,0,0,0,0,0,0,0,0,0,0,,,,,,,0,,1,0
23214524,0,0,A,0,0,0,0,0,0,0,0,0,0,0,0,0,,,,,,,0,,1,0
23240398,0,0,,0,0,0,0,0,0,0,0,0,0,0,0,0,,,,,,,0,,,0
23240401,0,0,,0,0,0,0,0,0,0,0,0,0,0,0,0,,,,,,,0,,,0
23242405,0,0,,0,0,0,0,0,0,0,0,0,0,0,0,0,,,,,,,0,,,0
23244131,0,0,,0,0,0,0,0,0,0,0,0,0,0,0,0,,,,,,,0,,,0
23244134,0,0,,0,0,0,0,0,0,0,0,0,0,0,0,0,,,,,,,0,,1,0
23245121,0,0,,0,0,0,0,0,0,0,0,0,0,0,0,0,,,,,,,0,,1,0
23246932,0,0,,0,0,0,0,0,0,0,0,0,0,0,0,0,,,,,,,0,,,0
23246935,0,0,,0,0,0,0,0,0,0,0,0,0,0,0,0,,,,,,,0,,,0
23248183,0,0,,0,0,0,0,0,0,0,0,0,0,0,0,0,,,,,,,0,,,0
23248186,0,0,,0,0,0,0,0,0,0,0,0,0,0,0,0,,,,,,,0,,,0
23248262,0,0,,0,0,0,0,0,0,0,0,0,0,0,0,0,,,,,,,0,,,0
23252141,0,0,,0,0,0,0,0,1,0,0,0,0,0,0,0,,,,,,,0,,1,0
23256038,0,0,,0,0,0,0,0,0,0,0,0,0,0,0,0,,,,,,,0,,,0
23259959,0,0,,0,0,0,0,0,0,0,0,0,0,0,0,0,,,,,,,0,,1,0
23271062,0,0,,0,0,0,0,0,0,0,0,0,0,0,0,0,,,,,,,0,,,0
23271065,0,0,,0,0,0,0,0,0,0,0,0,0,0,0,0,,,,,,,0,,,0
23271068,0,0,,0,0,0,0,0,0,0,0,0,0,0,0,0,,,,,,,0,,,0
23271071,0,0,,0,0,0,0,0,0,0,0,0,0,0,0,0,,,,,,,0,,,0
23274523,0,0,,0,0,0,0,0,0,0,0,0,0,0,0,0,,,,,,,0,,,0
23274529,0,0,,0,0,0,0,0,0,0,0,0,0,0,0,0,,,,,,,0,,,0
23274532,0,0,,0,0,0,0,0,0,0,0,0,0,0,0,0,,,,,,,0,,,0
23304116,0,0,,0,0,0,0,0,0,0,0,0,0,0,0,0,,,,,,,0,,,0
23304119,0,0,,0,0,0,0,0,0,0,0,0,0,0,0,0,,,,,,,0,,,0
23318414,0,0,,0,0,0,0,0,0,0,0,0,0,0,0,0,,,,,,,0,,,0
23318417,0,0,,0,0,0,0,0,0,0,0,0,0,0,0,0,,,,,,,0,,,0
23318483,0,0,1,0,0,0,0,0,0,0,0,0,0,0,0,0,,,,,,,0,,1,0
23318486,0,0,1,0,0,0,0,0,0,0,0,0,0,0,0,0,,,,,,,0,,1,0
23318495,0,0,,0,0,0,0,0,0,0,0,0,0,0,0,0,,,,,,,0,,2,0
23319914,0,0,,0,0,0,0,0,0,0,0,0,0,0,0,0,,,,,,,0,,,0
23319917,0,0,,0,0,0,0,0,0,0,0,0,0,0,0,0,,,,,,,0,,,0
23319920,0,0,,0,0,0,0,0,0,0,0,0,0,0,0,0,,,,,,,0,,,0
23319923,0,0,,0,0,0,0,0,0,0,0,0,0,0,0,0,,,,,,,0,,,0
23323765,0,0,,0,0,0,0,0,1,0,0,0,0,0,0,0,,,,,,,0,,1,0
23323768,0,0,,0,0,0,0,0,1,0,0,0,0,0,0,0,,,,,,,0,,1,0
23326228,0,0,,0,0,0,0,0,0,0,0,0,0,0,0,0,,,,,,,0,,,0
23338637,0,0,,0,0,0,0,0,1,0,0,0,0,0,0,0,,,,,,,0,,1,0
23338640,0,0,,0,0,0,0,0,1,0,0,0,0,0,0,0,,,,,,,0,,1,0
23344924,0,0,,0,0,0,0,0,0,0,0,0,0,0,0,0,,,,,,,0,,,0
23344939,0,0,,0,0,0,0,0,0,0,0,0,0,0,0,0,,,,,,,0,,,0
23350559,0,0,,0,0,0,0,0,0,0,0,0,0,0,0,0,,,,,,,0,,,0
23350562,0,0,,0,0,0,0,0,0,0,0,0,0,0,0,0,,,,,,,0,,,0
23350585,0,0,,0,0,0,0,0,0,0,0,0,0,0,0,0,,,,,,,0,,,0
23350616,0,0,,0,0,0,0,0,0,0,0,0,0,0,0,0,,,,,,,0,,,0
23350619,0,0,,0,0,0,0,0,0,0,0,0,0,0,0,0,,,,,,,0,,,0
23350625,0,0,,0,0,0,0,0,0,0,0,0,0,0,0,0,,,,,,,0,,,0
23352412,0,0,,0,0,0,0,0,0,0,0,0,0,0,0,0,,,,,,,0,,,0
23355559,0,0,,0,0,0,0,0,0,0,0,0,0,0,0,0,,,,,,,0,,,0
23355562,0,0,,0,0,0,0,0,0,0,0,0,0,0,0,0,,,,,,,0,,,0
23359979,0,0,5,0,0,0,0,0,0,0,0,0,0,0,0,0,,,,,,,0,,1,0
23359982,0,0,5,0,0,0,0,0,0,0,0,0,0,0,0,0,,,,,,,0,,1,0
23363312,0,0,,0,0,0,0,0,0,0,0,0,0,0,0,0,,,,,,,0,,,0
23370493,0,0,,0,0,0,0,0,0,0,0,0,0,0,0,0,,,,,,,0,,,0
23370496,0,0,,0,0,0,0,0,0,0,0,0,0,0,0,0,,,,,,,0,,,0
23379121,0,0,,0,0,0,0,0,0,0,0,0,0,0,0,0,,,,,,,0,,,0
23379958,0,0,,0,0,0,0,0,0,0,0,0,0,0,0,0,,,,,,,0,,,0
23379961,0,0,,0,0,0,0,0,0,0,0,0,0,0,0,0,,,,,,,0,,,0
23379964,0,0,,0,0,0,0,0,0,0,0,0,0,0,0,0,,,,,,,0,,,0
23379967,0,0,,0,0,0,0,0,0,0,0,0,0,0,0,0,,,,,,,0,,,0
23379970,0,0,,0,0,0,0,0,0,0,0,0,0,0,0,0,,,,,,,0,,,0
23379973,0,0,,0,0,0,0,0,0,0,0,0,0,0,0,0,,,,,,,0,,,0
23381221,0,0,,0,0,0,0,0,0,0,0,0,0,0,0,0,,,,,,,0,,,0
23382868,0,0,,0,0,0,0,0,0,0,0,0,0,0,0,0,,,,,,,0,,,0
23391500,0,0,,0,0,0,0,0,0,0,0,0,0,0,0,0,,,,,,,0,,,0
23391503,0,0,,0,0,0,0,0,0,0,0,0,0,0,0,0,,,,,,,0,,,0
23404204,0,0,,0,0,0,0,0,0,0,0,0,0,0,0,0,,,,,,,0,,2,0
23406818,0,0,,0,0,0,0,0,0,0,0,0,0,0,0,0,,,,,,,0,,,0
23406821,0,0,,0,0,0,0,0,0,0,0,0,0,0,0,0,,,,,,,0,,,0
23408672,0,0,,0,0,0,0,0,0,0,0,0,0,0,0,0,,,,,,,0,,,0
23408767,0,0,,0,0,0,0,0,0,0,0,0,0,0,0,0,,,,,,,0,,,0
23412034,0,0,A,0,0,0,0,0,0,0,0,0,0,0,0,0,,,,,,,0,,1,0
23415731,0,0,,0,0,0,0,0,0,0,0,0,0,0,0,0,,,,,,,0,,,0
23416865,0,0,,0,0,0,0,0,0,0,0,0,0,0,0,0,,,,,,,0,,,0
23416868,0,0,,0,0,0,0,0,0,0,0,0,0,0,0,0,,,,,,,0,,,0
23416871,0,0,,0,0,0,0,0,0,0,0,0,0,0,0,0,,,,,,,0,,2,0
23416874,0,0,,0,0,0,0,0,0,0,0,0,0,0,0,0,,,,,,,0,,2,0
23416877,0,0,,0,0,0,0,0,0,0,0,0,0,0,0,0,,,,,,,0,,,0
23437477,0,0,,0,0,0,0,0,0,0,0,0,0,0,0,0,,,,,,,0,,,0
23437480,0,0,,0,0,0,0,0,0,0,0,0,0,0,0,0,,,,,,,0,,,0
23440015,0,0,,0,0,0,0,0,0,0,0,0,0,0,0,0,,,,,,,0,,1,0
23443389,0,0,,0,0,0,0,0,0,0,0,0,0,0,0,0,,,,,,,0,,,0
23451699,0,0,,0,0,0,0,0,1,0,0,0,0,0,0,0,,,,,,,0,,,0
23456105,0,0,,0,0,0,0,0,0,0,0,0,0,0,0,0,,,,,,,0,,,0
23460095,0,0,,0,0,0,0,0,0,0,0,0,0,0,0,0,,,,,,,0,,,0
23461137,0,0,,0,0,0,0,0,0,0,0,0,0,0,0,0,,,,,,,0,,,0
23462157,0,0,,0,0,0,0,0,0,0,0,0,0,0,0,0,,,,,,,0,,,0
23468115,0,0,1,0,0,0,0,0,0,0,0,0,0,0,0,0,,,,,,,0,,1,0
23472607,0,0,,0,0,0,0,0,0,0,0,0,0,0,0,0,,,,,,,0,,,0
23472609,0,0,,0,0,0,0,0,0,0,0,0,0,0,0,0,,,,,,,0,,,0
23474635,0,0,,0,0,0,0,0,0,0,0,0,0,0,0,0,,,,,,,0,,,0
23476923,0,0,,0,0,0,0,0,0,0,0,0,0,0,0,0,,,,,,,0,,,0
23477736,0,0,,0,0,0,0,0,0,0,0,0,0,0,0,0,,,,,,,0,,,0
23477739,0,0,,0,0,0,0,0,0,0,0,0,0,0,0,0,,,,,,,0,,,0
23477742,0,0,,0,0,0,0,0,0,0,0,0,0,0,0,0,,,,,,,0,,,0
23477745,0,0,,0,0,0,0,0,0,0,0,0,0,0,0,0,,,,,,,0,,,0
23478931,0,0,,0,0,0,0,0,0,0,0,0,0,0,0,0,,,,,,,0,,,0
23478934,0,0,,0,0,0,0,0,0,0,0,0,0,0,0,0,,,,,,,0,,1,0
23479311,0,0,,0,0,0,0,0,0,0,0,0,0,0,0,0,,,,,,,0,,,0
23483569,0,0,1,0,0,0,0,0,0,0,0,0,0,0,0,0,,,,,,,0,,,0
23483572,0,0,1,0,0,0,0,0,0,0,0,0,0,0,0,0,,,,,,,0,,,0
23492799,0,0,,0,0,0,0,0,0,0,0,0,0,0,0,0,,,,,,,0,,2,0
23497402,0,0,,0,0,0,0,0,0,0,0,0,0,0,0,0,,,,,,,0,,,0
23497405,0,0,,0,0,0,0,0,0,0,0,0,0,0,0,0,,,,,,,0,,,0
23500611,0,0,,0,0,0,0,0,1,0,0,0,0,0,0,0,,,,,,,0,,,0
23502033,0,0,,0,0,0,0,0,0,0,0,0,0,0,0,0,,,,,,,0,,,0
23502036,0,0,,0,0,0,0,0,0,0,0,0,0,0,0,0,,,,,,,0,,,0
23504622,0,0,,0,0,0,0,0,0,0,0,0,0,0,0,0,,,,,,,0,,,0
23504625,0,0,,0,0,0,0,0,0,0,0,0,0,0,0,0,,,,,,,0,,,0
23504628,0,0,,0,0,0,0,0,0,0,0,0,0,0,0,0,,,,,,,0,,,0
23507074,0,0,,0,0,0,0,0,0,0,0,0,0,0,0,0,,,,,,,0,,,0
23507874,0,0,,0,0,0,0,0,0,0,0,0,0,0,0,0,,,,,,,0,,,0
23507877,0,0,,0,0,0,0,0,0,0,0,0,0,0,0,0,,,,,,,0,,,0
23508414,0,0,,0,0,0,0,0,0,0,0,0,0,0,0,0,,,,,,,0,,,0
23522844,0,0,,0,0,0,0,0,0,0,0,0,0,0,0,0,,,,,,,0,,,0
23522847,0,0,,0,0,0,0,0,0,0,0,0,0,0,0,0,,,,,,,0,,,0
23524837,0,0,A,0,0,0,0,0,0,0,0,0,0,0,0,0,,,,,,,0,,,0
23524840,0,0,A,0,0,0,0,0,0,0,0,0,0,0,0,0,,,,,,,0,,1,0
23525634,0,0,,0,0,0,0,0,0,0,0,0,0,0,0,0,,,,,,,0,,1,0
23532699,0,0,1,0,0,0,0,0,0,0,0,0,0,0,0,0,,,,,,,0,,2,0
23541195,0,0,,0,0,0,0,0,0,0,0,0,0,0,0,0,,,,,,,0,,,0
23541198,0,0,,0,0,0,0,0,0,0,0,0,0,0,0,0,,,,,,,0,,,0
23576424,0,0,,0,0,0,0,0,0,0,0,0,0,0,0,0,,,,,,,0,,,0
23576850,0,0,,0,0,0,0,0,0,0,0,0,0,0,0,0,,,,,,,0,,,0
23576853,0,0,,0,0,0,0,0,0,0,0,0,0,0,0,0,,,,,,,0,,,0
23577949,0,0,,0,0,0,0,0,0,0,0,0,0,0,0,0,,,,,,,0,,2,0
23578209,0,0,,0,0,0,0,0,0,0,0,0,0,0,0,0,,,,,,,0,,,0
23587622,0,0,,0,0,0,0,0,0,0,0,0,0,0,0,0,,,,,,,0,,,0
23592512,0,0,,0,0,0,0,0,0,0,0,0,0,0,0,0,,,,,,,0,,,0
23623766,0,0,,0,0,0,0,0,0,0,0,0,0,0,0,0,,,,,,,0,,,0
23623772,0,0,,0,0,0,0,0,0,0,0,0,0,0,0,0,,,,,,,0,,,0
23739014,0,0,,0,0,0,0,0,0,0,0,0,0,0,0,0,,,,,,,0,,,0
23753454,0,0,,0,0,0,0,0,0,0,0,0,0,0,0,0,,,,,,,0,,,0
23754621,0,0,,0,0,0,0,0,0,0,0,0,0,0,0,0,,,,,,,0,,,0
23754624,0,0,,0,0,0,0,0,0,0,0,0,0,0,0,0,,,,,,,0,,1,0
23756183,0,0,,0,0,0,0,0,0,0,0,0,0,0,0,0,,,,,,,0,,,0
23756406,0,0,,0,0,0,0,0,0,0,0,0,0,0,0,0,,,,,,,0,,,0
23756410,0,0,,0,0,0,0,0,0,0,0,0,0,0,0,0,,,,,,,0,,,0
23756412,0,0,,0,0,0,0,0,0,0,0,0,0,0,0,0,,,,,,,0,,,0
23756697,0,0,,0,0,0,0,0,0,0,0,0,0,0,0,0,,,,,,,0,,,0
23756699,0,0,,0,0,0,0,0,0,0,0,0,0,0,0,0,,,,,,,0,,,0
23756701,0,0,,0,0,0,0,0,0,0,0,0,0,0,0,0,,,,,,,0,,,0
23756703,0,0,,0,0,0,0,0,0,0,0,0,0,0,0,0,,,,,,,0,,,0
23761204,0,0,,0,0,0,0,0,0,0,0,0,0,0,0,0,,,,,,,0,,,0
23761207,0,0,,0,0,0,0,0,0,0,0,0,0,0,0,0,,,,,,,0,,,0
23767873,0,0,,0,0,0,0,0,0,0,0,0,0,0,0,0,,,,,,,0,,,0
23767876,0,0,,0,0,0,0,0,0,0,0,0,0,0,0,0,,,,,,,0,,,0
23767885,0,0,,0,0,0,0,0,0,0,0,0,0,0,0,0,,,,,,,0,,,0
23784630,0,0,,0,0,0,0,0,0,0,0,0,0,0,0,0,,,,,,,0,,,0
23784739,0,0,,0,0,0,0,0,0,0,0,0,0,0,0,0,,,,,,,0,,,0
23784742,0,0,,0,0,0,0,0,0,0,0,0,0,0,0,0,,,,,,,0,,,0
23788123,0,0,,0,0,0,0,0,0,0,0,0,0,0,0,0,,,,,,,0,,1,0
23788126,0,0,,0,0,0,0,0,0,0,0,0,0,0,0,0,,,,,,,0,,1,0
23790334,0,0,3,0,0,0,0,0,0,0,0,0,0,0,0,0,,,,,,,0,,,0
23790337,0,0,3,0,0,0,0,0,0,0,0,0,0,0,0,0,,,,,,,0,,1,0
23790927,0,0,,0,0,0,0,0,0,0,0,0,0,0,0,0,,,,,,,0,,,0
23790930,0,0,,0,0,0,0,0,0,0,0,0,0,0,0,0,,,,,,,0,,,0
23791231,0,0,,0,0,0,0,0,0,0,0,0,0,0,0,0,,,,,,,0,,,0
23791234,0,0,,0,0,0,0,0,0,0,0,0,0,0,0,0,,,,,,,0,,,0
23791737,0,0,,0,0,0,0,0,0,0,0,0,0,0,0,0,,,,,,,0,,1,0
23797902,0,0,,0,0,0,0,0,0,0,0,0,0,0,0,0,,,,,,,0,,,0
23799288,0,0,,0,0,0,0,0,0,0,0,0,0,0,0,0,,,,,,,0,,,0
23799291,0,0,,0,0,0,0,0,0,0,0,0,0,0,0,0,,,,,,,0,,,0
23801179,0,0,,0,0,0,0,0,0,0,0,0,0,0,0,0,,,,,,,0,,,0
23801232,0,0,,0,0,0,0,0,0,0,0,0,0,0,0,0,,,,,,,0,,,0
23827585,0,0,,0,0,0,0,0,0,0,0,0,0,0,0,0,,,,,,,0,,,0
23833335,0,0,,0,0,0,0,0,1,0,0,0,0,0,0,0,,,,,,,0,,,0
23833338,0,0,,0,0,0,0,0,1,0,0,0,0,0,0,0,,,,,,,0,,,0
23835184,0,0,,0,0,0,0,0,0,0,0,0,0,0,0,0,,,,,,,0,,2,0
23836260,0,0,,0,0,0,0,0,0,0,0,0,0,0,0,0,,,,,,,0,,,0
23836263,0,0,,0,0,0,0,0,0,0,0,0,0,0,0,0,,,,,,,0,,,0
23836266,0,0,,0,0,0,0,0,0,0,0,0,0,0,0,0,,,,,,,0,,,0
23836269,0,0,,0,0,0,0,0,0,0,0,0,0,0,0,0,,,,,,,0,,,0
23836272,0,0,,0,0,0,0,0,0,0,0,0,0,0,0,0,,,,,,,0,,,0
23836275,0,0,,0,0,0,0,0,0,0,0,0,0,0,0,0,,,,,,,0,,,0
23836278,0,0,,0,0,0,0,0,0,0,0,0,0,0,0,0,,,,,,,0,,,0
23841548,0,0,,0,0,0,0,0,0,0,0,0,0,0,0,0,,,,,,,0,,,0
23841550,0,0,,0,0,0,0,0,0,0,0,0,0,0,0,0,,,,,,,0,,,0
23841810,0,0,,0,0,0,0,0,0,0,0,0,0,0,0,0,,,,,,,0,,,0
23841812,0,0,,0,0,0,0,0,0,0,0,0,0,0,0,0,,,,,,,0,,,0
23841914,0,0,,0,0,0,0,0,0,0,0,0,0,0,0,0,,,,,,,0,,,0
23841916,0,0,,0,0,0,0,0,0,0,0,0,0,0,0,0,,,,,,,0,,,0
23843114,0,0,,0,0,0,0,0,0,0,0,0,0,0,0,0,,,,,,,0,,,0
23843116,0,0,,0,0,0,0,0,0,0,0,0,0,0,0,0,,,,,,,0,,,0
23843118,0,0,,0,0,0,0,0,0,0,0,0,0,0,0,0,,,,,,,0,,,0
23845275,0,0,,0,0,0,0,0,0,0,0,0,0,0,0,0,,,,,,,0,,,0
23848836,0,0,,0,0,0,0,0,0,0,0,0,0,0,0,0,,,,,,,0,,,0
23848839,0,0,,0,0,0,0,0,0,0,0,0,0,0,0,0,,,,,,,0,,,0
23851640,0,0,,0,0,0,0,0,0,0,0,0,0,0,0,0,,,,,,,0,,2,0
23854574,0,0,,0,0,0,0,0,0,0,0,0,0,0,0,0,,,,,,,0,,,0
23854577,0,0,,0,0,0,0,0,0,0,0,0,0,0,0,0,,,,,,,0,,,0
23865732,0,0,,0,0,0,0,0,0,0,0,0,0,0,0,0,,,,,,,0,,,0
23865735,0,0,,0,0,0,0,0,0,0,0,0,0,0,0,0,,,,,,,0,,,0
23867667,0,0,,0,0,0,0,0,0,0,0,0,0,0,0,0,,,,,,,0,,,0
23874626,0,0,,0,0,0,0,0,0,0,0,0,0,0,0,0,,,,,,,0,,,0
23874629,0,0,,0,0,0,0,0,0,0,0,0,0,0,0,0,,,,,,,0,,,0
23892788,0,0,,0,0,0,0,0,0,0,0,0,0,0,0,0,,,,,,,0,,,0
23892791,0,0,,0,0,0,0,0,0,0,0,0,0,0,0,0,,,,,,,0,,,0
23892794,0,0,,0,0,0,0,0,0,0,0,0,0,0,0,0,,,,,,,0,,1,0
23907329,0,0,,0,0,0,0,0,0,0,0,0,0,0,0,0,,,,,,,0,,,0
23907332,0,0,,0,0,0,0,0,0,0,0,0,0,0,0,0,,,,,,,0,,,0
23910929,0,0,,0,0,0,0,0,0,0,0,0,0,0,0,0,,,,,,,0,,,0
23916861,0,0,,0,0,0,0,0,0,0,0,0,0,0,0,0,,,,,,,0,,,0
23918076,0,0,,0,0,0,0,0,0,0,0,0,0,0,0,0,,,,,,,0,,,0
23919210,0,0,,0,0,0,0,0,0,0,0,0,0,0,0,0,,,,,,,0,,,0
23919213,0,0,,0,0,0,0,0,0,0,0,0,0,0,0,0,,,,,,,0,,,0
23920094,0,0,,0,0,0,0,0,0,0,0,0,0,0,0,0,,,,,,,0,,1,0
23928399,0,0,,0,0,0,0,0,0,0,0,0,0,0,0,0,,,,,,,0,,,0
23931107,0,0,3,0,0,0,0,0,0,0,0,0,0,0,0,0,,,,,,,0,,1,0
23931110,0,0,3,0,0,0,0,0,0,0,0,0,0,0,0,0,,,,,,,0,,1,0
23943633,0,0,,0,0,0,0,0,0,0,0,0,0,0,0,0,,,,,,,0,,,0
23945961,0,0,,0,0,0,0,0,0,0,0,0,0,0,0,0,,,,,,,0,,,0
23945964,0,0,,0,0,0,0,0,0,0,0,0,0,0,0,0,,,,,,,0,,,0
23945967,0,0,,0,0,0,0,0,0,0,0,0,0,0,0,0,,,,,,,0,,,0
23945970,0,0,,0,0,0,0,0,0,0,0,0,0,0,0,0,,,,,,,0,,,0
23947938,0,0,3,0,0,0,0,0,0,0,0,0,0,0,0,0,,,,,,,0,,,0
23947941,0,0,3,0,0,0,0,0,0,0,0,0,0,0,0,0,,,,,,,0,,1,0
23948882,0,0,,0,0,0,0,0,0,0,0,0,0,0,0,0,,,,,,,0,,,0
23948885,0,0,,0,0,0,0,0,0,0,0,0,0,0,0,0,,,,,,,0,,,0
24142659,0,0,,0,0,0,0,0,0,0,0,0,0,0,0,0,,,,,,,0,,,0
24142662,0,0,,0,0,0,0,0,0,0,0,0,0,0,0,0,,,,,,,0,,,0
24142665,0,0,,0,0,0,0,0,0,0,0,0,0,0,0,0,,,,,,,0,,,0
24142668,0,0,,0,0,0,0,0,0,0,0,0,0,0,0,0,,,,,,,0,,,0
24163804,0,0,,0,0,0,0,0,0,0,0,0,0,0,0,0,,,,,,,0,,,0
24163807,0,0,,0,0,0,0,0,0,0,0,0,0,0,0,0,,,,,,,0,,,0
24163810,0,0,,0,0,0,0,0,0,0,0,0,0,0,0,0,,,,,,,0,,,0
24163813,0,0,,0,0,0,0,0,0,0,0,0,0,0,0,0,,,,,,,0,,2,0
24163816,0,0,,0,0,0,0,0,1,0,0,0,0,0,0,0,,,,,,,0,,,0
24163819,0,0,,0,0,0,0,0,0,0,0,0,0,0,0,0,,,,,,,0,,,0
24170193,0,0,,0,0,0,0,0,0,0,0,0,0,0,0,0,,,,,,,0,,,0
24170196,0,0,,0,0,0,0,0,0,0,0,0,0,0,0,0,,,,,,,0,,1,0
24186183,0,0,,0,0,0,0,0,0,0,0,0,0,0,0,0,,,,,,,0,,,0
24187626,0,0,,0,0,0,0,0,0,0,0,0,0,0,0,0,,,,,,,0,,,0
24187629,0,0,,0,0,0,0,0,0,0,0,0,0,0,0,0,,,,,,,0,,,0
24192483,0,0,,0,0,0,0,0,0,0,0,0,0,0,0,0,,,,,,,0,,,0
24200431,0,0,,0,0,0,0,0,0,0,0,0,0,0,0,0,,,,,,,0,,2,0
24212223,0,0,,0,0,0,0,0,0,0,0,0,0,0,0,0,,,,,,,0,,1,0
24212226,0,0,,0,0,0,0,0,0,0,0,0,0,0,0,0,,,,,,,0,,1,0
24213979,0,0,3,0,0,0,0,0,0,0,0,0,0,0,0,0,,,,,,,0,,,0
24213982,0,0,3,0,0,0,0,0,0,0,0,0,0,0,0,0,,,,,,,0,,1,0
24223176,0,0,,0,0,0,0,0,0,0,0,0,0,0,0,0,,,,,,,0,,1,0
24223179,0,0,,0,0,0,0,0,0,0,0,0,0,0,0,0,,,,,,,0,,1,0
24234528,0,0,3,0,0,0,0,0,0,0,0,0,0,0,0,0,,,,,,,0,,,0
24234531,0,0,3,0,0,0,0,0,0,0,0,0,0,0,0,0,,,,,,,0,,,0
24260799,0,0,,0,0,0,0,0,0,0,0,0,0,0,0,0,,,,,,,0,,,0
24260802,0,0,,0,0,0,0,0,0,0,0,0,0,0,0,0,,,,,,,0,,,0
24260805,0,0,,0,0,0,0,0,0,0,0,0,0,0,0,0,,,,,,,0,,,0
24261414,0,0,,0,0,0,0,0,0,0,0,0,0,0,0,0,,,,,,,0,,,0
24267049,0,0,,0,0,0,0,0,0,0,0,0,0,0,0,0,,,,,,,0,,,0
24267271,0,0,,0,0,0,0,0,0,0,0,0,0,0,0,0,,,,,,,0,,,0
24267274,0,0,,0,0,0,0,0,0,0,0,0,0,0,0,0,,,,,,,0,,,0
24267621,0,0,,0,0,0,0,0,0,0,0,0,0,0,0,0,,,,,,,0,,,0
24272988,0,0,,0,0,0,0,0,0,0,0,0,0,0,0,0,,,,,,,0,,,0
24272991,0,0,,0,0,0,0,0,0,0,0,0,0,0,0,0,,,,,,,0,,,0
24272994,0,0,,0,0,0,0,0,0,0,0,0,0,0,0,0,,,,,,,0,,,0
24280911,0,0,,0,0,0,0,0,0,0,0,0,0,0,0,0,,,,,,,0,,2,0
24282153,0,0,,0,0,0,0,0,0,0,0,0,0,0,0,0,,,,,,,0,,2,0
24282156,0,0,,0,0,0,0,0,0,0,0,0,0,0,0,0,,,,,,,0,,,0
24282235,0,0,1,0,0,0,0,0,0,0,0,0,0,0,0,0,,,,,,,0,,1,0
24282238,0,0,1,0,0,0,0,0,0,0,0,0,0,0,0,0,,,,,,,0,,1,0
24283836,0,0,,0,0,0,0,0,0,0,0,0,0,0,0,0,,,,,,,0,,,0
24283839,0,0,,0,0,0,0,0,0,0,0,0,0,0,0,0,,,,,,,0,,,0
24285639,0,0,,0,0,0,0,0,0,0,0,0,0,0,0,0,,,,,,,0,,,0
24287631,0,0,,0,0,0,0,0,0,0,0,0,0,0,0,0,,,,,,,0,,,0
24287634,0,0,,0,0,0,0,0,0,0,0,0,0,0,0,0,,,,,,,0,,,0
24287637,0,0,,0,0,0,0,0,0,0,0,0,0,0,0,0,,,,,,,0,,,0
24289408,0,0,1,0,0,0,0,0,0,0,0,0,0,0,0,0,,,,,,,0,,,0
24302617,0,0,,0,0,0,0,0,0,0,0,0,0,0,0,0,,,,,,,0,,,0
24303668,0,0,,0,0,0,0,0,0,0,0,0,0,0,0,0,,,,,,,0,,,0
24310070,0,0,,0,0,0,0,0,0,0,0,0,0,0,0,0,,,,,,,0,,,0
24318338,0,0,,0,0,0,0,0,0,0,0,0,0,0,0,0,,,,,,,0,,,0
24318341,0,0,,0,0,0,0,0,0,0,0,0,0,0,0,0,,,,,,,0,,,0
24318368,0,0,,0,0,0,0,0,0,0,0,0,0,0,0,0,,,,,,,0,,,0
24319636,0,0,,0,0,0,0,0,0,0,0,0,0,0,0,0,,,,,,,0,,,0
24319639,0,0,,0,0,0,0,0,0,0,0,0,0,0,0,0,,,,,,,0,,,0
24326330,0,0,,0,0,0,0,0,0,0,0,0,0,0,0,0,,,,,,,0,,,0
24333100,0,0,,0,0,0,0,0,0,0,0,0,0,0,0,0,,,,,,,0,,,0
24333103,0,0,,0,0,0,0,0,0,0,0,0,0,0,0,0,,,,,,,0,,,0
24344815,0,0,,0,0,0,0,0,0,0,0,0,0,0,0,0,,,,,,,0,,,0
24344818,0,0,,0,0,0,0,0,0,0,0,0,0,0,0,0,,,,,,,0,,,0
24359648,0,0,,0,0,0,0,0,0,0,0,0,0,0,0,0,,,,,,,0,,,0
24359651,0,0,,0,0,0,0,0,0,0,0,0,0,0,0,0,,,,,,,0,,,0
24360184,0,0,,0,0,0,0,0,0,0,0,0,0,0,0,0,,,,,,,0,,,0
24363494,0,0,,0,0,0,0,0,0,0,0,0,0,0,0,0,,,,,,,0,,,0
24363497,0,0,,0,0,0,0,0,0,0,0,0,0,0,0,0,,,,,,,0,,,0
24367930,0,0,,0,0,0,0,0,0,0,0,0,0,0,0,0,,,,,,,0,,,0
24367936,0,0,,0,0,0,0,0,0,0,0,0,0,0,0,0,,,,,,,0,,,0
24380153,0,0,,0,0,0,0,0,0,0,0,0,0,0,0,0,,,,,,,0,,,0
24380156,0,0,,0,0,0,0,0,0,0,0,0,0,0,0,0,,,,,,,0,,,0
24382151,0,0,,0,0,0,0,0,0,0,0,0,0,0,0,0,,,,,,,0,,,0
24382157,0,0,,0,0,0,0,0,0,0,0,0,0,0,0,0,,,,,,,0,,,0
24382160,0,0,,0,0,0,0,0,0,0,0,0,0,0,0,0,,,,,,,0,,,0
24389612,0,0,1,0,0,0,0,0,0,0,0,0,0,0,0,0,,,,,,,0,,,0
24392114,0,0,,0,0,0,0,0,0,0,0,0,0,0,0,0,,,,,,,0,,,0
24392117,0,0,,0,0,0,0,0,0,0,0,0,0,0,0,0,,,,,,,0,,,0
24396256,0,0,,0,0,0,0,0,0,0,0,0,0,0,0,0,,,,,,,0,,,0
24396259,0,0,,0,0,0,0,0,0,0,0,0,0,0,0,0,,,,,,,0,,,0
24397085,0,0,,0,0,0,0,0,0,0,0,0,0,0,0,0,,,,,,,0,,,0
24397181,0,0,,0,0,0,0,0,0,0,0,0,0,0,0,0,,,,,,,0,,,0
24398293,0,0,,0,0,0,0,0,0,0,0,0,0,0,0,0,,,,,,,0,,,0
24398296,0,0,,0,0,0,0,0,0,0,0,0,0,0,0,0,,,,,,,0,,,0
24403889,0,0,,0,0,0,0,0,0,0,0,0,0,0,0,0,,,,,,,0,,,0
24403892,0,0,,0,0,0,0,0,0,0,0,0,0,0,0,0,,,,,,,0,,,0
24404236,0,0,,0,0,0,0,0,0,0,0,0,0,0,0,0,,,,,,,0,,,0
24416090,0,0,,0,0,0,0,0,0,0,0,0,0,0,0,0,,,,,,,0,,2,0
24419759,0,0,,0,0,0,0,0,1,0,0,0,0,0,0,0,,,,,,,0,,1,0
24421000,0,0,,0,0,0,0,0,0,0,0,0,0,0,0,0,,,,,,,0,,,0
24421003,0,0,,0,0,0,0,0,0,0,0,0,0,0,0,0,,,,,,,0,,,0
24423049,0,0,,0,0,0,0,0,0,0,0,0,0,0,0,0,,,,,,,0,,,0
24424336,0,0,,0,0,0,0,0,0,0,0,0,0,0,0,0,,,,,,,0,,,0
24424339,0,0,,0,0,0,0,0,0,0,0,0,0,0,0,0,,,,,,,0,,,0
24424342,0,0,,0,0,0,0,0,0,0,0,0,0,0,0,0,,,,,,,0,,,0
24428597,0,0,,0,0,0,0,0,0,0,0,0,0,0,0,0,,,,,,,0,,,0
24428600,0,0,,0,0,0,0,0,0,0,0,0,0,0,0,0,,,,,,,0,,,0
24429257,0,0,,0,0,0,0,0,0,0,0,0,0,0,0,0,,,,,,,0,,,0
24429260,0,0,,0,0,0,0,0,0,0,0,0,0,0,0,0,,,,,,,0,,,0
24431075,0,0,,0,0,0,0,0,0,0,0,0,0,0,0,0,,,,,,,0,,,0
24431078,0,0,,0,0,0,0,0,0,0,0,0,0,0,0,0,,,,,,,0,,,0
24432479,0,0,,0,0,0,0,0,0,0,0,0,0,0,0,0,,,,,,,0,,,0
24432482,0,0,,0,0,0,0,0,0,0,0,0,0,0,0,0,,,,,,,0,,,0
24432998,0,0,,0,0,0,0,0,0,0,0,0,0,0,0,0,,,,,,,0,,,0
24442016,0,0,,0,0,0,0,0,0,0,0,0,0,0,0,0,,,,,,,0,,,0
24442019,0,0,,0,0,0,0,0,0,0,0,0,0,0,0,0,,,,,,,0,,,0
24444167,0,0,,0,0,0,0,0,0,0,0,0,0,0,0,0,,,,,,,0,,,0
24444185,0,0,,0,0,0,0,0,0,0,0,0,0,0,0,0,,,,,,,0,,,0
24444188,0,0,,0,0,0,0,0,0,0,0,0,0,0,0,0,,,,,,,0,,,0
24444194,0,0,,0,0,0,0,0,0,0,0,0,0,0,0,0,,,,,,,0,,,0
24444230,0,0,,0,0,0,0,0,0,0,0,0,0,0,0,0,,,,,,,0,,,0
24444232,0,0,,0,0,0,0,0,0,0,0,0,0,0,0,0,,,,,,,0,,,0
24444235,0,0,,0,0,0,0,0,0,0,0,0,0,0,0,0,,,,,,,0,,,0
24444238,0,0,,0,0,0,0,0,0,0,0,0,0,0,0,0,,,,,,,0,,,0
24446948,0,0,,0,0,0,0,0,0,0,0,0,0,0,0,0,,,,,,,0,,,0
24449627,0,0,,0,0,0,0,0,0,0,0,0,0,0,0,0,,,,,,,0,,,0
24449630,0,0,,0,0,0,0,0,0,0,0,0,0,0,0,0,,,,,,,0,,,0
24449701,0,0,,0,0,0,0,0,0,0,0,0,0,0,0,0,,,,,,,0,,,0
24449704,0,0,,0,0,0,0,0,0,0,0,0,0,0,0,0,,,,,,,0,,,0
24449707,0,0,,0,0,0,0,0,0,0,0,0,0,0,0,0,,,,,,,0,,,0
24456160,0,0,,0,0,0,0,0,0,0,0,0,0,0,0,0,,,,,,,0,,,0
24456163,0,0,,0,0,0,0,0,0,0,0,0,0,0,0,0,,,,,,,0,,,0
24456166,0,0,,0,0,0,0,0,0,0,0,0,0,0,0,0,,,,,,,0,,,0
24456908,0,0,,0,0,0,0,0,1,0,0,0,0,0,0,0,,,,,,,0,,1,0
24457061,0,0,,0,0,0,0,0,0,0,0,0,0,0,0,0,,,,,,,0,,,0
24463097,0,0,,0,0,0,0,0,0,0,0,0,0,0,0,0,,,,,,,0,,,0
24464779,0,0,,0,0,0,0,0,0,0,0,0,0,0,0,0,,,,,,,0,,,0
24466115,0,0,,0,0,0,0,0,0,0,0,0,0,0,0,0,,,,,,,0,,,0
24466118,0,0,,0,0,0,0,0,0,0,0,0,0,0,0,0,,,,,,,0,,,0
24466121,0,0,,0,0,0,0,0,0,0,0,0,0,0,0,0,,,,,,,0,,,0
24466124,0,0,,0,0,0,0,0,0,0,0,0,0,0,0,0,,,,,,,0,,,0
24482942,0,0,,0,0,0,0,0,0,0,0,0,0,0,0,0,,,,,,,0,,1,0
24482945,0,0,,0,0,0,0,0,0,0,0,0,0,0,0,0,,,,,,,0,,1,0
24488501,0,0,,0,0,0,0,0,0,0,0,0,0,0,0,0,,,,,,,0,,,0
24499766,0,0,,0,0,0,0,0,0,0,0,0,0,0,0,0,,,,,,,0,,,0
24501032,0,0,,0,0,0,0,0,0,0,0,0,0,0,0,0,,,,,,,0,,,0
24507061,0,0,,0,0,0,0,0,0,0,0,0,0,0,0,0,,,,,,,0,,,0
24507064,0,0,,0,0,0,0,0,0,0,0,0,0,0,0,0,,,,,,,0,,,0
24507067,0,0,,0,0,0,0,0,0,0,0,0,0,0,0,0,,,,,,,0,,,0
24507070,0,0,,0,0,0,0,0,0,0,0,0,0,0,0,0,,,,,,,0,,,0
24507073,0,0,,0,0,0,0,0,0,0,0,0,0,0,0,0,,,,,,,0,,,0
24511468,0,0,,0,0,0,0,0,0,0,0,0,0,0,0,0,,,,,,,0,,,0
24511471,0,0,,0,0,0,0,0,0,0,0,0,0,0,0,0,,,,,,,0,,,0
24511477,0,0,,0,0,0,0,0,0,0,0,0,0,0,0,0,,,,,,,0,,2,0
24518800,0,0,,0,0,0,0,0,0,0,0,0,0,0,0,0,,,,,,,0,,,0
24518824,0,0,,0,0,0,0,0,0,0,0,0,0,0,0,0,,,,,,,0,,,0
24518827,0,0,,0,0,0,0,0,0,0,0,0,0,0,0,0,,,,,,,0,,,0
24518830,0,0,,0,0,0,0,0,0,0,0,0,0,0,0,0,,,,,,,0,,,0
24518833,0,0,,0,0,0,0,0,0,0,0,0,0,0,0,0,,,,,,,0,,,0
24520202,0,0,,0,0,0,0,0,0,0,0,0,0,0,0,0,,,,,,,0,,,0
24528563,0,0,,0,0,0,0,0,0,0,0,0,0,0,0,0,,,,,,,0,,,0
24528704,0,0,,0,0,0,0,0,0,0,0,0,0,0,0,0,,,,,,,0,,2,0
24531251,0,0,,0,0,0,0,0,0,0,0,0,0,0,0,0,,,,,,,0,,,0
24531254,0,0,,0,0,0,0,0,0,0,0,0,0,0,0,0,,,,,,,0,,,0
24536866,0,0,,0,0,0,0,0,0,0,0,0,0,0,0,0,,,,,,,0,,,0
24540704,0,0,,0,0,0,0,0,0,0,0,0,0,0,0,0,,,,,,,0,,,0
24540707,0,0,,0,0,0,0,0,0,0,0,0,0,0,0,0,,,,,,,0,,,0
24543299,0,0,,0,0,0,0,0,0,0,0,0,0,0,0,0,,,,,,,0,,,0
24543305,0,0,,0,0,0,0,0,0,0,0,0,0,0,0,0,,,,,,,0,,,0
24543308,0,0,,0,0,0,0,0,0,0,0,0,0,0,0,0,,,,,,,0,,,0
24546271,0,0,,0,0,0,0,0,0,0,0,0,0,0,0,0,,,,,,,0,,1,0
24546274,0,0,,0,0,0,0,0,0,0,0,0,0,0,0,0,,,,,,,0,,1,0
24547832,0,0,,0,0,0,0,0,0,0,0,0,0,0,0,0,,,,,,,0,,,0
24548714,0,0,,0,0,0,0,0,0,0,0,0,0,0,0,0,,,,,,,0,,,0
24548717,0,0,,0,0,0,0,0,0,0,0,0,0,0,0,0,,,,,,,0,,,0
24549205,0,0,,0,0,0,0,0,0,0,0,0,0,0,0,0,,,,,,,0,,,0
24549940,0,0,,0,0,0,0,0,0,0,0,0,0,0,0,0,,,,,,,0,,,0
24550732,0,0,,0,0,0,0,0,0,0,0,0,0,0,0,0,,,,,,,0,,,0
24550735,0,0,,0,0,0,0,0,0,0,0,0,0,0,0,0,,,,,,,0,,2,0
24550738,0,0,,0,0,0,0,0,0,0,0,0,0,0,0,0,,,,,,,0,,,0
24550741,0,0,,0,0,0,0,0,0,0,0,0,0,0,0,0,,,,,,,0,,,0
24552013,0,0,,0,0,0,0,0,0,0,0,0,0,0,0,0,,,,,,,0,,,0
24552016,0,0,,0,0,0,0,0,0,0,0,0,0,0,0,0,,,,,,,0,,,0
24554437,0,0,,0,0,0,0,0,0,0,0,0,0,0,0,0,,,,,,,0,,,0
24554446,0,0,,0,0,0,0,0,1,0,0,0,0,0,0,0,,,,,,,0,,,0
24555796,0,0,,0,0,0,0,0,0,0,0,0,0,0,0,0,,,,,,,0,,,0
24555802,0,0,,0,0,0,0,0,0,0,0,0,0,0,0,0,,,,,,,0,,,0
24568811,0,0,,0,0,0,0,0,0,0,0,0,0,0,0,0,,,,,,,0,,,0
24568814,0,0,,0,0,0,0,0,0,0,0,0,0,0,0,0,,,,,,,0,,,0
24571160,0,0,,0,0,0,0,0,0,0,0,0,0,0,0,0,,,,,,,0,,,0
24571163,0,0,,0,0,0,0,0,0,0,0,0,0,0,0,0,,,,,,,0,,,0
24575455,0,0,,0,0,0,0,0,0,0,0,0,0,0,0,0,,,,,,,0,,2,0
24575458,0,0,,0,0,0,0,0,0,0,0,0,0,0,0,0,,,,,,,0,,,0
24575461,0,0,,0,0,0,0,0,0,0,0,0,0,0,0,0,,,,,,,0,,,0
24577819,0,0,1,0,0,0,0,0,0,0,0,0,0,0,0,0,,,,,,,0,,,0
24579737,0,0,,0,0,0,0,0,0,0,0,0,0,0,0,0,,,,,,,0,,,0
24579740,0,0,,0,0,0,0,0,0,0,0,0,0,0,0,0,,,,,,,0,,,0
24584305,0,0,,0,0,0,0,0,0,0,0,0,0,0,0,0,,,,,,,0,,,0
24586343,0,0,,0,0,0,0,0,0,0,0,0,0,0,0,0,,,,,,,0,,,0
24604919,0,0,,0,0,0,0,0,0,0,0,0,0,0,0,0,,,,,,,0,,,0
24604922,0,0,,0,0,0,0,0,0,0,0,0,0,0,0,0,,,,,,,0,,,0
24609691,0,0,,0,0,0,0,0,0,0,0,0,0,0,0,0,,,,,,,0,,,0
24609694,0,0,,0,0,0,0,0,0,0,0,0,0,0,0,0,,,,,,,0,,,0
24664715,0,0,,0,0,0,0,0,0,0,0,0,0,0,0,0,,,,,,,0,,,0
24668378,0,0,,0,0,0,0,0,0,0,0,0,0,0,0,0,,,,,,,0,,,0
24671708,0,0,,0,0,0,0,0,0,0,0,0,0,0,0,0,,,,,,,0,,,0
24671711,0,0,,0,0,0,0,0,0,0,0,0,0,0,0,0,,,,,,,0,,,0
24675469,0,0,1,0,0,0,0,0,0,0,0,0,0,0,0,0,,,,,,,0,,,0
24675472,0,0,1,0,0,0,0,0,0,0,0,0,0,0,0,0,,,,,,,0,,,0
24678122,0,0,,0,0,0,0,0,0,0,0,0,0,0,0,0,,,,,,,0,,,0
24678125,0,0,,0,0,0,0,0,0,0,0,0,0,0,0,0,,,,,,,0,,,0
24684572,0,0,,0,0,0,0,0,0,0,0,0,0,0,0,0,,,,,,,0,,,0
24684575,0,0,,0,0,0,0,0,0,0,0,0,0,0,0,0,,,,,,,0,,,0
24684578,0,0,,0,0,0,0,0,0,0,0,0,0,0,0,0,,,,,,,0,,,0
24684581,0,0,,0,0,0,0,0,0,0,0,0,0,0,0,0,,,,,,,0,,,0
24684590,0,0,,0,0,0,0,0,0,0,0,0,0,0,0,0,,,,,,,0,,,0
24685385,0,0,1,0,0,0,0,0,0,0,0,0,0,0,0,0,,,,,,,0,,1,0
24685388,0,0,1,0,0,0,0,0,0,0,0,0,0,0,0,0,,,,,,,0,,1,0
24689086,0,0,,0,0,0,0,0,0,0,0,0,0,0,0,0,,,,,,,0,,,0
24690494,0,0,,0,0,0,0,0,0,0,0,0,0,0,0,0,,,,,,,0,,,0
24690497,0,0,,0,0,0,0,0,0,0,0,0,0,0,0,0,,,,,,,0,,,0
24690500,0,0,,0,0,0,0,0,0,0,0,0,0,0,0,0,,,,,,,0,,,0
24690506,0,0,,0,0,0,0,0,0,0,0,0,0,0,0,0,,,,,,,0,,,0
24693359,0,0,,0,0,0,0,0,0,0,0,0,0,0,0,0,,,,,,,0,,,0
24693362,0,0,,0,0,0,0,0,0,0,0,0,0,0,0,0,,,,,,,0,,,0
24693365,0,0,,0,0,0,0,0,0,0,0,0,0,0,0,0,,,,,,,0,,,0
24694589,0,0,,0,0,0,0,0,0,0,0,0,0,0,0,0,,,,,,,0,,,0
24703670,0,0,,0,0,0,0,0,0,0,0,0,0,0,0,0,,,,,,,0,,,0
24720932,0,0,,0,0,0,0,0,0,0,0,0,0,0,0,0,,,,,,,0,,,0
24722749,0,0,,0,0,0,0,0,0,0,0,0,0,0,0,0,,,,,,,0,,,0
24722755,0,0,,0,0,0,0,0,0,0,0,0,0,0,0,0,,,,,,,0,,2,0
24725497,0,0,,0,0,0,0,0,0,0,0,0,0,0,0,0,,,,,,,0,,,0
24725500,0,0,,0,0,0,0,0,0,0,0,0,0,0,0,0,,,,,,,0,,,0
24739625,0,0,,0,0,0,0,0,0,0,0,0,0,0,0,0,,,,,,,0,,,0
24739637,0,0,,0,0,0,0,0,0,0,0,0,0,0,0,0,,,,,,,0,,,0
24743630,0,0,,0,0,0,0,0,0,0,0,0,0,0,0,0,,,,,,,0,,,0
24744458,1,0,1,0,0,0,0,0,0,0,0,0,0,0,0,0,,,,,,,0,,1,0
24744461,1,0,1,0,0,0,0,0,0,0,0,0,0,0,0,0,,,,,,,0,,1,0
24744464,0,0,,0,0,0,0,0,0,0,0,0,0,0,0,0,,,,,,,0,,,0
24744467,0,0,,0,0,0,0,0,0,0,0,0,0,0,0,0,,,,,,,0,,,0
24745420,0,0,,0,0,0,0,0,0,0,0,0,0,0,0,0,,,,,,,0,,,0
24745426,0,0,,0,0,0,0,0,0,0,0,0,0,0,0,0,,,,,,,0,,2,0
24748864,0,0,,0,0,0,0,0,0,0,0,0,0,0,0,0,,,,,,,0,,,0
24748867,0,0,,0,0,0,0,0,0,0,0,0,0,0,0,0,,,,,,,0,,,0
24749798,0,0,,0,0,0,0,0,0,0,0,0,0,0,0,0,,,,,,,0,,,0
24751820,0,0,,0,0,0,0,0,0,0,0,0,0,0,0,0,,,,,,,0,,,0
24751823,0,0,,0,0,0,0,0,0,0,0,0,0,0,0,0,,,,,,,0,,,0
24759900,0,0,,0,0,0,0,0,0,0,0,0,0,0,0,0,,,,,,,0,,,0
24759903,0,0,,0,0,0,0,0,0,0,0,0,0,0,0,0,,,,,,,0,,,0
24759906,0,0,,0,0,0,0,0,0,0,0,0,0,0,0,0,,,,,,,0,,,0
24761105,0,0,,0,0,0,0,0,0,0,0,0,0,0,0,0,,,,,,,0,,,0
24761108,0,0,,0,0,0,0,0,0,0,0,0,0,0,0,0,,,,,,,0,,,0
24767225,0,0,,0,0,0,0,0,0,0,0,0,0,0,0,0,,,,,,,0,,,0
24767228,0,0,,0,0,0,0,0,0,0,0,0,0,0,0,0,,,,,,,0,,,0
24767231,0,0,,0,0,0,0,0,0,0,0,0,0,0,0,0,,,,,,,0,,,0
24769394,0,0,,0,0,0,0,0,0,0,0,0,0,0,0,0,,,,,,,0,,,0
24778530,0,0,,0,0,0,0,0,0,0,0,0,0,0,0,0,,,,,,,0,,,0
24779373,0,0,,0,0,0,0,0,1,0,0,0,0,0,0,0,,,,,,,0,,,0
24779640,0,0,,0,0,0,0,0,0,0,0,0,0,0,0,0,,,,,,,0,,,0
24779666,0,0,,0,0,0,0,0,0,0,0,0,0,0,0,0,,,,,,,0,,,0
24779669,0,0,,0,0,0,0,0,0,0,0,0,0,0,0,0,,,,,,,0,,,0
24779672,0,0,,0,0,0,0,0,0,0,0,0,0,0,0,0,,,,,,,0,,,0
24779675,0,0,,0,0,0,0,0,0,0,0,0,0,0,0,0,,,,,,,0,,,0
24779678,0,0,,0,0,0,0,0,0,0,0,0,0,0,0,0,,,,,,,0,,,0
24779681,0,0,,0,0,0,0,0,0,0,0,0,0,0,0,0,,,,,,,0,,,0
24779692,0,0,,0,0,0,0,0,0,0,0,0,0,0,0,0,,,,,,,0,,,0
24786023,0,0,,0,0,0,0,0,0,0,0,0,0,0,0,0,,,,,,,0,,,0
24789297,0,0,2,0,0,0,0,0,0,0,0,0,0,0,0,0,,,,,,,0,,,0
24789300,0,0,2,0,0,0,0,0,0,0,0,0,0,0,0,0,,,,,,,0,,1,0
24802239,0,0,,0,0,0,0,0,1,0,0,0,0,0,0,0,,,,,,,0,,1,0
24802242,0,0,,0,0,0,0,0,1,0,0,0,0,0,0,0,,,,,,,0,,1,0
24802488,0,0,,0,0,0,0,0,0,0,0,0,0,0,0,0,,,,,,,0,,2,0
24803322,0,0,1,0,0,0,0,0,0,0,0,0,0,0,0,0,,,,,,,0,,,0
24815304,0,0,,0,0,0,0,0,0,0,0,0,0,0,0,0,,,,,,,0,,,0
24815307,0,0,,0,0,0,0,0,0,0,0,0,0,0,0,0,,,,,,,0,,,0
24815310,0,0,,0,0,0,0,0,0,0,0,0,0,0,0,0,,,,,,,0,,2,0
24817005,0,0,1,0,0,0,0,0,0,0,0,0,0,0,0,0,,,,,,,0,,,0
24819920,0,0,,0,0,0,0,0,0,0,0,0,0,0,0,0,,,,,,,0,,,0
24819923,0,0,,0,0,0,0,0,0,0,0,0,0,0,0,0,,,,,,,0,,,0
24819929,0,0,,0,0,0,0,0,0,0,0,0,0,0,0,0,,,,,,,0,,,0
24820407,0,0,,0,0,0,0,0,0,0,0,0,0,0,0,0,,,,,,,0,,2,0
24821615,0,0,,0,0,0,0,0,0,0,0,0,0,0,0,0,,,,,,,0,,,0
24821618,0,0,,0,0,0,0,0,0,0,0,0,0,0,0,0,,,,,,,0,,,0
24830646,0,0,,0,0,0,0,0,0,0,0,0,0,0,0,0,,,,,,,0,,,0
24830649,0,0,,0,0,0,0,0,0,0,0,0,0,0,0,0,,,,,,,0,,,0
24832347,0,0,,0,0,0,0,0,0,0,0,0,0,0,0,0,,,,,,,0,,,0
24832350,0,0,,0,0,0,0,0,0,0,0,0,0,0,0,0,,,,,,,0,,,0
24832353,0,0,,0,0,0,0,0,0,0,0,0,0,0,0,0,,,,,,,0,,,0
24832365,0,0,,0,0,0,0,0,0,0,0,0,0,0,0,0,,,,,,,0,,,0
24832368,0,0,,0,0,0,0,0,0,0,0,0,0,0,0,0,,,,,,,0,,,0
24833292,0,0,,0,0,0,0,0,0,0,0,0,0,0,0,0,,,,,,,0,,1,0
24833448,0,0,,0,0,0,0,0,0,0,0,0,0,0,0,0,,,,,,,0,,,0
24837030,0,0,,0,0,0,0,0,0,0,0,0,0,0,0,0,,,,,,,0,,,0
24837033,0,0,,0,0,0,0,0,0,0,0,0,0,0,0,0,,,,,,,0,,,0
24837215,0,0,,0,0,0,0,0,0,0,0,0,0,0,0,0,,,,,,,0,,2,0
24838041,0,0,,0,0,0,0,0,0,0,0,0,0,0,0,0,,,,,,,0,,,0
24838044,0,0,,0,0,0,0,0,0,0,0,0,0,0,0,0,,,,,,,0,,,0
24841496,0,0,,0,0,0,0,0,0,0,0,0,0,0,0,0,,,,,,,0,,,0
24841499,0,0,,0,0,0,0,0,0,0,0,0,0,0,0,0,,,,,,,0,,,0
24851493,0,0,,0,0,0,0,0,0,0,0,0,0,0,0,0,,,,,,,0,,,0
24851499,0,0,,0,0,0,0,0,0,0,0,0,0,0,0,0,,,,,,,0,,,0
24851502,0,0,,0,0,0,0,0,0,0,0,0,0,0,0,0,,,,,,,0,,,0
24851505,0,0,,0,0,0,0,0,0,0,0,0,0,0,0,0,,,,,,,0,,,0
24851901,0,0,A,0,0,0,0,0,1,0,0,0,0,0,0,0,,,,,,,0,,1,0
24851904,0,0,A,0,0,0,0,0,0,0,0,0,0,0,0,0,,,,,,,0,,1,0
24858065,0,0,,0,0,0,0,0,0,0,0,0,0,0,0,0,,,,,,,0,,,0
24858876,0,0,,0,0,0,0,0,0,0,0,0,0,0,0,0,,,,,,,0,,,0
24858879,0,0,,0,0,0,0,0,0,0,0,0,0,0,0,0,,,,,,,0,,,0
24859670,0,0,,0,0,0,0,0,0,0,0,0,0,0,0,0,,,,,,,0,,,0
24864912,0,0,,0,0,0,0,0,0,0,0,0,0,0,0,0,,,,,,,0,,,0
24867942,0,0,,0,0,0,0,0,0,0,0,0,0,0,0,0,,,,,,,0,,,0
24867945,0,0,,0,0,0,0,0,0,0,0,0,0,0,0,0,,,,,,,0,,,0
24871227,0,0,,0,0,0,0,0,0,0,0,0,0,0,0,0,,,,,,,0,,,0
24875301,0,0,,0,0,0,0,0,0,0,0,0,0,0,0,0,,,,,,,0,,1,0
24877472,0,0,,0,0,0,0,0,0,0,0,0,0,0,0,0,,,,,,,0,,,0
24879336,0,0,,0,0,0,0,0,0,0,0,0,0,0,0,0,,,,,,,0,,,0
24879339,0,0,,0,0,0,0,0,0,0,0,0,0,0,0,0,,,,,,,0,,,0
24882528,0,0,,0,0,0,0,0,0,0,0,0,0,0,0,0,,,,,,,0,,,0
24882531,0,0,,0,0,0,0,0,0,0,0,0,0,0,0,0,,,,,,,0,,,0
24882534,0,0,,0,0,0,0,0,0,0,0,0,0,0,0,0,,,,,,,0,,,0
24883520,0,0,,0,0,0,0,0,0,0,0,0,0,0,0,0,,,,,,,0,,,0
24884388,0,0,,0,0,0,0,0,0,0,0,0,0,0,0,0,,,,,,,0,,,0
24884391,0,0,,0,0,0,0,0,0,0,0,0,0,0,0,0,,,,,,,0,,,0
24885645,0,0,1,0,0,0,0,0,0,0,0,0,0,0,0,0,,,,,,,0,,1,0
24885648,0,0,1,0,0,0,0,0,0,0,0,0,0,0,0,0,,,,,,,0,,1,0
24886337,0,0,,0,0,0,0,0,0,0,0,0,0,0,0,0,,,,,,,0,,,0
24889368,0,0,,0,0,0,0,0,1,0,0,0,0,0,0,0,,,,,,,0,,1,0
24891894,0,0,,0,0,0,0,0,1,0,0,0,0,0,0,0,,,,,,,0,,1,0
24891947,0,0,,0,0,0,0,0,0,0,0,0,0,0,0,0,,,,,,,0,,,0
24891950,0,0,,0,0,0,0,0,0,0,0,0,0,0,0,0,,,,,,,0,,,0
24891953,0,0,,0,0,0,0,0,0,0,0,0,0,0,0,0,,,,,,,0,,,0
24891963,0,0,,0,0,0,0,0,0,0,0,0,0,0,0,0,,,,,,,0,,,0
24891972,0,0,,0,0,0,0,0,0,0,0,0,0,0,0,0,,,,,,,0,,,0
24892176,0,0,1,0,0,0,0,0,0,0,0,0,0,0,0,0,,,,,,,0,,1,0
24892179,0,0,1,0,0,0,0,0,0,0,0,0,0,0,0,0,,,,,,,0,,1,0
24893636,0,0,,0,0,0,0,0,0,0,0,0,0,0,0,0,,,,,,,0,,,0
24893639,0,0,,0,0,0,0,0,0,0,0,0,0,0,0,0,,,,,,,0,,,0
24895728,0,0,1,0,0,0,0,0,0,0,0,0,0,0,0,0,,,,,,,0,,1,0
24896450,0,0,,0,0,0,0,0,0,0,0,0,0,0,0,0,,,,,,,0,,,0
24896453,0,0,,0,0,0,0,0,0,0,0,0,0,0,0,0,,,,,,,0,,,0
24897686,0,0,,0,0,0,0,0,1,0,0,0,0,0,0,0,,,,,,,0,,1,0
24898926,0,0,,0,0,0,0,0,0,0,0,0,0,0,0,0,,,,,,,0,,,0
24902171,0,0,,0,0,0,0,0,0,0,0,0,0,0,0,0,,,,,,,0,,2,0
24904137,0,0,1,0,0,0,0,0,0,0,0,0,0,0,0,0,,,,,,,0,,1,0
24904578,0,0,,0,0,0,0,0,0,0,0,0,0,0,0,0,,,,,,,0,,2,0
24905019,0,0,,0,0,0,0,0,0,0,0,0,0,0,0,0,,,,,,,0,,,0
24905022,0,0,,0,0,0,0,0,0,0,0,0,0,0,0,0,,,,,,,0,,,0
24905040,0,0,,0,0,0,0,0,0,0,0,0,0,0,0,0,,,,,,,0,,,0
24905043,0,0,,0,0,0,0,0,0,0,0,0,0,0,0,0,,,,,,,0,,,0
24907802,0,0,,0,0,0,0,0,0,0,0,0,0,0,0,0,,,,,,,0,,,0
24912216,0,0,,0,0,0,0,0,0,0,0,0,0,0,0,0,,,,,,,0,,,0
24912219,0,0,,0,0,0,0,0,0,0,0,0,0,0,0,0,,,,,,,0,,,0
24915078,0,0,,0,0,0,0,0,0,0,0,0,0,0,0,0,,,,,,,0,,,0
24915459,0,0,2,0,0,0,0,0,0,0,0,0,0,0,0,0,,,,,,,0,,,0
24915462,0,0,2,0,0,0,0,0,0,0,0,0,0,0,0,0,,,,,,,0,,1,0
24915501,0,0,,0,0,0,0,0,0,0,0,0,0,0,0,0,,,,,,,0,,,0
24996957,0,0,,0,0,0,0,0,0,0,0,0,0,0,0,0,,,,,,,0,,,0
24999804,0,0,,0,0,0,0,0,0,0,0,0,0,0,0,0,,,,,,,0,,,0
24999807,0,0,,0,0,0,0,0,0,0,0,0,0,0,0,0,,,,,,,0,,,0
25040451,0,0,,0,0,0,0,0,0,0,0,0,0,0,0,0,,,,,,,0,,,0
25041545,0,0,,0,0,0,0,0,0,0,0,0,0,0,0,0,,,,,,,0,,,0
25043748,0,0,,0,0,0,0,0,0,0,0,0,0,0,0,0,,,,,,,0,,,0
25043751,0,0,,0,0,0,0,0,0,0,0,0,0,0,0,0,,,,,,,0,,,0
25084574,0,0,,0,0,0,0,0,0,0,0,0,0,0,0,0,,,,,,,0,,,0
25084580,0,0,,0,0,0,0,0,0,0,0,0,0,0,0,0,,,,,,,0,,,0
25084583,0,0,,0,0,0,0,0,0,0,0,0,0,0,0,0,,,,,,,0,,,0
25084586,0,0,,0,0,0,0,0,0,0,0,0,0,0,0,0,,,,,,,0,,,0
25084743,0,0,,0,0,0,0,0,0,0,0,0,0,0,0,0,,,,,,,0,,,0
25084746,0,0,,0,0,0,0,0,0,0,0,0,0,0,0,0,,,,,,,0,,,0
25085118,0,0,,0,0,0,0,0,0,0,0,0,0,0,0,0,,,,,,,0,,,0
25085829,0,0,,0,0,0,0,0,0,0,0,0,0,0,0,0,,,,,,,0,,2,0
25086528,0,0,,0,0,0,0,0,0,0,0,0,0,0,0,0,,,,,,,0,,,0
25086531,0,0,,0,0,0,0,0,0,0,0,0,0,0,0,0,,,,,,,0,,,0
25086534,0,0,3,0,0,0,0,0,0,0,0,0,0,0,0,0,,,,,,,0,,1,0
25086855,0,0,,0,0,0,0,0,0,0,0,0,0,0,0,0,,,,,,,0,,,0
25086858,0,0,,0,0,0,0,0,0,0,0,0,0,0,0,0,,,,,,,0,,,0
25086861,0,0,,0,0,0,0,0,0,0,0,0,0,0,0,0,,,,,,,0,,,0
25086864,0,0,,0,0,0,0,0,0,0,0,0,0,0,0,0,,,,,,,0,,,0
25087673,0,0,1,0,0,0,0,0,0,0,0,0,0,0,0,0,,,,,,,0,,1,0
25087676,0,0,1,0,0,0,0,0,0,0,0,0,0,0,0,0,,,,,,,0,,1,0
25130210,0,0,,0,0,0,0,0,0,0,0,0,0,0,0,0,,,,,,,0,,,0
25171524,0,0,,0,0,0,0,0,0,0,0,0,0,0,0,0,,,,,,,0,,,0
25173388,0,0,,0,0,0,0,0,0,0,0,0,0,0,0,0,,,,,,,0,,,0
25186473,0,0,,0,0,0,0,0,0,0,0,0,0,0,0,0,,,,,,,0,,,0
25186476,0,0,,0,0,0,0,0,0,0,0,0,0,0,0,0,,,,,,,0,,,0
25186479,0,0,,0,0,0,0,0,0,0,0,0,0,0,0,0,,,,,,,0,,,0
25186530,0,0,,0,0,0,0,0,0,0,0,0,0,0,0,0,,,,,,,0,,,0
25192030,0,0,,0,0,0,0,0,0,0,0,0,0,0,0,0,,,,,,,0,,,0
25192033,0,0,,0,0,0,0,0,0,0,0,0,0,0,0,0,,,,,,,0,,,0
25192575,0,0,,0,0,0,0,0,0,0,0,0,0,0,0,0,,,,,,,0,,,0
25194015,0,0,,0,0,0,0,0,0,0,0,0,0,0,0,0,,,,,,,0,,,0
25194018,0,0,,0,0,0,0,0,0,0,0,0,0,0,0,0,,,,,,,0,,,0
25194021,0,0,,0,0,0,0,0,0,0,0,0,0,0,0,0,,,,,,,0,,,0
25195245,0,0,,0,0,0,0,0,0,0,0,0,0,0,0,0,,,,,,,0,,,0
25195254,0,0,,0,0,0,0,0,0,0,0,0,0,0,0,0,,,,,,,0,,,0
25195257,0,0,,0,0,0,0,0,0,0,0,0,0,0,0,0,,,,,,,0,,2,0
25195260,0,0,,0,0,0,0,0,0,0,0,0,0,0,0,0,,,,,,,0,,,0
25195266,0,0,,0,0,0,0,0,0,0,0,0,0,0,0,0,,,,,,,0,,,0
25198719,0,0,,0,0,0,0,0,1,0,0,0,0,0,0,0,,,,,,,0,,,0
25198722,0,0,,0,0,0,0,0,1,0,0,0,0,0,0,0,,,,,,,0,,,0
25198725,0,0,,0,0,0,0,0,1,0,0,0,0,0,0,0,,,,,,,0,,,0
25200885,0,0,1,0,0,0,0,0,0,0,0,0,0,0,0,0,,,,,,,0,,1,0
25205403,0,0,,0,0,0,0,0,0,0,0,0,0,0,0,0,,,,,,,0,,,0
25207225,0,0,,0,0,0,0,0,0,0,0,0,0,0,0,0,,,,,,,0,,,0
25207228,0,0,,0,0,0,0,0,0,0,0,0,0,0,0,0,,,,,,,0,,,0
25207231,0,0,,0,0,0,0,0,0,0,0,0,0,0,0,0,,,,,,,0,,,0
25209345,0,0,,0,0,0,0,0,0,0,0,0,0,0,0,0,,,,,,,0,,,0
25210231,0,0,,0,0,0,0,0,0,0,0,0,0,0,0,0,,,,,,,0,,,0
25210725,0,0,,0,0,0,0,0,0,0,0,0,0,0,0,0,,,,,,,0,,,0
25210953,0,0,,0,0,0,0,0,0,0,0,0,0,0,0,0,,,,,,,0,,,0
25210956,0,0,,0,0,0,0,0,0,0,0,0,0,0,0,0,,,,,,,0,,,0
25210959,0,0,,0,0,0,0,0,0,0,0,0,0,0,0,0,,,,,,,0,,,0
25212039,0,0,A,0,0,0,0,0,0,0,0,0,0,0,0,0,,,,,,,0,,,0
25212042,0,0,A,0,0,0,0,0,0,0,0,0,0,0,0,0,,,,,,,0,,1,0
25213339,0,0,,0,0,0,0,0,0,0,0,0,0,0,0,0,,,,,,,0,,,0
25213342,0,0,,0,0,0,0,0,0,0,0,0,0,0,0,0,,,,,,,0,,,0
25213965,0,0,,0,0,0,0,0,0,0,0,0,0,0,0,0,,,,,,,0,,2,0
25214706,0,0,,0,0,0,0,0,0,0,0,0,0,0,0,0,,,,,,,0,,,0
25216794,0,0,,0,0,0,0,0,0,0,0,0,0,0,0,0,,,,,,,0,,,0
25216797,0,0,,0,0,0,0,0,0,0,0,0,0,0,0,0,,,,,,,0,,,0
25219845,0,0,,0,0,0,0,0,0,0,0,0,0,0,0,0,,,,,,,0,,,0
25219848,0,0,,0,0,0,0,0,0,0,0,0,0,0,0,0,,,,,,,0,,,0
25220050,0,0,,0,0,0,0,0,0,0,0,0,0,0,0,0,,,,,,,0,,,0
25220053,0,0,,0,0,0,0,0,0,0,0,0,0,0,0,0,,,,,,,0,,,0
25220104,0,0,,0,0,0,0,0,0,0,0,0,0,0,0,0,,,,,,,0,,,0
25220583,0,0,,0,0,0,0,0,0,0,0,0,0,0,0,0,,,,,,,0,,,0
25226401,0,0,,0,0,0,0,0,0,0,0,0,0,0,0,0,,,,,,,0,,,0
25226404,0,0,,0,0,0,0,0,0,0,0,0,0,0,0,0,,,,,,,0,,,0
25226631,0,0,,0,0,0,0,0,0,0,0,0,0,0,0,0,,,,,,,0,,,0
25226634,0,0,,0,0,0,0,0,0,0,0,0,0,0,0,0,,,,,,,0,,,0
25228485,0,0,,0,0,0,0,0,0,0,0,0,0,0,0,0,,,,,,,0,,,0
25234032,0,0,,0,0,0,0,0,0,0,0,0,0,0,0,0,,,,,,,0,,,0
25234038,0,0,,0,0,0,0,0,0,0,0,0,0,0,0,0,,,,,,,0,,2,0
25241799,0,0,,0,0,0,0,0,0,0,0,0,0,0,0,0,,,,,,,0,,,0
25241802,0,0,,0,0,0,0,0,0,0,0,0,0,0,0,0,,,,,,,0,,,0
25247145,0,0,,0,0,0,0,0,0,0,0,0,0,0,0,0,,,,,,,0,,,0
25247205,0,0,,0,0,0,0,0,0,0,0,0,0,0,0,0,,,,,,,0,,,0
25247208,0,0,,0,0,0,0,0,0,0,0,0,0,0,0,0,,,,,,,0,,1,0
25247502,0,0,,0,0,0,0,0,0,0,0,0,0,0,0,0,,,,,,,0,,,0
25247505,0,0,,0,0,0,0,0,0,0,0,0,0,0,0,0,,,,,,,0,,,0
25249272,0,0,,0,0,0,0,0,0,0,0,0,0,0,0,0,,,,,,,0,,,0
25249275,0,0,,0,0,0,0,0,0,0,0,0,0,0,0,0,,,,,,,0,,,0
25249278,0,0,,0,0,0,0,0,0,0,0,0,0,0,0,0,,,,,,,0,,,0
25249281,0,0,,0,0,0,0,0,0,0,0,0,0,0,0,0,,,,,,,0,,2,0
25250628,0,0,,0,0,0,0,0,0,0,0,0,0,0,0,0,,,,,,,0,,,0
25250631,0,0,,0,0,0,0,0,0,0,0,0,0,0,0,0,,,,,,,0,,,0
25253772,0,0,,0,0,0,0,0,0,0,0,0,0,0,0,0,,,,,,,0,,,0
25253775,0,0,,0,0,0,0,0,0,0,0,0,0,0,0,0,,,,,,,0,,,0
25253778,0,0,,0,0,0,0,0,0,0,0,0,0,0,0,0,,,,,,,0,,,0
25253781,0,0,,0,0,0,0,0,0,0,0,0,0,0,0,0,,,,,,,0,,,0
25255330,0,0,1,0,0,0,0,0,0,0,0,0,0,0,0,0,,,,,,,0,,1,0
25255800,0,0,,0,0,0,0,0,0,0,0,0,0,0,0,0,,,,,,,0,,,0
25255803,0,0,,0,0,0,0,0,0,0,0,0,0,0,0,0,,,,,,,0,,,0
25256022,0,0,,0,0,0,0,0,0,0,0,0,0,0,0,0,,,,,,,0,,,0
25256025,0,0,,0,0,0,0,0,0,0,0,0,0,0,0,0,,,,,,,0,,2,0
25256514,0,0,1,0,0,0,0,0,0,0,0,0,0,0,0,0,,,,,,,0,,1,0
25257369,0,0,,0,0,0,0,0,0,0,0,0,0,0,0,0,,,,,,,0,,,0
25260882,0,0,1,0,0,0,0,0,0,0,0,0,0,0,0,0,,,,,,,0,,,0
25260885,0,0,1,0,0,0,0,0,0,0,0,0,0,0,0,0,,,,,,,0,,,0
25261765,0,0,,0,0,0,0,0,0,0,0,0,0,0,0,0,,,,,,,0,,,0
25264078,0,0,,0,0,0,0,0,0,0,0,0,0,0,0,0,,,,,,,0,,,0
25264084,0,0,,0,0,0,0,0,0,0,0,0,0,0,0,0,,,,,,,0,,,0
25264087,0,0,,0,0,0,0,0,0,0,0,0,0,0,0,0,,,,,,,0,,,0
25264090,0,0,,0,0,0,0,0,0,0,0,0,0,0,0,0,,,,,,,0,,,0
25264545,0,0,,0,0,0,0,0,1,0,0,0,0,0,0,0,,,,,,,0,,,0
25264548,0,0,,0,0,0,0,0,1,0,0,0,0,0,0,0,,,,,,,0,,,0
25264975,0,0,3,0,0,0,0,0,0,0,0,0,0,0,0,0,,,,,,,0,,1,0
25264978,0,0,3,0,0,0,0,0,0,0,0,0,0,0,0,0,,,,,,,0,,1,0
25271910,0,0,,0,0,0,0,0,0,0,0,0,0,0,0,0,,,,,,,0,,,0
25272873,0,0,,0,0,0,0,0,0,0,0,0,0,0,0,0,,,,,,,0,,,0
25276180,0,0,,0,0,0,0,0,0,0,0,0,0,0,0,0,,,,,,,0,,,0
25276183,0,0,,0,0,0,0,0,0,0,0,0,0,0,0,0,,,,,,,0,,,0
25277133,0,0,,0,0,0,0,0,0,0,0,0,0,0,0,0,,,,,,,0,,,0
25277661,0,0,,0,0,0,0,0,0,0,0,0,0,0,0,0,,,,,,,0,,,0
25277664,0,0,,0,0,0,0,0,0,0,0,0,0,0,0,0,,,,,,,0,,,0
25277667,0,0,,0,0,0,0,0,0,0,0,0,0,0,0,0,,,,,,,0,,,0
25277670,0,0,,0,0,0,0,0,0,0,0,0,0,0,0,0,,,,,,,0,,,0
25277895,0,0,,0,0,0,0,0,0,0,0,0,0,0,0,0,,,,,,,0,,,0
25277898,0,0,,0,0,0,0,0,0,0,0,0,0,0,0,0,,,,,,,0,,,0
25278795,0,0,2,0,0,0,0,0,0,0,0,0,0,0,0,0,,,,,,,0,,,0
25278798,0,0,2,0,0,0,0,0,0,0,0,0,0,0,0,0,,,,,,,0,,1,0
25278801,0,0,,0,0,0,0,0,0,0,0,0,0,0,0,0,,,,,,,0,,,0
25278840,0,0,,0,0,0,0,0,0,0,0,0,0,0,0,0,,,,,,,0,,,0
25278843,0,0,,0,0,0,0,0,0,0,0,0,0,0,0,0,,,,,,,0,,,0
25279323,0,0,1,0,0,0,0,0,0,0,0,0,0,0,0,0,,,,,,,0,,,0
25279326,0,0,1,0,0,0,0,0,0,0,0,0,0,0,0,0,,,,,,,0,,,0
25281877,0,0,,0,0,0,0,0,0,0,0,0,0,0,0,0,,,,,,,0,,,0
25281880,0,0,,0,0,0,0,0,0,0,0,0,0,0,0,0,,,,,,,0,,,0
25290465,0,0,,0,0,0,0,0,0,0,0,0,0,0,0,0,,,,,,,0,,,0
25290468,0,0,,0,0,0,0,0,0,0,0,0,0,0,0,0,,,,,,,0,,,0
25290682,0,0,1,0,0,0,0,0,0,0,0,0,0,0,0,0,,,,,,,0,,1,0
25292326,0,0,,0,0,0,0,0,0,0,0,0,0,0,0,0,,,,,,,0,,,0
25301782,0,0,,0,0,0,0,0,0,0,0,0,0,0,0,0,,,,,,,0,,,0
25302457,0,0,,0,0,0,0,0,0,0,0,0,0,0,0,0,,,,,,,0,,,0
25302460,0,0,,0,0,0,0,0,0,0,0,0,0,0,0,0,,,,,,,0,,,0
25302463,0,0,,0,0,0,0,0,0,0,0,0,0,0,0,0,,,,,,,0,,,0
25365088,0,0,,0,0,0,0,0,0,0,0,0,0,0,0,0,,,,,,,0,,1,0
25365091,0,0,,0,0,0,0,0,0,0,0,0,0,0,0,0,,,,,,,0,,1,0
25365363,0,0,,0,0,0,0,0,0,0,0,0,0,0,0,0,,,,,,,0,,2,0
25365948,0,0,,0,0,0,0,0,0,0,0,0,0,0,0,0,,,,,,,0,,,0
25365951,0,0,,0,0,0,0,0,0,0,0,0,0,0,0,0,,,,,,,0,,,0
25365954,0,0,,0,0,0,0,0,0,0,0,0,0,0,0,0,,,,,,,0,,,0
25365957,0,0,,0,0,0,0,0,0,0,0,0,0,0,0,0,,,,,,,0,,,0
25365960,0,0,,0,0,0,0,0,0,0,0,0,0,0,0,0,,,,,,,0,,,0
25365963,0,0,,0,0,0,0,0,0,0,0,0,0,0,0,0,,,,,,,0,,,0
25366947,0,0,,0,0,0,0,0,0,0,0,0,0,0,0,0,,,,,,,0,,,0
25369365,0,0,,0,0,0,0,0,0,0,0,0,0,0,0,0,,,,,,,0,,,0
25369368,0,0,,0,0,0,0,0,0,0,0,0,0,0,0,0,,,,,,,0,,,0
25369428,0,0,,0,0,0,0,0,0,0,0,0,0,0,0,0,,,,,,,0,,,0
25369431,0,0,,0,0,0,0,0,0,0,0,0,0,0,0,0,,,,,,,0,,,0
25645917,0,0,,0,0,0,0,0,0,0,0,0,0,0,0,0,,,,,,,0,,,0
25645923,0,0,,0,0,0,0,0,0,0,0,0,0,0,0,0,,,,,,,0,,,0
25645926,0,0,,0,0,0,0,0,0,0,0,0,0,0,0,0,,,,,,,0,,2,0
25645929,0,0,,0,0,0,0,0,0,0,0,0,0,0,0,0,,,,,,,0,,,0
25646154,0,0,,0,0,0,0,0,0,0,0,0,0,0,0,0,,,,,,,0,,,0
25646217,0,0,,0,0,0,0,0,0,0,0,0,0,0,0,0,,,,,,,0,,,0
25646220,0,0,,0,0,0,0,0,0,0,0,0,0,0,0,0,,,,,,,0,,,0
25646223,0,0,,0,0,0,0,0,0,0,0,0,0,0,0,0,,,,,,,0,,,0
25680849,0,0,,0,0,0,0,0,0,0,0,0,0,0,0,0,,,,,,,0,,1,0
25684135,0,0,,0,0,0,0,0,0,0,0,0,0,0,0,0,,,,,,,0,,,0
25720767,0,0,,0,0,0,0,0,0,0,0,0,0,0,0,0,,,,,,,0,,,0
25720770,0,0,,0,0,0,0,0,0,0,0,0,0,0,0,0,,,,,,,0,,1,0
25723150,0,0,,0,0,0,0,0,0,0,0,0,0,0,0,0,,,,,,,0,,,0
25724403,0,0,,0,0,0,0,0,0,0,0,0,0,0,0,0,,,,,,,0,,,0
25726674,0,0,,0,0,0,0,0,0,0,0,0,0,0,0,0,,,,,,,0,,,0
25739998,0,0,,0,0,0,0,0,0,0,0,0,0,0,0,0,,,,,,,0,,2,0
25740001,0,0,,0,0,0,0,0,0,0,0,0,0,0,0,0,,,,,,,0,,,0
25740775,0,0,,0,0,0,0,0,0,0,0,0,0,0,0,0,,,,,,,0,,,0
25741005,0,0,,0,0,0,0,0,0,0,0,0,0,0,0,0,,,,,,,0,,,0
25742041,0,0,,0,0,0,0,0,0,0,0,0,0,0,0,0,,,,,,,0,,,0
25742044,0,0,,0,0,0,0,0,0,0,0,0,0,0,0,0,,,,,,,0,,,0
25742047,0,0,,0,0,0,0,0,0,0,0,0,0,0,0,0,,,,,,,0,,,0
25743414,0,0,1,0,0,0,0,0,0,0,0,0,0,0,0,0,,,,,,,0,,1,0
25743417,0,0,1,0,0,0,0,0,0,0,0,0,0,0,0,0,,,,,,,0,,1,0
25749508,0,0,,0,0,0,0,0,0,0,0,0,0,0,0,0,,,,,,,0,,,0
25749511,0,0,,0,0,0,0,0,0,0,0,0,0,0,0,0,,,,,,,0,,,0
25749513,0,0,1,0,0,0,0,0,0,0,0,0,0,0,0,0,,,,,,,0,,1,0
25749516,0,0,,0,0,0,0,0,0,0,0,0,0,0,0,0,,,,,,,0,,1,0
25749609,0,0,,0,0,0,0,0,0,0,0,0,0,0,0,0,,,,,,,0,,,0
25749612,0,0,,0,0,0,0,0,0,0,0,0,0,0,0,0,,,,,,,0,,,0
25751524,0,0,,0,0,0,0,0,0,0,0,0,0,0,0,0,,,,,,,0,,,0
25751527,0,0,,0,0,0,0,0,0,0,0,0,0,0,0,0,,,,,,,0,,,0
25751530,0,0,,0,0,0,0,0,0,0,0,0,0,0,0,0,,,,,,,0,,,0
25751533,0,0,,0,0,0,0,0,0,0,0,0,0,0,0,0,,,,,,,0,,,0
25751817,0,0,,0,0,0,0,0,0,0,0,0,0,0,0,0,,,,,,,0,,,0
25751820,0,0,,0,0,0,0,0,0,0,0,0,0,0,0,0,,,,,,,0,,,0
25752480,0,0,,0,0,0,0,0,0,0,0,0,0,0,0,0,,,,,,,0,,,0
25755966,0,0,,0,0,0,0,0,0,0,0,0,0,0,0,0,,,,,,,0,,,0
25755969,0,0,,0,0,0,0,0,0,0,0,0,0,0,0,0,,,,,,,0,,,0
25761229,0,0,,0,0,0,0,0,0,0,0,0,0,0,0,0,,,,,,,0,,,0
25761232,0,0,,0,0,0,0,0,0,0,0,0,0,0,0,0,,,,,,,0,,,0
25761235,0,0,,0,0,0,0,0,0,0,0,0,0,0,0,0,,,,,,,0,,,0
25761238,0,0,,0,0,0,0,0,0,0,0,0,0,0,0,0,,,,,,,0,,,0
25761241,0,0,,0,0,0,0,0,0,0,0,0,0,0,0,0,,,,,,,0,,,0
25762125,0,0,,0,0,0,0,0,0,0,0,0,0,0,0,0,,,,,,,0,,,0
25762435,0,0,,0,0,0,0,0,0,0,0,0,0,0,0,0,,,,,,,0,,,0
25762438,0,0,,0,0,0,0,0,0,0,0,0,0,0,0,0,,,,,,,0,,,0
25762441,0,0,,0,0,0,0,0,0,0,0,0,0,0,0,0,,,,,,,0,,,0
25762444,0,0,,0,0,0,0,0,0,0,0,0,0,0,0,0,,,,,,,0,,,0
25767138,0,0,,0,0,0,0,0,0,0,0,0,0,0,0,0,,,,,,,0,,,0
25775546,0,0,,0,0,0,0,0,0,0,0,0,0,0,0,0,,,,,,,0,,,0
25778535,0,0,,0,0,0,0,0,0,0,0,0,0,0,0,0,,,,,,,0,,,0
25778538,0,0,,0,0,0,0,0,0,0,0,0,0,0,0,0,,,,,,,0,,,0
25778642,0,0,,0,0,0,0,0,0,0,0,0,0,0,0,0,,,,,,,0,,,0
25778645,0,0,,0,0,0,0,0,0,0,0,0,0,0,0,0,,,,,,,0,,,0
25778648,0,0,,0,0,0,0,0,0,0,0,0,0,0,0,0,,,,,,,0,,,0
25778651,0,0,,0,0,0,0,0,0,0,0,0,0,0,0,0,,,,,,,0,,,0
25779591,0,0,1,0,0,0,0,0,1,0,0,0,0,0,0,0,,,,,,,0,,,0
25779600,0,0,,0,0,0,0,0,0,0,0,0,0,0,0,0,,,,,,,0,,,0
25780338,0,0,,0,0,0,0,0,0,0,0,0,0,0,0,0,,,,,,,0,,,0
25780341,0,0,,0,0,0,0,0,0,0,0,0,0,0,0,0,,,,,,,0,,,0
25784762,0,0,,0,0,0,0,0,0,0,0,0,0,0,0,0,,,,,,,0,,,0
25784765,0,0,,0,0,0,0,0,0,0,0,0,0,0,0,0,,,,,,,0,,,0
25785858,0,0,,0,0,0,0,0,0,0,0,0,0,0,0,0,,,,,,,0,,,0
25785861,0,0,,0,0,0,0,0,0,0,0,0,0,0,0,0,,,,,,,0,,,0
25788039,0,0,,0,0,0,0,0,0,0,0,0,0,0,0,0,,,,,,,0,,,0
25788489,0,0,,0,0,0,0,0,0,0,0,0,0,0,0,0,,,,,,,0,,,0
25788492,0,0,,0,0,0,0,0,0,0,0,0,0,0,0,0,,,,,,,0,,,0
25788750,0,0,,0,0,0,0,0,0,0,0,0,0,0,0,0,,,,,,,0,,,0
25788753,0,0,,0,0,0,0,0,0,0,0,0,0,0,0,0,,,,,,,0,,,0
25789593,0,0,,0,0,0,0,0,0,0,0,0,0,0,0,0,,,,,,,0,,,0
25792883,0,0,,0,0,0,0,0,0,0,0,0,0,0,0,0,,,,,,,0,,,0
25792886,0,0,,0,0,0,0,0,0,0,0,0,0,0,0,0,,,,,,,0,,,0
25792889,0,0,,0,0,0,0,0,0,0,0,0,0,0,0,0,,,,,,,0,,,0
25792892,0,0,,0,0,0,0,0,0,0,0,0,0,0,0,0,,,,,,,0,,,0
25795043,0,0,,0,0,0,0,0,0,0,0,0,0,0,0,0,,,,,,,0,,,0
25795046,0,0,,0,0,0,0,0,0,0,0,0,0,0,0,0,,,,,,,0,,,0
25795942,0,0,1,0,0,0,0,0,0,0,0,0,0,0,0,0,,,,,,,0,,,0
25795945,0,0,1,0,0,0,0,0,0,0,0,0,0,0,0,0,,,,,,,0,,,0
25797473,0,0,,0,0,0,0,0,0,0,0,0,0,0,0,0,,,,,,,0,,,0
25797479,0,0,,0,0,0,0,0,0,0,0,0,0,0,0,0,,,,,,,0,,,0
25797482,0,0,,0,0,0,0,0,0,0,0,0,0,0,0,0,,,,,,,0,,,0
25797485,0,0,,0,0,0,0,0,0,0,0,0,0,0,0,0,,,,,,,0,,,0
25798378,0,0,,0,0,0,0,0,1,0,0,0,0,0,0,0,,,,,,,0,,,0
25798708,0,0,,0,0,0,0,0,0,0,0,0,0,0,0,0,,,,,,,0,,1,0
25798711,0,0,,0,0,0,0,0,0,0,0,0,0,0,0,0,,,,,,,0,,1,0
25800040,0,0,,0,0,0,0,0,0,0,0,0,0,0,0,0,,,,,,,0,,,0
25804127,0,0,,0,0,0,0,0,0,0,0,0,0,0,0,0,,,,,,,0,,,0
25804130,0,0,,0,0,0,0,0,0,0,0,0,0,0,0,0,,,,,,,0,,,0
25805291,0,0,,0,0,0,0,0,0,0,0,0,0,0,0,0,,,,,,,0,,,0
25806029,0,0,,0,0,0,0,0,0,0,0,0,0,0,0,0,,,,,,,0,,,0
25806032,0,0,,0,0,0,0,0,0,0,0,0,0,0,0,0,,,,,,,0,,,0
25806988,0,0,,0,0,0,0,0,0,0,0,0,0,0,0,0,,,,,,,0,,,0
25808566,0,0,,0,0,0,0,0,0,0,0,0,0,0,0,0,,,,,,,0,,,0
25808569,0,0,,0,0,0,0,0,0,0,0,0,0,0,0,0,,,,,,,0,,1,0
25808777,0,0,,0,1,0,0,0,0,0,0,0,0,0,0,0,,,,,,,0,,,0
25808786,0,0,,0,0,0,0,0,0,0,0,0,0,0,0,0,,,,,,,0,,,0
25808789,0,0,,0,0,0,0,0,0,0,0,0,0,0,0,0,,,,,,,0,,,0
25808792,0,0,,0,0,0,0,0,0,0,0,0,0,0,0,0,,,,,,,0,,,0
25808795,0,0,,0,0,0,0,0,0,0,0,0,0,0,0,0,,,,,,,0,,,0
25809472,0,0,,0,0,0,0,0,0,0,0,0,0,0,0,0,,,,,,,0,,,0
25809475,0,0,,0,0,0,0,0,0,0,0,0,0,0,0,0,,,,,,,0,,,0
25809478,0,0,,0,0,0,0,0,0,0,0,0,0,0,0,0,,,,,,,0,,,0
25809481,0,0,,0,0,0,0,0,0,0,0,0,0,0,0,0,,,,,,,0,,,0
25810615,0,0,1,0,0,0,0,0,0,0,0,0,0,0,0,0,,,,,,,0,,1,0
25810618,0,0,1,0,0,0,0,0,0,0,0,0,0,0,0,0,,,,,,,0,,1,0
25810661,0,0,,0,0,0,0,0,0,0,0,0,0,0,0,0,,,,,,,0,,,0
25810664,0,0,,0,0,0,0,0,0,0,0,0,0,0,0,0,,,,,,,0,,,0
25810667,0,0,,0,0,0,0,0,0,0,0,0,0,0,0,0,,,,,,,0,,,0
25810670,0,0,,0,0,0,0,0,0,0,0,0,0,0,0,0,,,,,,,0,,,0
25810673,0,0,,0,0,0,0,0,0,0,0,0,0,0,0,0,,,,,,,0,,,0
25810676,0,0,,0,0,0,0,0,0,0,0,0,0,0,0,0,,,,,,,0,,,0
25810679,0,0,,0,0,0,0,0,0,0,0,0,0,0,0,0,,,,,,,0,,,0
25810682,0,0,,0,0,0,0,0,0,0,0,0,0,0,0,0,,,,,,,0,,,0
25810685,0,0,,0,0,0,0,0,0,0,0,0,0,0,0,0,,,,,,,0,,,0
25810688,0,0,,0,0,0,0,0,0,0,0,0,0,0,0,0,,,,,,,0,,,0
25811812,0,0,,0,0,0,0,0,0,0,0,0,0,0,0,0,,,,,,,0,,,0
25811815,0,0,,0,0,0,0,0,0,0,0,0,0,0,0,0,,,,,,,0,,,0
25811818,0,0,,0,0,0,0,0,0,0,0,0,0,0,0,0,,,,,,,0,,,0
25811821,0,0,,0,0,0,0,0,0,0,0,0,0,0,0,0,,,,,,,0,,,0
25811840,0,0,,0,0,0,0,0,0,0,0,0,0,0,0,0,,,,,,,0,,,0
25811843,0,0,,0,0,0,0,0,0,0,0,0,0,0,0,0,,,,,,,0,,,0
25811848,0,0,,0,0,0,0,0,0,0,0,0,0,0,0,0,,,,,,,0,,,0
25812628,0,0,1,0,0,0,0,0,0,0,0,0,0,0,0,0,,,,,,,0,,1,0
25812631,0,0,1,0,0,0,0,0,0,0,0,0,0,0,0,0,,,,,,,0,,1,0
25815184,0,0,,0,0,0,0,0,0,0,0,0,0,0,0,0,,,,,,,0,,,0
25815683,0,0,,0,0,0,0,0,0,0,0,0,0,0,0,0,,,,,,,0,,,0
25815686,0,0,,0,0,0,0,0,0,0,0,0,0,0,0,0,,,,,,,0,,,0
25819774,0,0,,0,0,0,0,0,0,0,0,0,0,0,0,0,,,,,,,0,,,0
25820863,0,0,,0,0,0,0,0,0,0,0,0,0,0,0,0,,,,,,,0,,2,0
25821109,0,0,,0,0,0,0,0,0,0,0,0,0,0,0,0,,,,,,,0,,,0
25824847,0,0,,0,0,0,0,0,0,0,0,0,0,0,0,0,,,,,,,0,,,0
25824850,0,0,,0,0,0,0,0,0,0,0,0,0,0,0,0,,,,,,,0,,,0
25824853,0,0,,0,0,0,0,0,0,0,0,0,0,0,0,0,,,,,,,0,,,0
25829290,0,0,,0,0,0,0,0,0,0,0,0,0,0,0,0,,,,,,,0,,,0
25829293,0,0,,0,0,0,0,0,0,0,0,0,0,0,0,0,,,,,,,0,,,0
25829299,0,0,,0,0,0,0,0,0,0,0,0,0,0,0,0,,,,,,,0,,,0
25829302,0,0,,0,0,0,0,0,0,0,0,0,0,0,0,0,,,,,,,0,,,0
25830475,0,0,,0,0,0,0,0,0,0,0,0,0,0,0,0,,,,,,,0,,,0
25830478,0,0,,0,0,0,0,0,0,0,0,0,0,0,0,0,,,,,,,0,,,0
25830481,0,0,,0,0,0,0,0,0,0,0,0,0,0,0,0,,,,,,,0,,,0
25830484,0,0,,0,0,0,0,0,0,0,0,0,0,0,0,0,,,,,,,0,,,0
25830487,0,0,,0,0,0,0,0,0,0,0,0,0,0,0,0,,,,,,,0,,,0
25830488,0,0,,0,0,0,0,0,0,0,0,0,0,0,0,0,,,,,,,0,,,0
25830491,0,0,,0,0,0,0,0,0,0,0,0,0,0,0,0,,,,,,,0,,,0
25830494,0,0,,0,0,0,0,0,0,0,0,0,0,0,0,0,,,,,,,0,,,0
25830497,0,0,,0,0,0,0,0,0,0,0,0,0,0,0,0,,,,,,,0,,,0
25832671,0,0,1,0,0,0,0,0,0,0,0,0,0,0,0,0,,,,,,,0,,1,0
25832674,0,0,1,0,0,0,0,0,0,0,0,0,0,0,0,0,,,,,,,0,,1,0
25832806,0,0,,0,0,0,0,0,0,0,0,0,0,0,0,0,,,,,,,0,,,0
25832809,0,0,,0,0,0,0,0,0,0,0,0,0,0,0,0,,,,,,,0,,,0
25832812,0,0,,0,0,0,0,0,0,0,0,0,0,0,0,0,,,,,,,0,,,0
25832815,0,0,,0,0,0,0,0,0,0,0,0,0,0,0,0,,,,,,,0,,,0
25832875,0,0,,0,0,0,0,0,0,0,0,0,0,0,0,0,,,,,,,0,,,0
25833017,0,0,,0,0,0,0,0,0,0,0,0,0,0,0,0,,,,,,,0,,,0
25833020,0,0,,0,0,0,0,0,0,0,0,0,0,0,0,0,,,,,,,0,,1,0
25833023,0,0,,0,0,0,0,0,0,0,0,0,0,0,0,0,,,,,,,0,,,0
25839533,0,0,,0,0,0,0,0,0,0,0,0,0,0,0,0,,,,,,,0,,,0
25839536,0,0,,0,0,0,0,0,0,0,0,0,0,0,0,0,,,,,,,0,,,0
25841271,0,0,,0,0,0,0,0,0,0,0,0,0,0,0,0,,,,,,,0,,,0
25846916,0,0,,0,0,0,0,0,0,0,0,0,0,0,0,0,,,,,,,0,,,0
25846919,0,0,,0,0,0,0,0,0,0,0,0,0,0,0,0,,,,,,,0,,,0
25869318,0,0,,0,0,0,0,0,0,0,0,0,0,0,0,0,,,,,,,0,,,0
25869321,0,0,,0,0,0,0,0,0,0,0,0,0,0,0,0,,,,,,,0,,,0
25871390,0,0,1,0,0,0,0,0,0,0,0,0,0,0,0,0,,,,,,,0,,1,0
25871393,0,0,1,0,0,0,0,0,0,0,0,0,0,0,0,0,,,,,,,0,,1,0
25871573,0,0,,0,0,0,0,0,1,0,0,0,0,0,0,0,,,,,,,0,,1,0
25874234,0,0,,0,0,0,0,0,0,0,0,0,0,0,0,0,,,,,,,0,,,0
25874237,0,0,,0,0,0,0,0,0,0,0,0,0,0,0,0,,,,,,,0,,,0
25878938,0,0,,0,0,0,0,0,0,0,0,0,0,0,0,0,,,,,,,0,,,0
25878940,0,0,,0,0,0,0,0,0,0,0,0,0,0,0,0,,,,,,,0,,,0
25878942,0,0,,0,0,0,0,0,0,0,0,0,0,0,0,0,,,,,,,0,,,0
25878944,0,0,,0,0,0,0,0,0,0,0,0,0,0,0,0,,,,,,,0,,,0
25887836,0,0,,0,0,0,0,0,0,0,0,0,0,0,0,0,,,,,,,0,,,0
25887838,0,0,,0,0,0,0,0,0,0,0,0,0,0,0,0,,,,,,,0,,,0
25897197,0,0,1,0,0,0,0,0,0,0,0,0,0,0,0,0,,,,,,,0,,1,0
25897199,0,0,1,0,0,0,0,0,0,0,0,0,0,0,0,0,,,,,,,0,,1,0
25897255,0,0,1,0,0,0,0,0,0,0,0,0,0,0,0,0,,,,,,,0,,1,0
25899325,0,0,,0,0,0,0,0,0,0,0,0,0,0,0,0,,,,,,,0,,,0
25899327,0,0,,0,0,0,0,0,0,0,0,0,0,0,0,0,,,,,,,0,,,0
25899329,0,0,,0,0,0,0,0,0,0,0,0,0,0,0,0,,,,,,,0,,,0
25899337,0,0,,0,0,0,0,0,0,0,0,0,0,0,0,0,,,,,,,0,,,0
25902221,0,0,,0,0,0,0,0,0,0,0,0,0,0,0,0,,,,,,,0,,,0
25902412,0,0,,0,0,0,0,0,0,0,0,0,0,0,0,0,,,,,,,0,,,0
25902417,0,0,1,0,0,0,0,0,0,0,0,0,0,0,0,0,,,,,,,0,,1,0
25902795,0,0,,0,0,0,0,0,0,0,0,0,0,0,0,0,,,,,,,0,,1,0
25902797,0,0,,0,0,0,0,0,0,0,0,0,0,0,0,0,,,,,,,0,,1,0
25902943,0,0,1,0,0,0,0,0,0,0,0,0,0,0,0,0,,,,,,,0,,1,0
25902952,0,0,1,0,0,0,0,0,0,0,0,0,0,0,0,0,,,,,,,0,,1,0
25903091,0,0,1,0,0,0,0,0,0,0,0,0,0,0,0,0,,,,,,,0,,1,0
25903093,0,0,1,0,0,0,0,0,0,0,0,0,0,0,0,0,,,,,,,0,,1,0
25905569,0,0,,0,0,0,0,0,0,0,0,0,0,0,0,0,,,,,,,0,,,0
25905620,0,0,,0,0,0,0,0,0,0,0,0,0,0,0,0,,,,,,,0,,,0
25905622,0,0,,0,0,0,0,0,0,0,0,0,0,0,0,0,,,,,,,0,,,0
25906004,0,0,1,0,0,0,0,0,0,0,0,0,0,0,0,0,,,,,,,0,,1,0
25906189,0,0,,0,0,0,0,0,1,0,0,0,0,0,0,0,,,,,,,0,,,0
25906193,0,0,,0,0,0,0,0,0,0,0,0,0,0,0,0,,,,,,,0,,,0
25906797,0,0,1,0,0,0,0,0,0,0,0,0,0,0,0,0,,,,,,,0,,1,0
25906799,0,0,1,0,0,0,0,0,0,0,0,0,0,0,0,0,,,,,,,0,,1,0
25911415,0,0,1,0,0,0,0,0,0,0,0,0,0,0,0,0,,,,,,,0,,1,0
25912408,0,0,,0,0,0,0,0,1,0,0,0,0,0,0,0,,,,,,,0,,,0
25912418,0,0,1,0,0,0,0,0,0,0,0,0,0,0,0,0,,,,,,,0,,1,0
25912420,0,0,1,0,0,0,0,0,0,0,0,0,0,0,0,0,,,,,,,0,,1,0
25913808,0,0,,0,0,0,0,0,0,0,0,0,0,0,0,0,,,,,,,0,,,0
25913810,0,0,,0,0,0,0,0,0,0,0,0,0,0,0,0,,,,,,,0,,,0
25913812,0,0,,0,0,0,0,0,0,0,0,0,0,0,0,0,,,,,,,0,,,0
25914537,0,0,1,0,0,0,0,0,0,0,0,0,0,0,0,0,,,,,,,0,,,0
25916799,0,0,,0,0,0,0,0,0,0,0,0,0,0,0,0,,,,,,,0,,,0
25918107,0,0,1,0,0,0,0,0,0,0,0,0,0,0,0,0,,,,,,,0,,1,0
25918109,0,0,1,0,0,0,0,0,0,0,0,0,0,0,0,0,,,,,,,0,,1,0
25918350,0,0,,0,0,0,0,0,0,0,0,0,0,0,0,0,,,,,,,0,,,0
25918352,0,0,,0,0,0,0,0,0,0,0,0,0,0,0,0,,,,,,,0,,,0
25922845,0,0,,0,0,0,0,0,0,0,0,0,0,0,0,0,,,,,,,0,,,0
25923412,0,0,,0,0,0,0,0,0,0,0,0,0,0,0,0,,,,,,,0,,,0
25925155,0,0,1,0,0,0,0,0,0,0,0,0,0,0,0,0,,,,,,,0,,1,0
25925157,0,0,1,0,0,0,0,0,0,0,0,0,0,0,0,0,,,,,,,0,,1,0
25927638,0,0,1,0,0,0,0,0,0,0,0,0,0,0,0,0,,,,,,,0,,1,0
25927640,0,0,1,0,0,0,0,0,0,0,0,0,0,0,0,0,,,,,,,0,,1,0
25928812,0,0,,0,0,0,0,0,0,0,0,0,0,0,0,0,,,,,,,0,,,0
25928814,0,0,,0,0,0,0,0,0,0,0,0,0,0,0,0,,,,,,,0,,,0
25928818,0,0,,0,0,0,0,0,0,0,0,0,0,0,0,0,,,,,,,0,,,0
25928820,0,0,,0,0,0,0,0,0,0,0,0,0,0,0,0,,,,,,,0,,,0
25928822,0,0,,0,0,0,0,0,0,0,0,0,0,0,0,0,,,,,,,0,,,0
25928824,0,0,,0,0,0,0,0,0,0,0,0,0,0,0,0,,,,,,,0,,,0
25929078,0,0,,0,0,0,0,0,0,0,0,0,0,0,0,0,,,,,,,0,,,0
25929080,0,0,,0,0,0,0,0,0,0,0,0,0,0,0,0,,,,,,,0,,,0
25929082,0,0,,0,0,0,0,0,0,0,0,0,0,0,0,0,,,,,,,0,,,0
25929483,0,0,,0,0,0,0,0,0,0,0,0,0,0,0,0,,,,,,,0,,2,0
25929485,0,0,,0,0,0,0,0,0,0,0,0,0,0,0,0,,,,,,,0,,,0
25929487,0,0,,0,0,0,0,0,0,0,0,0,0,0,0,0,,,,,,,0,,,0
25929489,0,0,,0,0,0,0,0,0,0,0,0,0,0,0,0,,,,,,,0,,2,0
25929491,0,0,,0,0,0,0,0,0,0,0,0,0,0,0,0,,,,,,,0,,,0
25930217,0,0,1,0,0,0,0,0,0,0,0,0,0,0,0,0,,,,,,,0,,1,0
25930219,0,0,1,0,0,0,0,0,0,0,0,0,0,0,0,0,,,,,,,0,,1,0
25956553,0,0,1,0,0,0,0,0,0,0,0,0,0,0,0,0,,,,,,,0,,1,0
25956555,0,0,1,0,0,0,0,0,0,0,0,0,0,0,0,0,,,,,,,0,,1,0
25956863,0,0,1,0,0,0,0,0,0,0,0,0,0,0,0,0,,,,,,,0,,1,0
25956865,0,0,1,0,0,0,0,0,0,0,0,0,0,0,0,0,,,,,,,0,,1,0
25957393,0,0,,0,0,0,0,0,0,0,0,0,0,0,0,0,,,,,,,0,,,0
25957395,0,0,,0,0,0,0,0,0,0,0,0,0,0,0,0,,,,,,,0,,,0
25958162,0,0,1,0,0,0,0,0,0,0,0,0,0,0,0,0,,,,,,,0,,1,0
25959587,0,0,,0,0,0,0,0,0,0,0,0,0,0,0,0,,,,,,,0,,,0
25959589,0,0,,0,0,0,0,0,0,0,0,0,0,0,0,0,,,,,,,0,,,0
25963861,0,0,,0,0,0,0,0,0,0,0,0,0,0,0,0,,,,,,,0,,,0
25964460,0,0,1,0,0,0,0,0,0,0,0,0,0,0,0,0,,,,,,,0,,1,0
25964462,0,0,1,0,0,0,0,0,0,0,0,0,0,0,0,0,,,,,,,0,,1,0
25966845,0,0,,0,0,0,0,0,0,0,0,0,0,0,0,0,,,,,,,0,,,0
25966847,0,0,,0,0,0,0,0,0,0,0,0,0,0,0,0,,,,,,,0,,,0
25967749,0,0,1,0,0,0,0,0,0,0,0,0,0,0,0,0,,,,,,,0,,1,0
25967826,0,0,,0,0,0,0,0,0,0,0,0,0,0,0,0,,,,,,,0,,1,0
25967830,0,0,,0,0,0,0,0,0,0,0,0,0,0,0,0,,,,,,,0,,,0
25967832,0,0,,0,0,0,0,0,0,0,0,0,0,0,0,0,,,,,,,0,,,0
25968843,0,0,,0,0,0,0,0,0,0,0,0,0,0,0,0,,,,,,,0,,,0
25968845,0,0,,0,0,0,0,0,0,0,0,0,0,0,0,0,,,,,,,0,,2,0
25968847,0,0,,0,0,0,0,0,0,0,0,0,0,0,0,0,,,,,,,0,,,0
25968937,0,0,,0,0,0,0,0,0,0,0,0,0,0,0,0,,,,,,,0,,,0
25969337,0,0,,0,0,0,0,0,0,0,0,0,0,0,0,0,,,,,,,0,,,0
25969339,0,0,,0,0,0,0,0,0,0,0,0,0,0,0,0,,,,,,,0,,,0
25969341,0,0,,0,0,0,0,0,0,0,0,0,0,0,0,0,,,,,,,0,,,0
25969718,0,0,1,0,0,0,0,0,0,0,0,0,0,0,0,0,,,,,,,0,,1,0
25969720,0,0,1,0,0,0,0,0,0,0,0,0,0,0,0,0,,,,,,,0,,1,0
25971501,0,0,,0,0,0,0,0,0,0,0,0,0,0,0,0,,,,,,,0,,,0
25971503,0,0,,0,0,0,0,0,0,0,0,0,0,0,0,0,,,,,,,0,,,0
25971505,0,0,,0,0,0,0,0,0,0,0,0,0,0,0,0,,,,,,,0,,,0
25972439,0,0,1,0,0,0,0,0,0,0,0,0,0,0,0,0,,,,,,,0,,1,0
25972441,0,0,1,0,0,0,0,0,0,0,0,0,0,0,0,0,,,,,,,0,,1,0
25974501,0,0,,0,0,0,0,0,0,0,0,0,0,0,0,0,,,,,,,0,,2,0
25974503,0,0,,0,0,0,0,0,0,0,0,0,0,0,0,0,,,,,,,0,,,0
25974505,0,0,,0,0,0,0,0,0,0,0,0,0,0,0,0,,,,,,,0,,,0
25978939,0,0,,0,0,0,0,0,0,0,0,0,0,0,0,0,,,,,,,0,,,0
25978941,0,0,,0,0,0,0,0,0,0,0,0,0,0,0,0,,,,,,,0,,,0
25978943,0,0,,0,0,0,0,0,0,0,0,0,0,0,0,0,,,,,,,0,,,0
25978945,0,0,,0,0,0,0,0,0,0,0,0,0,0,0,0,,,,,,,0,,,0
25978947,0,0,,0,0,0,0,0,0,0,0,0,0,0,0,0,,,,,,,0,,,0
25979725,0,0,,0,0,0,0,0,0,0,0,0,0,0,0,0,,,,,,,0,,2,0
25980131,0,0,,0,0,0,0,0,0,0,0,0,0,0,0,0,,,,,,,0,,,0
25982304,0,0,,0,0,0,0,0,0,0,0,0,0,0,0,0,,,,,,,0,,,0
25982925,0,0,,0,0,0,0,0,0,0,0,0,0,0,0,0,,,,,,,0,,,0
25982927,0,0,,0,0,0,0,0,0,0,0,0,0,0,0,0,,,,,,,0,,,0
25982934,0,0,,0,0,0,0,0,0,0,0,0,0,0,0,0,,,,,,,0,,,0
25982936,0,0,,0,0,0,0,0,0,0,0,0,0,0,0,0,,,,,,,0,,1,0
25989677,0,0,3,0,0,0,0,0,0,0,0,0,0,0,0,0,,,,,,,0,,1,0
25993759,0,0,1,0,0,0,0,0,0,0,0,0,0,0,0,0,,,,,,,0,,1,0
25993761,0,0,1,0,0,0,0,0,0,0,0,0,0,0,0,0,,,,,,,0,,1,0
25994031,0,0,,0,0,0,0,0,0,0,0,0,0,0,0,0,,,,,,,0,,,0
25994033,0,0,,0,0,0,0,0,0,0,0,0,0,0,0,0,,,,,,,0,,,0
25997294,0,0,,0,0,0,0,0,0,0,0,0,0,0,0,0,,,,,,,0,,,0
25997296,0,0,,0,0,0,0,0,0,0,0,0,0,0,0,0,,,,,,,0,,2,0
25997298,0,0,,0,0,0,0,0,0,0,0,0,0,0,0,0,,,,,,,0,,,0
25998149,0,0,,0,0,0,0,0,0,0,0,0,0,0,0,0,,,,,,,0,,,0
26001387,0,0,1,0,0,0,0,0,0,0,0,0,0,0,0,0,,,,,,,0,,1,0
26001389,0,0,1,0,0,0,0,0,0,0,0,0,0,0,0,0,,,,,,,0,,1,0
26005534,0,0,,0,0,0,0,0,0,0,0,0,0,0,0,0,,,,,,,0,,,0
26005538,0,0,,0,0,0,0,0,0,0,0,0,0,0,0,0,,,,,,,0,,,0
26005542,0,0,,0,0,0,0,0,0,0,0,0,0,0,0,0,,,,,,,0,,,0
26006070,0,0,3,0,0,0,0,0,0,0,0,0,0,0,0,0,,,,,,,0,,1,0
26006072,0,0,3,0,0,0,0,0,0,0,0,0,0,0,0,0,,,,,,,0,,1,0
26008181,0,0,,0,0,0,0,0,0,0,0,0,0,0,0,0,,,,,,,0,,,0
26008185,0,0,,0,0,0,0,0,0,0,0,0,0,0,0,0,,,,,,,0,,,0
26008187,0,0,,0,0,0,0,0,0,0,0,0,0,0,0,0,,,,,,,0,,,0
26008189,0,0,,0,0,0,0,0,0,0,0,0,0,0,0,0,,,,,,,0,,,0
26008191,0,0,,0,0,0,0,0,0,0,0,0,0,0,0,0,,,,,,,0,,,0
26008193,0,0,,0,0,0,0,0,0,0,0,0,0,0,0,0,,,,,,,0,,,0
26008367,0,0,,0,0,0,0,0,0,0,0,0,0,0,0,0,,,,,,,0,,2,0
26008954,1,0,,0,0,0,0,0,0,0,0,0,0,0,0,0,,,,,,,0,,,0
26008956,0,0,,0,0,0,0,0,0,0,0,0,0,0,0,0,,,,,,,0,,,0
26009739,0,0,,0,0,0,0,0,0,0,0,0,0,0,0,0,,,,,,,0,,,0
26009741,0,0,,0,0,0,0,0,0,0,0,0,0,0,0,0,,,,,,,0,,,0
26009930,0,0,,0,0,0,0,0,0,0,0,0,0,0,0,0,,,,,,,0,,,0
26009932,0,0,,0,0,0,0,0,0,0,0,0,0,0,0,0,,,,,,,0,,,0
26010519,0,0,,0,0,0,0,0,0,0,0,0,0,0,0,0,,,,,,,0,,,0
26011243,0,0,,0,0,0,0,0,0,0,0,0,0,0,0,0,,,,,,,0,,,0
26011245,0,0,,0,0,0,0,0,0,0,0,0,0,0,0,0,,,,,,,0,,,0
26011247,0,0,,0,0,0,0,0,0,0,0,0,0,0,0,0,,,,,,,0,,,0
26011477,0,0,1,0,0,0,0,0,0,0,0,0,0,0,0,0,,,,,,,0,,1,0
26012149,0,0,1,0,0,0,0,0,0,0,0,0,0,0,0,0,,,,,,,0,,1,0
26012151,0,0,1,0,0,0,0,0,0,0,0,0,0,0,0,0,,,,,,,0,,1,0
26013566,0,0,,0,0,0,0,0,0,0,0,0,0,0,0,0,,,,,,,0,,,0
26014604,0,0,,0,0,0,0,0,0,0,0,0,0,0,0,0,,,,,,,0,,,0
26016331,0,0,1,0,0,0,0,0,0,0,0,0,0,0,0,0,,,,,,,0,,1,0
26016333,0,0,1,0,0,0,0,0,0,0,0,0,0,0,0,0,,,,,,,0,,1,0
26016483,0,0,,0,0,0,0,0,0,0,0,0,0,0,0,0,,,,,,,0,,,0
26016485,0,0,,0,0,0,0,0,0,0,0,0,0,0,0,0,,,,,,,0,,,0
26016487,0,0,,0,0,0,0,0,0,0,0,0,0,0,0,0,,,,,,,0,,,0
26016489,0,0,,0,0,0,0,0,0,0,0,0,0,0,0,0,,,,,,,0,,,0
26017296,0,0,,0,0,0,0,0,0,0,0,0,0,0,0,0,,,,,,,0,,,0
26017298,0,0,,0,0,0,0,0,0,0,0,0,0,0,0,0,,,,,,,0,,,0
26020148,0,0,,0,0,0,0,0,0,0,0,0,0,0,0,0,,,,,,,0,,,0
26020150,0,0,,0,0,0,0,0,0,0,0,0,0,0,0,0,,,,,,,0,,,0
26020392,0,0,1,0,0,0,0,0,0,0,0,0,0,0,0,0,,,,,,,0,,1,0
26020394,0,0,1,0,0,0,0,0,0,0,0,0,0,0,0,0,,,,,,,0,,1,0
26021376,0,0,,0,0,0,0,0,0,0,0,0,0,0,0,0,,,,,,,0,,,0
26021378,0,0,,0,0,0,0,0,0,0,0,0,0,0,0,0,,,,,,,0,,1,0
26021380,0,0,,0,0,0,0,0,0,0,0,0,0,0,0,0,,,,,,,0,,1,0
26021382,0,0,,0,0,0,0,0,0,0,0,0,0,0,0,0,,,,,,,0,,1,0
26021384,0,0,,0,0,0,0,0,0,0,0,0,0,0,0,0,,,,,,,0,,,0
26023900,0,0,1,0,0,0,0,0,0,0,0,0,0,0,0,0,,,,,,,0,,1,0
26026237,0,0,,0,0,0,0,0,0,0,0,0,0,0,0,0,,,,,,,0,,,0
26026239,0,0,,0,0,0,0,0,0,0,0,0,0,0,0,0,,,,,,,0,,,0
26028316,0,0,1,0,0,0,0,0,0,0,0,0,0,0,0,0,,,,,,,0,,1,0
26028879,0,0,,0,0,0,0,0,0,0,0,0,0,0,0,0,,,,,,,0,,,0
26028881,0,0,,0,0,0,0,0,0,0,0,0,0,0,0,0,,,,,,,0,,,0
26028985,0,0,,0,0,0,0,0,0,0,0,0,0,0,0,0,,,,,,,0,,,0
26028987,0,0,,0,0,0,0,0,0,0,0,0,0,0,0,0,,,,,,,0,,,0
26029703,0,0,1,0,0,0,0,0,0,0,0,0,0,0,0,0,,,,,,,0,,1,0
26029704,0,0,1,0,0,0,0,0,0,0,0,0,0,0,0,0,,,,,,,0,,1,0
26035242,0,0,,0,1,0,0,0,0,0,0,0,0,0,0,0,,,,,,,0,,,0
26035569,0,0,,0,0,0,0,0,0,0,0,0,0,0,0,0,,,,,,,0,,,0
26036233,0,0,,0,0,0,0,0,0,0,0,0,0,0,0,0,,,,,,,0,,,0
26037866,0,0,,0,0,0,0,0,0,0,0,0,0,0,0,0,,,,,,,0,,,0
26049723,0,0,,0,0,0,0,0,0,0,0,0,0,0,0,0,,,,,,,0,,,0
26049725,0,0,,0,0,0,0,0,0,0,0,0,0,0,0,0,,,,,,,0,,,0
26049773,0,0,,0,0,0,0,0,0,0,0,0,0,0,0,0,,,,,,,0,,,0
26049775,0,0,,0,0,0,0,0,0,0,0,0,0,0,0,0,,,,,,,0,,2,0
26049777,0,0,,0,0,0,0,0,0,0,0,0,0,0,0,0,,,,,,,0,,,0
26051031,0,0,,0,0,0,0,0,0,0,0,0,0,0,0,0,,,,,,,0,,,0
26051033,0,0,,0,0,0,0,0,0,0,0,0,0,0,0,0,,,,,,,0,,,0
26053257,0,0,,0,0,0,0,0,0,0,0,0,0,0,0,0,,,,,,,0,,,0
26053503,0,0,,0,0,0,0,0,0,0,0,0,0,0,0,0,,,,,,,0,,,0
26053855,0,0,1,0,0,0,0,0,0,0,0,0,0,0,0,0,,,,,,,0,,1,0
26053857,0,0,1,0,0,0,0,0,0,0,0,0,0,0,0,0,,,,,,,0,,1,0
26054070,0,0,,0,0,0,0,0,0,0,0,0,0,0,0,0,,,,,,,0,,,0
26054072,0,0,,0,0,0,0,0,0,0,0,0,0,0,0,0,,,,,,,0,,,0
26054074,0,0,,0,0,0,0,0,0,0,0,0,0,0,0,0,,,,,,,0,,,0
26054413,0,0,,0,0,0,0,0,0,0,0,0,0,0,0,0,,,,,,,0,,,0
26054415,0,0,,0,0,0,0,0,0,0,0,0,0,0,0,0,,,,,,,0,,,0
26054417,0,0,,0,0,0,0,0,0,0,0,0,0,0,0,0,,,,,,,0,,,0
26055279,0,0,,0,0,0,0,0,0,0,0,0,0,0,0,0,,,,,,,0,,2,0
26056108,0,0,1,0,0,0,0,0,0,0,0,0,0,0,0,0,,,,,,,0,,1,0
26056110,0,0,1,0,0,0,0,0,0,0,0,0,0,0,0,0,,,,,,,0,,1,0
26057054,0,0,,0,0,0,0,0,0,0,0,0,0,0,0,0,,,,,,,0,,,0
26057056,0,0,,0,0,0,0,0,0,0,0,0,0,0,0,0,,,,,,,0,,2,0
26057058,0,0,,0,0,0,0,0,0,0,0,0,0,0,0,0,,,,,,,0,,,0
26059274,0,0,,0,0,0,0,0,0,0,0,0,0,0,0,0,,,,,,,0,,,0
26059276,0,0,,0,0,0,0,0,0,0,0,0,0,0,0,0,,,,,,,0,,,0
26059278,0,0,,0,0,0,0,0,0,0,0,0,0,0,0,0,,,,,,,0,,,0
26059280,0,0,,0,0,0,0,0,0,0,0,0,0,0,0,0,,,,,,,0,,,0
26059282,0,0,,0,0,0,0,0,0,0,0,0,0,0,0,0,,,,,,,0,,,0
26059288,0,0,,0,0,0,0,0,0,0,0,0,0,0,0,0,,,,,,,0,,,0
26059877,0,0,,0,0,0,0,0,0,0,0,0,0,0,0,0,,,,,,,0,,,0
26061053,0,0,1,0,0,0,0,0,0,0,0,0,0,0,0,0,,,,,,,0,,1,0
26061055,0,0,1,0,0,0,0,0,0,0,0,0,0,0,0,0,,,,,,,0,,1,0
26061455,0,0,1,0,0,0,0,0,0,0,0,0,0,0,0,0,,,,,,,0,,1,0
26061457,0,0,1,0,0,0,0,0,0,0,0,0,0,0,0,0,,,,,,,0,,1,0
26061940,0,0,,0,0,0,0,0,0,0,0,0,0,0,0,0,,,,,,,0,,,0
26061942,0,0,,0,0,0,0,0,0,0,0,0,0,0,0,0,,,,,,,0,,2,0
26061944,0,0,,0,0,0,0,0,0,0,0,0,0,0,0,0,,,,,,,0,,,0
26061946,0,0,,0,0,0,0,0,0,0,0,0,0,0,0,0,,,,,,,0,,2,0
26064413,0,0,,0,0,0,0,0,0,0,0,0,0,0,0,0,,,,,,,0,,,0
26064795,0,0,,0,0,0,0,0,0,0,0,0,0,0,0,0,,,,,,,0,,,0
26064797,0,0,,0,0,0,0,0,0,0,0,0,0,0,0,0,,,,,,,0,,,0
26065238,0,0,1,0,0,0,0,0,0,0,0,0,0,0,0,0,,,,,,,0,,1,0
26065240,0,0,1,0,0,0,0,0,0,0,0,0,0,0,0,0,,,,,,,0,,1,0
26065832,0,0,,0,0,0,0,0,0,0,0,0,0,0,0,0,,,,,,,0,,,0
26065834,0,0,,0,0,0,0,0,0,0,0,0,0,0,0,0,,,,,,,0,,,0
26066908,0,0,1,0,0,0,0,0,0,0,0,0,0,0,0,0,,,,,,,0,,1,0
26066910,0,0,1,0,0,0,0,0,0,0,0,0,0,0,0,0,,,,,,,0,,1,0
26069045,0,0,,0,0,0,0,0,0,0,0,0,0,0,0,0,,,,,,,0,,,0
26069047,0,0,,0,0,0,0,0,0,0,0,0,0,0,0,0,,,,,,,0,,,0
26071219,0,0,,0,0,0,0,0,0,0,0,0,0,0,0,0,,,,,,,0,,,0
26071221,0,0,,0,0,0,0,0,0,0,0,0,0,0,0,0,,,,,,,0,,,0
26071735,0,0,,0,0,0,0,0,0,0,0,0,0,0,0,0,,,,,,,0,,,0
26071737,0,0,,0,0,0,0,0,0,0,0,0,0,0,0,0,,,,,,,0,,,0
26071747,0,0,1,0,0,0,0,0,0,0,0,0,0,0,0,0,,,,,,,0,,1,0
26071749,0,0,1,0,0,0,0,0,0,0,0,0,0,0,0,0,,,,,,,0,,1,0
26073500,0,0,1,0,0,0,0,0,0,0,0,0,0,0,0,0,,,,,,,0,,1,0
26073502,0,0,1,0,0,0,0,0,0,0,0,0,0,0,0,0,,,,,,,0,,1,0
26073953,0,0,1,0,0,0,0,0,0,0,0,0,0,0,0,0,,,,,,,0,,1,0
26076861,0,0,1,0,0,0,0,0,0,0,0,0,0,0,0,0,,,,,,,0,,1,0
26077465,0,0,,0,0,0,0,0,0,0,0,0,0,0,0,0,,,,,,,0,,,0
26077467,0,0,,0,0,0,0,0,0,0,0,0,0,0,0,0,,,,,,,0,,,0
26077925,0,0,,0,0,0,0,0,0,0,0,0,0,0,0,0,,,,,,,0,,,0
26077927,0,0,,0,0,0,0,0,0,0,0,0,0,0,0,0,,,,,,,0,,,0
26077929,0,0,1,0,0,0,0,0,0,0,0,0,0,0,0,0,,,,,,,0,,2,0
26077931,0,0,,0,0,0,0,0,0,0,0,0,0,0,0,0,,,,,,,0,,,0
26077933,0,0,1,0,0,0,0,0,0,0,0,0,0,0,0,0,,,,,,,0,,2,0
26077935,0,0,1,0,0,0,0,0,0,0,0,0,0,0,0,0,,,,,,,0,,2,0
26077937,0,0,,0,0,0,0,0,0,0,0,0,0,0,0,0,,,,,,,0,,,0
26080144,0,0,,0,0,0,0,0,0,0,0,0,0,0,0,0,,,,,,,0,,,0
26080777,0,0,,0,0,0,0,0,0,0,0,0,0,0,0,0,,,,,,,0,,,0
26080956,0,0,,0,0,0,0,0,0,0,0,0,0,0,0,0,,,,,,,0,,,0
26080958,0,0,,0,0,0,0,0,0,0,0,0,0,0,0,0,,,,,,,0,,2,0
26080960,0,0,,0,0,0,0,0,0,0,0,0,0,0,0,0,,,,,,,0,,,0
26082403,0,0,,0,0,0,0,0,0,0,0,0,0,0,0,0,,,,,,,0,,,0
26082405,0,0,,0,0,0,0,0,0,0,0,0,0,0,0,0,,,,,,,0,,,0
26082407,0,0,,0,0,0,0,0,0,0,0,0,0,0,0,0,,,,,,,0,,,0
26083735,0,0,,0,0,0,0,0,0,0,0,0,0,0,0,0,,,,,,,0,,,0
26083737,0,0,,0,0,0,0,0,0,0,0,0,0,0,0,0,,,,,,,0,,,0
26084508,0,0,,0,0,0,0,0,0,0,0,0,0,0,0,0,,,,,,,0,,,0
26084510,0,0,,0,0,0,0,0,0,0,0,0,0,0,0,0,,,,,,,0,,,0
26084512,0,0,,0,0,0,0,0,0,0,0,0,0,0,0,0,,,,,,,0,,,0
26085082,0,0,,0,0,0,0,0,0,0,0,0,0,0,0,0,,,,,,,0,,,0
26085084,0,0,,0,0,0,0,0,0,0,0,0,0,0,0,0,,,,,,,0,,,0
26085086,0,0,,0,0,0,0,0,0,0,0,0,0,0,0,0,,,,,,,0,,,0
26085088,0,0,,0,0,0,0,0,0,0,0,0,0,0,0,0,,,,,,,0,,,0
26085090,0,0,,0,0,0,0,0,0,0,0,0,0,0,0,0,,,,,,,0,,,0
26085092,0,0,,0,0,0,0,0,0,0,0,0,0,0,0,0,,,,,,,0,,,0
26091725,0,0,,0,0,0,0,0,0,0,0,0,0,0,0,0,,,,,,,0,,,0
26091727,0,0,,0,0,0,0,0,0,0,0,0,0,0,0,0,,,,,,,0,,,0
26091729,0,0,,0,0,0,0,0,0,0,0,0,0,0,0,0,,,,,,,0,,2,0
26091731,0,0,,0,0,0,0,0,0,0,0,0,0,0,0,0,,,,,,,0,,2,0
26091741,0,0,,0,0,0,0,0,0,0,0,0,0,0,0,0,,,,,,,0,,,0
26091743,0,0,,0,0,0,0,0,0,0,0,0,0,0,0,0,,,,,,,0,,,0
26092699,0,0,,0,0,0,0,0,0,0,0,0,0,0,0,0,,,,,,,0,,,0
26092701,0,0,,0,0,0,0,0,0,0,0,0,0,0,0,0,,,,,,,0,,,0
26092733,0,0,1,0,0,0,0,0,0,0,0,0,0,0,0,0,,,,,,,0,,1,0
26092735,0,0,1,0,0,0,0,0,0,0,0,0,0,0,0,0,,,,,,,0,,1,0
26093086,0,0,,0,0,0,0,0,0,0,0,0,0,0,0,0,,,,,,,0,,,0
26093088,0,0,,0,0,0,0,0,0,0,0,0,0,0,0,0,,,,,,,0,,,0
26094813,0,0,,0,0,0,0,0,0,0,0,0,0,0,0,0,,,,,,,0,,,0
26094815,0,0,,0,0,0,0,0,0,0,0,0,0,0,0,0,,,,,,,0,,,0
26096244,0,0,,0,0,0,0,0,0,0,0,0,0,0,0,0,,,,,,,0,,,0
26096246,0,0,,0,0,0,0,0,0,0,0,0,0,0,0,0,,,,,,,0,,,0
26096248,0,0,,0,0,0,0,0,0,0,0,0,0,0,0,0,,,,,,,0,,,0
26096250,0,0,,0,0,0,0,0,0,0,0,0,0,0,0,0,,,,,,,0,,,0
26096252,0,0,,0,0,0,0,0,0,0,0,0,0,0,0,0,,,,,,,0,,,0
26096254,0,0,,0,0,0,0,0,0,0,0,0,0,0,0,0,,,,,,,0,,,0
26096256,0,0,,0,0,0,0,0,0,0,0,0,0,0,0,0,,,,,,,0,,,0
26096258,0,0,,0,0,0,0,0,0,0,0,0,0,0,0,0,,,,,,,0,,,0
26096260,0,0,,0,0,0,0,0,0,0,0,0,0,0,0,0,,,,,,,0,,,0
26096359,0,0,,0,0,0,0,0,0,0,0,0,0,0,0,0,,,,,,,0,,,0
26096361,0,0,,0,0,0,0,0,0,0,0,0,0,0,0,0,,,,,,,0,,,0
26096653,0,0,,0,0,0,0,0,0,0,0,0,0,0,0,0,,,,,,,0,,,0
26096655,0,0,,0,0,0,0,0,0,0,0,0,0,0,0,0,,,,,,,0,,,0
26096657,0,0,,0,0,0,0,0,0,0,0,0,0,0,0,0,,,,,,,0,,,0
26096659,0,0,,0,0,0,0,0,0,0,0,0,0,0,0,0,,,,,,,0,,,0
26096661,0,0,,0,0,0,0,0,0,0,0,0,0,0,0,0,,,,,,,0,,,0
26096663,0,0,,0,0,0,0,0,0,0,0,0,0,0,0,0,,,,,,,0,,,0
26097917,0,0,,0,0,0,0,0,0,0,0,0,0,0,0,0,,,,,,,0,,,0
26097919,0,0,,0,0,0,0,0,0,0,0,0,0,0,0,0,,,,,,,0,,,0
26097921,0,0,,0,0,0,0,0,0,0,0,0,0,0,0,0,,,,,,,0,,,0
26097923,0,0,,0,0,0,0,0,0,0,0,0,0,0,0,0,,,,,,,0,,,0
26097925,0,0,,0,0,0,0,0,0,0,0,0,0,0,0,0,,,,,,,0,,,0
26097927,0,0,,0,0,0,0,0,0,0,0,0,0,0,0,0,,,,,,,0,,,0
26097929,0,0,,0,0,0,0,0,0,0,0,0,0,0,0,0,,,,,,,0,,,0
26097931,0,0,,0,0,0,0,0,0,0,0,0,0,0,0,0,,,,,,,0,,,0
26097933,0,0,,0,0,0,0,0,0,0,0,0,0,0,0,0,,,,,,,0,,,0
26097935,0,0,,0,0,0,0,0,0,0,0,0,0,0,0,0,,,,,,,0,,,0
26097937,0,0,,0,0,0,0,0,0,0,0,0,0,0,0,0,,,,,,,0,,,0
26098492,0,0,,0,0,0,0,0,1,0,0,0,0,0,0,0,,,,,,,0,,1,0
26098519,0,0,,0,0,0,0,0,0,0,0,0,0,0,0,0,,,,,,,0,,2,0
26098521,0,0,,0,0,0,0,0,0,0,0,0,0,0,0,0,,,,,,,0,,,0
26099048,0,0,,0,0,0,0,0,0,0,0,0,0,0,0,0,,,,,,,0,,2,0
26099050,0,0,,0,0,0,0,0,0,0,0,0,0,0,0,0,,,,,,,0,,,0
26099867,0,0,,0,0,0,0,0,0,0,0,0,0,0,0,0,,,,,,,0,,,0
26099869,0,0,,0,0,0,0,0,0,0,0,0,0,0,0,0,,,,,,,0,,,0
26099897,0,0,1,0,0,0,0,0,0,0,0,0,0,0,0,0,,,,,,,0,,1,0
26099899,0,0,1,0,0,0,0,0,0,0,0,0,0,0,0,0,,,,,,,0,,1,0
26101677,0,0,,0,0,0,0,0,0,0,0,0,0,0,0,0,,,,,,,0,,,0
26101679,0,0,,0,0,0,0,0,0,0,0,0,0,0,0,0,,,,,,,0,,,0
26101681,0,0,,0,0,0,0,0,0,0,0,0,0,0,0,0,,,,,,,0,,,0
26101683,0,0,,0,0,0,0,0,0,0,0,0,0,0,0,0,,,,,,,0,,,0
26101685,0,0,,0,0,0,0,0,0,0,0,0,0,0,0,0,,,,,,,0,,,0
26102769,0,0,,0,0,0,0,0,0,0,0,0,0,0,0,0,,,,,,,0,,,0
26102773,0,0,,0,0,0,0,0,0,0,0,0,0,0,0,0,,,,,,,0,,,0
26103847,0,0,,0,0,0,0,0,0,0,0,0,0,0,0,0,,,,,,,0,,,0
26103849,0,0,,0,0,0,0,0,0,0,0,0,0,0,0,0,,,,,,,0,,,0
26107377,0,0,,0,0,0,0,0,0,0,0,0,0,0,0,0,,,,,,,0,,,0
26107379,0,0,,0,0,0,0,0,0,0,0,0,0,0,0,0,,,,,,,0,,,0
26109235,0,0,1,0,0,0,0,0,0,0,0,0,0,0,0,0,,,,,,,0,,1,0
26109237,0,0,1,0,0,0,0,0,0,0,0,0,0,0,0,0,,,,,,,0,,1,0
26112238,0,0,,0,0,0,0,0,0,0,0,0,0,0,0,0,,,,,,,0,,,0
26112240,0,0,,0,0,0,0,0,0,0,0,0,0,0,0,0,,,,,,,0,,,0
26112337,0,0,,0,0,0,0,0,0,0,0,0,0,0,0,0,,,,,,,0,,,0
26112339,0,0,,0,0,0,0,0,0,0,0,0,0,0,0,0,,,,,,,0,,,0
26112341,0,0,,0,0,0,0,0,0,0,0,0,0,0,0,0,,,,,,,0,,,0
26113276,0,0,1,0,0,0,0,0,0,0,0,0,0,0,0,0,,,,,,,0,,1,0
26113278,0,0,1,0,0,0,0,0,0,0,0,0,0,0,0,0,,,,,,,0,,1,0
26114862,0,0,,0,0,0,0,0,0,0,0,0,0,0,0,0,,,,,,,0,,,0
26114864,0,0,,0,0,0,0,0,0,0,0,0,0,0,0,0,,,,,,,0,,,0
26114866,0,0,,0,0,0,0,0,0,0,0,0,0,0,0,0,,,,,,,0,,,0
26118433,0,0,,0,0,0,0,0,0,0,0,0,0,0,0,0,,,,,,,0,,,0
26118435,0,0,,0,0,0,0,0,0,0,0,0,0,0,0,0,,,,,,,0,,,0
26119544,0,0,,0,0,0,0,0,0,0,0,0,0,0,0,0,,,,,,,0,,,0
26119546,0,0,,0,0,0,0,0,0,0,0,0,0,0,0,0,,,,,,,0,,,0
26119548,0,0,,0,0,0,0,0,0,0,0,0,0,0,0,0,,,,,,,0,,,0
26120277,0,0,,0,0,0,0,0,0,0,0,0,0,0,0,0,,,,,,,0,,,0
26120279,0,0,,0,0,0,0,0,0,0,0,0,0,0,0,0,,,,,,,0,,,0
26120281,0,0,,0,0,0,0,0,0,0,0,0,0,0,0,0,,,,,,,0,,,0
26120283,0,0,,0,0,0,0,0,0,0,0,0,0,0,0,0,,,,,,,0,,,0
26147271,0,0,,0,0,0,0,0,0,0,0,0,0,0,0,0,,,,,,,0,,,0
26147273,0,0,,0,0,0,0,0,0,0,0,0,0,0,0,0,,,,,,,0,,,0
26147275,0,0,,0,0,0,0,0,0,0,0,0,0,0,0,0,,,,,,,0,,,0
26147277,0,0,,0,0,0,0,0,0,0,0,0,0,0,0,0,,,,,,,0,,,0
26147279,0,0,,0,0,0,0,0,0,0,0,0,0,0,0,0,,,,,,,0,,,0
26151313,0,0,,0,0,0,0,0,0,0,0,0,0,0,0,0,,,,,,,0,,,0
26151315,0,0,,0,0,0,0,0,0,0,0,0,0,0,0,0,,,,,,,0,,,0
26152100,0,0,,0,0,0,0,0,0,0,0,0,0,0,0,0,,,,,,,0,,,0
26152102,0,0,,0,0,0,0,0,0,0,0,0,0,0,0,0,,,,,,,0,,,0
26152104,0,0,,0,0,0,0,0,0,0,0,0,0,0,0,0,,,,,,,0,,,0
26168051,0,0,1,0,0,0,0,0,0,0,0,0,0,0,0,0,,,,,,,0,,1,0
26168867,0,0,,0,0,0,0,0,0,0,0,0,0,0,0,0,,,,,,,0,,,0
26168869,0,0,,0,0,0,0,0,0,0,0,0,0,0,0,0,,,,,,,0,,,0
26169756,0,0,,0,0,0,0,0,0,0,0,0,0,0,0,0,,,,,,,0,,,0
26169758,0,0,,0,0,0,0,0,0,0,0,0,0,0,0,0,,,,,,,0,,,0
26169760,0,0,,0,0,0,0,0,0,0,0,0,0,0,0,0,,,,,,,0,,,0
26169762,0,0,,0,0,0,0,0,0,0,0,0,0,0,0,0,,,,,,,0,,,0
26169764,0,0,,0,0,0,0,0,0,0,0,0,0,0,0,0,,,,,,,0,,,0
26169766,0,0,,0,0,0,0,0,0,0,0,0,0,0,0,0,,,,,,,0,,,0
