schade_expertise_id,schade_id,datum_aanstelling,rdr_barema,type_mandaat,dervingstijd,dervingskosten,expertise_bedrag,wrakwaarde,forfait,total_loss
7802589,106950201,0000-00-00,,,0,0.00,0.00,0.00,0,0
6919693,106950205,,,,0,0.00,0.00,0.00,0,0
7387935,106950217,0000-00-00,,,0,0.00,0.00,0.00,0,0
10076397,106950221,0000-00-00,,,0,0.00,0.00,0.00,0,0
10076399,106950237,0000-00-00,,,0,0.00,0.00,0.00,0,0
6919697,106950241,,,,0,0.00,0.00,0.00,0,0
6919701,106950249,0000-00-00,,,0,0.00,0.00,0.00,0,0
7033760,106950253,2019-07-09,,,0,0.00,0.00,0.00,0,0
10076403,106950257,0000-00-00,,,0,0.00,0.00,0.00,0,0
6967039,106950273,0000-00-00,,,0,0.00,0.00,0.00,0,0
6919705,106950277,,,,0,0.00,0.00,0.00,0,0
10076405,106950289,0000-00-00,,,0,0.00,0.00,0.00,0,0
7038927,106950309,0000-00-00,,,0,0.00,0.00,0.00,0,0
10305398,106950313,0000-00-00,,,0,0.00,0.00,0.00,0,0
6959856,106950321,2019-12-03,,22,30,60.00,6081.82,0.00,0,0
6963083,106950329,2020-02-10,,22,100,200.00,10170.75,0.00,0,0
6942308,106950333,2020-01-22,,22,0,0.00,0.00,0.00,0,0
10076395,106962042,0000-00-00,,,0,0.00,0.00,0.00,0,0
10076393,106962060,0000-00-00,,,0,0.00,0.00,0.00,0,0
10076391,106962064,0000-00-00,,,0,0.00,0.00,0.00,0,0
10076389,106967414,0000-00-00,,,0,0.00,0.00,0.00,0,0
10076387,106968095,0000-00-00,,,0,0.00,0.00,0.00,0,0
10076385,106969846,0000-00-00,,,0,0.00,0.00,0.00,0,0
10076381,106974369,0000-00-00,,,0,0.00,0.00,0.00,0,0
6942410,106982087,2020-02-14,,,0,0.00,0.00,0.00,0,0
10076305,107013190,0000-00-00,,,0,0.00,0.00,0.00,0,0
6981027,107014196,2019-05-28,,,0,0.00,0.00,0.00,0,0
10076379,107015833,0000-00-00,,,0,0.00,0.00,0.00,0,0
10307546,107029189,0000-00-00,,,0,0.00,0.00,0.00,0,0
6963368,107031938,2020-03-16,,22,0,0.00,0.00,0.00,0,0
7435056,107031940,0000-00-00,,,0,0.00,0.00,0.00,0,0
7395669,107033667,0000-00-00,,,0,0.00,0.00,0.00,0,0
10076375,107034049,0000-00-00,,,0,0.00,0.00,0.00,0,0
7395285,107036359,0000-00-00,,,0,0.00,0.00,0.00,0,0
10076301,107036369,0000-00-00,,,0,0.00,0.00,0.00,0,0
10076303,107036377,0000-00-00,,,0,0.00,0.00,0.00,0,0
10076371,107039275,0000-00-00,,,0,0.00,0.00,0.00,0,0
9512047,107045552,0000-00-00,,,0,0.00,0.00,0.00,0,0
7410863,107045554,0000-00-00,,,0,0.00,0.00,0.00,0,0
6978647,107047538,0000-00-00,,,0,0.00,0.00,0.00,0,0
10076369,107048290,0000-00-00,,,0,0.00,0.00,0.00,0,0
10076365,107051165,0000-00-00,,,0,0.00,0.00,0.00,0,0
6983135,107051168,2020-04-24,,,0,0.00,0.00,0.00,0,0
10076361,107051169,0000-00-00,,,0,0.00,0.00,0.00,0,0
6984359,107054732,0000-00-00,,,0,0.00,0.00,0.00,0,0
6984361,107054734,0000-00-00,,,0,0.00,0.00,0.00,0,0
7387865,107057056,2020-05-27,,,0,0.00,0.00,0.00,0,0
10076357,107106058,0000-00-00,,,0,0.00,0.00,0.00,0,0
10076355,107113592,0000-00-00,,,0,0.00,0.00,0.00,0,0
7040155,107118198,2020-06-29,13,11,0,0.00,0.00,0.00,0,0
10076349,107197740,0000-00-00,,,0,0.00,0.00,0.00,0,0
7037174,107218790,2020-06-23,30,12,15,30.00,1200.00,0.00,0,0
7387862,107220540,2020-07-23,10,22,0,0.00,0.00,0.00,0,0
7579265,107220540,2020-11-05,10,22,0,0.00,0.00,0.00,0,0
10076347,107269389,0000-00-00,,,0,0.00,0.00,0.00,0,0
10076345,107357901,0000-00-00,,,0,0.00,0.00,0.00,0,0
10076343,107375540,0000-00-00,,,0,0.00,0.00,0.00,0,0
7387878,107728094,2020-07-30,,22,25,50.00,3471.95,0.00,0,0
10076341,108050766,0000-00-00,,,0,0.00,0.00,0.00,0,0
8872793,108051036,2021-04-13,,12,0,0.00,0.00,0.00,0,0
7391488,108123181,2020-08-27,,,0,0.00,1000.00,0.00,0,0
8839125,108123446,2020-09-30,,,0,0.00,0.00,0.00,0,0
8555033,108193362,2020-10-05,,,0,0.00,0.00,0.00,0,0
10076309,108217143,0000-00-00,,,0,0.00,0.00,0.00,0,0
10076329,108226239,0000-00-00,,,0,0.00,0.00,0.00,0,0
10076327,108227078,0000-00-00,,,0,0.00,0.00,0.00,0,0
7399668,108234747,0000-00-00,,,0,0.00,0.00,0.00,0,0
10076325,108242037,0000-00-00,,,0,0.00,0.00,0.00,0,0
10076323,108305523,0000-00-00,,,0,0.00,0.00,0.00,0,0
10072313,108416450,0000-00-00,,,0,0.00,0.00,0.00,0,0
10076311,108442485,0000-00-00,,,0,0.00,0.00,0.00,0,0
10076319,108542630,0000-00-00,,,0,0.00,0.00,0.00,0,0
10076315,108542703,0000-00-00,,,0,0.00,0.00,0.00,0,0
10076313,108593319,0000-00-00,,,0,0.00,0.00,0.00,0,0
10181657,108593376,2021-01-05,,,0,0.00,0.00,0.00,0,0
7516844,108593808,2020-10-21,,,0,0.00,0.00,0.00,0,0
10076299,108594530,0000-00-00,,,0,0.00,0.00,0.00,0,0
10305422,108594543,0000-00-00,,,0,0.00,0.00,0.00,0,0
10076297,108595454,0000-00-00,,,0,0.00,0.00,0.00,0,0
10076295,108597798,0000-00-00,,,0,0.00,0.00,0.00,0,0
10076293,108648972,0000-00-00,,,0,0.00,0.00,0.00,0,0
10076291,108715031,0000-00-00,,,0,0.00,0.00,0.00,0,0
10076287,108772971,0000-00-00,,,0,0.00,0.00,0.00,0,0
9941710,108773532,0000-00-00,,,0,0.00,0.00,0.00,0,0
10076283,108868065,0000-00-00,,,0,0.00,0.00,0.00,0,0
10076281,108893985,0000-00-00,,,0,0.00,0.00,0.00,0,0
10076277,108916647,0000-00-00,,,0,0.00,0.00,0.00,0,0
7810848,108930993,2020-12-03,,22,0,0.00,0.00,0.00,0,0
8585195,108930993,2021-02-03,,22,0,0.00,0.00,0.00,0,0
8850792,108931191,2021-03-30,,22,20,40.00,2499.85,0.00,0,0
10076275,108984816,0000-00-00,,,0,0.00,0.00,0.00,0,0
7878002,108993975,2020-12-11,,27,0,0.00,0.00,0.00,0,0
10076271,109002567,0000-00-00,,,0,0.00,0.00,0.00,0,0
10076267,109112327,0000-00-00,,,0,0.00,0.00,0.00,0,0
10076261,109383669,0000-00-00,,,0,0.00,0.00,0.00,0,0
8388926,109395428,2021-01-22,,22,0,0.00,5702.74,0.00,0,0
10076259,109492160,0000-00-00,,,0,0.00,0.00,0.00,0,0
10211199,109621607,0000-00-00,,,0,0.00,0.00,0.00,0,0
10108203,109621836,0000-00-00,,,0,0.00,0.00,0.00,0,0
10076257,109686698,0000-00-00,,,0,0.00,0.00,0.00,0,0
8632319,109751012,2021-02-11,,,0,0.00,0.00,0.00,0,0
10071677,109753148,0000-00-00,,,0,0.00,0.00,0.00,0,0
10071673,109763468,0000-00-00,,,0,0.00,0.00,0.00,0,0
8660687,109785530,2021-02-18,,,0,0.00,0.00,0.00,0,0
10071671,109835891,0000-00-00,,,0,0.00,0.00,0.00,0,0
10071669,109911408,0000-00-00,,,0,0.00,0.00,0.00,0,0
8928630,110177456,2021-03-16,,,0,0.00,2110.00,0.00,0,0
10305406,110228444,0000-00-00,,,0,0.00,0.00,0.00,0,0
10071295,110229044,0000-00-00,,,0,0.00,0.00,0.00,0,0
8845850,110231141,0000-00-00,,,0,0.00,0.00,0.00,0,0
10071293,110231418,0000-00-00,,,0,0.00,0.00,0.00,0,0
10071291,110240283,0000-00-00,,,0,0.00,0.00,0.00,0,0
10071289,110242728,0000-00-00,,,0,0.00,0.00,0.00,0,0
10305596,110310542,0000-00-00,,,0,0.00,0.00,0.00,0,0
10071287,110310596,0000-00-00,,,0,0.00,0.00,0.00,0,0
8880903,110311736,2021-04-14,10,12,0,0.00,0.00,0.00,0,0
10071283,110376695,0000-00-00,,,0,0.00,0.00,0.00,0,0
9805069,110378285,2021-03-29,10,12,0,0.00,1313.64,0.00,0,0
10071281,110424092,0000-00-00,,,0,0.00,0.00,0.00,0,0
10071279,110460921,0000-00-00,,,0,0.00,0.00,0.00,0,0
8885057,110563101,2021-04-16,10,12,0,0.00,1425.00,0.00,0,0
10305767,110609036,0000-00-00,,,0,0.00,0.00,0.00,0,0
10077541,110729838,2021-09-24,,,0,0.00,0.00,0.00,0,0
10071277,110729844,0000-00-00,,,0,0.00,0.00,0.00,0,0
10071275,110733558,0000-00-00,,,0,0.00,0.00,0.00,0,0
10265243,110770418,0000-00-00,,,0,0.00,0.00,0.00,0,0
10071273,110787447,0000-00-00,,,0,0.00,0.00,0.00,0,0
10071271,110841551,0000-00-00,,,0,0.00,0.00,0.00,0,0
10071269,110843118,0000-00-00,,,0,0.00,0.00,0.00,0,0
10071263,110849109,0000-00-00,,,0,0.00,0.00,0.00,0,0
10071261,110849300,0000-00-00,,,0,0.00,0.00,0.00,0,0
10104977,110874387,2021-04-29,,,0,0.00,0.00,0.00,0,0
8928711,110888330,0000-00-00,,,0,0.00,0.00,0.00,0,0
10071147,110917917,0000-00-00,,,0,0.00,0.00,0.00,0,0
10071145,110929734,0000-00-00,,,0,0.00,0.00,0.00,0,0
8932811,110930700,2021-04-21,,12,0,0.00,1900.00,0.00,0,0
10071139,110930975,0000-00-00,,,0,0.00,0.00,0.00,0,0
10071131,110931303,0000-00-00,,,0,0.00,0.00,0.00,0,0
10071259,111040492,0000-00-00,,,0,0.00,0.00,0.00,0,0
8937928,111040528,2021-05-20,,22,0,0.00,6385.61,0.00,0,0
8938450,111060697,2021-05-25,,,0,0.00,0.00,0.00,0,0
10134246,111060728,0000-00-00,,,0,0.00,0.00,0.00,0,0
10135311,111072127,0000-00-00,,,0,0.00,0.00,0.00,0,0
10305266,111107158,0000-00-00,,,0,0.00,0.00,0.00,0,0
10071255,111107395,0000-00-00,,,0,0.00,0.00,0.00,0,0
10307558,111116497,0000-00-00,,,0,0.00,0.00,0.00,0,0
10071253,111125020,0000-00-00,,,0,0.00,0.00,0.00,0,0
10071251,111166664,0000-00-00,,,0,0.00,0.00,0.00,0,0
10305557,111218227,0000-00-00,,,0,0.00,0.00,0.00,0,0
10071247,111218950,0000-00-00,,,0,0.00,0.00,0.00,0,0
10307564,111240184,0000-00-00,,,0,0.00,0.00,0.00,0,0
10305295,111264289,0000-00-00,,,0,0.00,0.00,0.00,0,0
10071243,111264799,0000-00-00,,,0,0.00,0.00,0.00,0,0
9089267,111319904,2021-06-22,,,0,0.00,0.00,0.00,0,0
10071241,111320751,0000-00-00,,,0,0.00,0.00,0.00,0,0
10071239,111320755,0000-00-00,,,0,0.00,0.00,0.00,0,0
10071237,111365357,0000-00-00,,,0,0.00,0.00,0.00,0,0
10071235,111366572,0000-00-00,,,0,0.00,0.00,0.00,0,0
10071233,111367769,0000-00-00,,,0,0.00,0.00,0.00,0,0
10071231,111374662,0000-00-00,,,0,0.00,0.00,0.00,0,0
10340507,111444040,0000-00-00,,,0,0.00,0.00,0.00,0,0
9175307,111445742,2021-07-07,,,0,0.00,0.00,0.00,0,0
9167573,111456811,0000-00-00,,,0,0.00,0.00,0.00,0,0
10069758,111467711,0000-00-00,,,0,0.00,0.00,0.00,0,0
10307552,111468365,0000-00-00,,,0,0.00,0.00,0.00,0,0
10305524,111503924,0000-00-00,,,0,0.00,0.00,0.00,0,0
10340510,111516381,0000-00-00,,,0,0.00,0.00,0.00,0,0
9180518,111524203,2021-07-08,,22,0,0.00,1862.16,0.00,0,0
10071167,111544927,0000-00-00,,,0,0.00,0.00,0.00,0,0
10330141,111606881,0000-00-00,,,0,0.00,0.00,0.00,0,0
10340516,111778021,0000-00-00,,,0,0.00,0.00,0.00,0,0
10361831,111852362,0000-00-00,,,0,0.00,0.00,0.00,0,0
10071161,111862738,0000-00-00,,,0,0.00,0.00,0.00,0,0
10305701,111944839,0000-00-00,,,0,0.00,0.00,0.00,0,0
10331845,111944846,0000-00-00,,,0,0.00,0.00,0.00,0,0
10305314,111983377,0000-00-00,,,0,0.00,0.00,0.00,0,0
10331854,111984880,0000-00-00,,,0,0.00,0.00,0.00,0,0
10340522,111994928,0000-00-00,,,0,0.00,0.00,0.00,0,0
9469066,112004099,2021-08-25,50,12,0,0.00,606.65,0.00,0,0
10071157,112059269,0000-00-00,,,0,0.00,0.00,0.00,0,0
10340528,112059463,0000-00-00,,,0,0.00,0.00,0.00,0,0
10340531,112090705,0000-00-00,,,0,0.00,0.00,0.00,0,0
10069887,112147442,2021-09-15,,,0,0.00,0.00,0.00,0,0
10071127,112170649,0000-00-00,,,0,0.00,0.00,0.00,0,0
10071125,112203188,0000-00-00,,,0,0.00,0.00,0.00,0,0
10071109,112204369,0000-00-00,,,0,0.00,0.00,0.00,0,0
10340534,112214942,0000-00-00,,,0,0.00,0.00,0.00,0,0
9615367,112239148,2021-09-13,,22,0,0.00,3448.63,0.00,0,0
9898951,112239148,2021-10-20,,22,0,0.00,3448.63,0.00,0,0
10071107,112292926,0000-00-00,,,0,0.00,0.00,0.00,0,0
10087132,112292926,2021-09-28,,,0,0.00,0.00,0.00,0,0
10340537,112293023,0000-00-00,,,0,0.00,0.00,0.00,0,0
10071105,112295236,0000-00-00,,,0,0.00,0.00,0.00,0,0
10069752,112295245,0000-00-00,,,0,0.00,0.00,0.00,0,0
10340543,112361671,0000-00-00,,,0,0.00,0.00,0.00,0,0
10071123,112390769,0000-00-00,,,0,0.00,0.00,0.00,0,0
10071121,112393643,0000-00-00,,,0,0.00,0.00,0.00,0,0
10071115,112405151,0000-00-00,,,0,0.00,0.00,0.00,0,0
10070941,112407913,0000-00-00,,,0,0.00,0.00,0.00,0,0
10340540,112485295,0000-00-00,,,0,0.00,0.00,0.00,0,0
10070933,112578512,0000-00-00,,,0,0.00,0.00,0.00,0,0
10305662,112579489,0000-00-00,,,0,0.00,0.00,0.00,0,0
10340549,112626476,0000-00-00,,,0,0.00,0.00,0.00,0,0
10070929,112633189,0000-00-00,,,0,0.00,0.00,0.00,0,0
10070927,112660675,0000-00-00,,,0,0.00,0.00,0.00,0,0
9860341,112666193,0000-00-00,,,0,0.00,0.00,0.00,0,0
10340552,112688488,0000-00-00,,,0,0.00,0.00,0.00,0,0
10070909,112698958,0000-00-00,,,0,0.00,0.00,0.00,0,0
9891733,112740553,0000-00-00,,,0,0.00,0.00,0.00,0,0
9930202,112740913,2021-10-26,,26,0,0.00,512.17,0.00,0,0
10070903,112763698,0000-00-00,,,0,0.00,0.00,0.00,0,0
10070901,112844260,0000-00-00,,,0,0.00,0.00,0.00,0,0
10070899,112844456,0000-00-00,,,0,0.00,0.00,0.00,0,0
10557441,112844497,0000-00-00,,,0,0.00,0.00,0.00,0,0
10304999,112857049,0000-00-00,,,0,0.00,0.00,0.00,0,0
10045261,112869724,0000-00-00,,,0,0.00,0.00,0.00,0,0
10070895,112870696,0000-00-00,,,0,0.00,0.00,0.00,0,0
10340555,112927492,0000-00-00,,,0,0.00,0.00,0.00,0,0
10070893,112993405,0000-00-00,,,0,0.00,0.00,0.00,0,0
10340558,113002594,0000-00-00,,,0,0.00,0.00,0.00,0,0
10340561,113004550,0000-00-00,,,0,0.00,0.00,0.00,0,0
10340564,113017013,0000-00-00,,,0,0.00,0.00,0.00,0,0
10340570,113101012,0000-00-00,,,0,0.00,0.00,0.00,0,0
10340573,113111735,0000-00-00,,,0,0.00,0.00,0.00,0,0
10305674,113121602,0000-00-00,,,0,0.00,0.00,0.00,0,0
10070891,113122570,0000-00-00,,,0,0.00,0.00,0.00,0,0
10178358,113155934,2022-03-25,,,0,0.00,0.00,0.00,0,0
10070885,113156002,0000-00-00,,,0,0.00,0.00,0.00,0,0
10305671,113160793,0000-00-00,,,0,0.00,0.00,0.00,0,0
10304837,113161325,0000-00-00,,,0,0.00,0.00,0.00,0,0
10305511,113161403,0000-00-00,,,0,0.00,0.00,0.00,0,0
10340575,113162065,0000-00-00,,,0,0.00,0.00,0.00,0,0
10331801,113162477,0000-00-00,,,0,0.00,0.00,0.00,0,0
10264754,113164421,0000-00-00,,,0,0.00,0.00,0.00,0,0
10308382,113167197,0000-00-00,,,0,0.00,0.00,0.00,0,0
10340581,113167729,0000-00-00,,,0,0.00,0.00,0.00,0,0
10265252,113167975,0000-00-00,,,0,0.00,0.00,0.00,0,0
10275949,113167975,2022-01-07,,,0,0.00,0.00,0.00,0,0
10080001,113169271,2021-12-24,,,0,0.00,0.00,0.00,0,0
10340584,113170871,0000-00-00,,,0,0.00,0.00,0.00,0,0
10167897,113171643,2021-12-27,,,0,0.00,0.00,0.00,0,0
10100577,113172754,2022-02-09,,,0,0.00,0.00,0.00,0,0
10305014,113174587,0000-00-00,,,0,0.00,0.00,0.00,0,0
10165395,113174979,0000-00-00,,,0,0.00,0.00,0.00,0,0
10331893,113174989,0000-00-00,,,0,0.00,0.00,0.00,0,0
10265227,113175315,0000-00-00,,,0,0.00,0.00,0.00,0,0
10084752,113177206,2022-01-07,10,12,0,0.00,4791.23,0.00,0,0
10340587,113177238,0000-00-00,,,0,0.00,0.00,0.00,0,0
10340590,113179824,0000-00-00,,,0,0.00,0.00,0.00,0,0
10307648,113180424,0000-00-00,,,0,0.00,0.00,0.00,0,0
10202488,113180596,2022-02-01,,,0,0.00,0.00,0.00,0,0
10307660,113182513,0000-00-00,,,0,0.00,0.00,0.00,0,0
10340593,113183100,0000-00-00,,,0,0.00,0.00,0.00,0,0
10362636,113185510,0000-00-00,,,0,0.00,0.00,0.00,0,0
10089951,113185710,2022-01-20,,,0,0.00,0.00,0.00,0,0
10287383,113186677,0000-00-00,,,0,0.00,0.00,0.00,0,0
10305509,113187604,0000-00-00,,,0,0.00,0.00,0.00,0,0
10093126,113187885,2022-01-31,,12,0,0.00,870.64,0.00,0,0
10340596,113189481,0000-00-00,,,0,0.00,0.00,0.00,0,0
10305149,113189803,0000-00-00,,,0,0.00,0.00,0.00,0,0
10304990,113190255,0000-00-00,,,0,0.00,0.00,0.00,0,0
10275545,113202777,2022-03-02,,,0,0.00,0.00,0.00,0,0
10099977,113203102,2022-02-08,,,0,0.00,0.00,0.00,0,0
10307663,113216058,0000-00-00,,,0,0.00,0.00,0.00,0,0
10101825,113227963,0000-00-00,,,0,0.00,0.00,0.00,0,0
10398407,113228124,0000-00-00,,,0,0.00,0.00,0.00,0,0
10132029,113228394,2022-02-18,,,0,0.00,0.00,0.00,0,0
10340599,113228664,0000-00-00,,,0,0.00,0.00,0.00,0,0
10398408,113229128,0000-00-00,,,0,0.00,0.00,0.00,0,0
10305434,113229134,0000-00-00,,,0,0.00,0.00,0.00,0,0
10265230,113237043,0000-00-00,,,0,0.00,0.00,0.00,0,0
10113101,113239821,2022-02-23,,22,0,0.00,2544.51,0.00,0,0
10235782,113279979,2022-07-12,,,0,0.00,0.00,0.00,0,0
10340602,113280834,0000-00-00,,,0,0.00,0.00,0.00,0,0
10340605,113282174,0000-00-00,,,0,0.00,0.00,0.00,0,0
10305101,113285324,0000-00-00,,,0,0.00,0.00,0.00,0,0
10340611,113285556,0000-00-00,,,0,0.00,0.00,0.00,0,0
10308605,113288156,0000-00-00,,,0,0.00,0.00,0.00,0,0
10133275,113298657,2022-03-10,,,0,0.00,13287.00,0.00,0,0
10306298,113299308,0000-00-00,,,0,0.00,0.00,0.00,0,0
10133518,113299342,2022-03-10,,,0,0.00,0.00,0.00,0,0
10305743,113321934,0000-00-00,,,0,0.00,0.00,0.00,0,0
10340614,113323024,0000-00-00,,,0,0.00,0.00,0.00,0,0
10340617,113323749,0000-00-00,,,0,0.00,0.00,0.00,0,0
10251808,113325468,2022-03-21,,,0,0.00,0.00,0.00,0,0
10400529,113325636,0000-00-00,,,0,0.00,0.00,0.00,0,0
10136131,113325993,2022-03-16,,22,0,0.00,0.00,0.00,0,0
10169669,113325993,2022-05-30,,22,0,0.00,1710.37,0.00,0,0
10137511,113326698,2022-03-18,,,0,0.00,0.00,0.00,0,0
10340620,113326728,0000-00-00,,,0,0.00,0.00,0.00,0,0
10398609,113348790,0000-00-00,,,0,0.00,0.00,0.00,0,0
10308524,113349597,0000-00-00,,,0,0.00,0.00,0.00,0,0
10319144,113350867,0000-00-00,,,0,0.00,0.00,0.00,0,0
10496506,113363844,0000-00-00,,,0,0.00,0.00,0.00,0,0
10308385,113374491,0000-00-00,,,0,0.00,0.00,0.00,0,0
10398032,113386314,0000-00-00,,,0,0.00,0.00,0.00,0,0
10144012,113387373,2022-04-01,50,12,0,0.00,2977.70,0.00,0,0
10340621,113387650,0000-00-00,,,0,0.00,0.00,0.00,0,0
10361859,113387892,0000-00-00,,,0,0.00,0.00,0.00,0,0
10179780,113388612,2022-04-19,,,0,0.00,0.00,0.00,0,0
10340627,113390133,0000-00-00,,,0,0.00,0.00,0.00,0,0
10306301,113394426,0000-00-00,,,0,0.00,0.00,0.00,0,0
10149783,113394460,2022-04-12,,12,0,0.00,1824.33,0.00,0,0
10305536,113394570,0000-00-00,,,0,0.00,0.00,0.00,0,0
10150857,113397867,0000-00-00,,,0,0.00,0.00,0.00,0,0
10176381,113398059,0000-00-00,,,0,0.00,0.00,0.00,0,0
10306310,113399184,0000-00-00,,,0,0.00,0.00,0.00,0,0
10340633,113400792,0000-00-00,,,0,0.00,0.00,0.00,0,0
10178364,113401883,2022-05-04,,,0,0.00,0.00,0.00,0,0
10155432,113402366,2022-04-27,,22,0,0.00,0.00,0.00,0,0
10176650,113402366,2022-06-15,,22,0,0.00,1049.89,0.00,0,0
10339976,113402370,0000-00-00,,,0,0.00,0.00,0.00,0,0
10340636,113407665,0000-00-00,,,0,0.00,0.00,0.00,0,0
10308202,113408339,0000-00-00,,,0,0.00,0.00,0.00,0,0
10340639,113409708,0000-00-00,,,0,0.00,0.00,0.00,0,0
10362375,113410190,0000-00-00,,,0,0.00,0.00,0.00,0,0
10162200,113410944,0000-00-00,,,0,0.00,0.00,0.00,0,0
10340642,113411337,0000-00-00,,,0,0.00,0.00,0.00,0,0
10306208,113411604,0000-00-00,,,0,0.00,0.00,0.00,0,0
10361139,113411885,0000-00-00,,,0,0.00,0.00,0.00,0,0
10175319,113412777,2022-06-13,10,12,0,0.00,613.07,0.00,0,0
10339964,113414945,0000-00-00,,,0,0.00,0.00,0.00,0,0
10171452,113414964,2022-06-02,,28,0,0.00,1386.25,0.00,0,0
10362548,113415447,0000-00-00,,,0,0.00,0.00,0.00,0,0
10308394,113415671,0000-00-00,,,0,0.00,0.00,0.00,0,0
10185074,113418348,2022-05-31,,,0,0.00,0.00,0.00,0,0
10306220,113418360,0000-00-00,,,0,0.00,0.00,0.00,0,0
10176653,113420324,2022-06-15,13,12,0,0.00,956.52,0.00,0,0
10331851,113421344,0000-00-00,,,0,0.00,0.00,0.00,0,0
10362551,113422491,0000-00-00,,,0,0.00,0.00,0.00,0,0
10306334,113422685,0000-00-00,,,0,0.00,0.00,0.00,0,0
10305047,113423868,0000-00-00,,,0,0.00,0.00,0.00,0,0
10308401,113424255,0000-00-00,,,0,0.00,0.00,0.00,0,0
10305661,113426205,0000-00-00,,,0,0.00,0.00,0.00,0,0
10305712,113426825,0000-00-00,,,0,0.00,0.00,0.00,0,0
10316390,113426909,0000-00-00,,,0,0.00,0.00,0.00,0,0
10308391,113428467,0000-00-00,,,0,0.00,0.00,0.00,0,0
10362606,113428848,0000-00-00,,,0,0.00,0.00,0.00,0,0
10182192,113429481,2022-06-28,,22,0,0.00,7953.22,0.00,0,0
10177446,113429829,0000-00-00,,,0,0.00,0.00,0.00,0,0
10398405,113430386,0000-00-00,,,0,0.00,0.00,0.00,0,0
10183020,113432438,0000-00-00,,,0,0.00,0.00,0.00,0,0
10307842,113434245,0000-00-00,,,0,0.00,0.00,0.00,0,0
10306343,113436449,0000-00-00,,,0,0.00,0.00,0.00,0,0
10189868,113436635,0000-00-00,,,0,0.00,0.00,0.00,0,0
10305296,113439668,0000-00-00,,,0,0.00,0.00,0.00,0,0
10186533,113440286,2022-07-08,,26,0,0.00,1078.68,0.00,0,0
10308593,113440847,0000-00-00,,,0,0.00,0.00,0.00,0,0
10305845,113441076,0000-00-00,,,0,0.00,0.00,0.00,0,0
10306340,113442075,0000-00-00,,,0,0.00,0.00,0.00,0,0
10306367,113442342,0000-00-00,,,0,0.00,0.00,0.00,0,0
10340504,113443608,0000-00-00,,,0,0.00,0.00,0.00,0,0
10340645,113444777,0000-00-00,,,0,0.00,0.00,0.00,0,0
10291651,113444868,0000-00-00,,,0,0.00,0.00,0.00,0,0
10205958,113445566,2022-08-09,40,12,0,0.00,1881.32,0.00,0,0
10265288,113498427,0000-00-00,,,0,0.00,0.00,0.00,0,0
10265224,113500429,0000-00-00,,,0,0.00,0.00,0.00,0,0
10340651,113500926,0000-00-00,,,0,0.00,0.00,0.00,0,0
10306373,113501046,0000-00-00,,,0,0.00,0.00,0.00,0,0
10276801,113504112,2023-02-10,10,22,0,0.00,3169.76,0.00,0,0
10305095,113505756,0000-00-00,,,0,0.00,0.00,0.00,0,0
10208031,113507517,2022-08-16,31,12,0,0.00,7313.59,0.00,0,0
10398518,113510461,0000-00-00,,,0,0.00,0.00,0.00,0,0
10306607,113517715,0000-00-00,,,0,0.00,0.00,0.00,0,0
10308532,113521899,0000-00-00,,,0,0.00,0.00,0.00,0,0
10362393,113524185,0000-00-00,,,0,0.00,0.00,0.00,0,0
10307911,113524194,0000-00-00,,,0,0.00,0.00,0.00,0,0
10361802,113525319,0000-00-00,,,0,0.00,0.00,0.00,0,0
10260770,113526579,2022-10-07,,,0,0.00,0.00,0.00,0,0
10308422,113530539,0000-00-00,,,0,0.00,0.00,0.00,0,0
10308416,113530542,0000-00-00,,,0,0.00,0.00,0.00,0,0
10304969,113530881,0000-00-00,,,0,0.00,0.00,0.00,0,0
10363988,113531523,0000-00-00,,,0,0.00,0.00,0.00,0,0
10284350,113532952,0000-00-00,,,0,0.00,0.00,0.00,0,0
10340654,113533071,0000-00-00,,,0,0.00,0.00,0.00,0,0
10275548,113533944,2022-11-25,,,0,0.00,0.00,0.00,0,0
10429692,113534464,0000-00-00,,,0,0.00,0.00,0.00,0,0
10306514,113535565,0000-00-00,,,0,0.00,0.00,0.00,0,0
10295956,113535595,0000-00-00,,,0,0.00,0.00,0.00,0,0
10306517,113543109,0000-00-00,,,0,0.00,0.00,0.00,0,0
10306481,113543332,0000-00-00,,,0,0.00,0.00,0.00,0,0
10231483,113545420,2020-10-20,,22,0,0.00,1626.89,0.00,0,0
10307902,113546017,0000-00-00,,,0,0.00,0.00,0.00,0,0
10340660,113552367,0000-00-00,,,0,0.00,0.00,0.00,0,0
10340663,113556774,0000-00-00,,,0,0.00,0.00,0.00,0,0
10307942,113562648,0000-00-00,,,0,0.00,0.00,0.00,0,0
10361538,113568702,0000-00-00,,,0,0.00,0.00,0.00,0,0
10340029,113570441,0000-00-00,,,0,0.00,0.00,0.00,0,0
10306540,113570570,0000-00-00,,,0,0.00,0.00,0.00,0,0
10265240,113570846,0000-00-00,,,0,0.00,0.00,0.00,0,0
10306661,113571578,0000-00-00,,,0,0.00,0.00,0.00,0,0
10308469,113572115,0000-00-00,,,0,0.00,0.00,0.00,0,0
10340666,113572121,0000-00-00,,,0,0.00,0.00,0.00,0,0
10362639,113572376,0000-00-00,,,0,0.00,0.00,0.00,0,0
10429695,113574422,0000-00-00,,,0,0.00,0.00,0.00,0,0
10255231,113585555,0000-00-00,,,0,0.00,0.00,0.00,0,0
10481958,113586083,0000-00-00,,,0,0.00,0.00,0.00,0,0
10247231,113586448,2022-11-22,,,0,0.00,0.00,0.00,0,0
10253471,113587565,2022-12-08,40,12,0,0.00,1058.08,0.00,0,0
10306790,113587760,0000-00-00,,,0,0.00,0.00,0.00,0,0
10306853,113588048,0000-00-00,,,0,0.00,0.00,0.00,0,0
10362645,113588900,0000-00-00,,,0,0.00,0.00,0.00,0,0
10306859,113589008,0000-00-00,,,0,0.00,0.00,0.00,0,0
10305715,113589092,0000-00-00,,,0,0.00,0.00,0.00,0,0
10339822,113589911,0000-00-00,,,0,0.00,0.00,0.00,0,0
10306634,113591104,0000-00-00,,,0,0.00,0.00,0.00,0,0
10330147,113593454,0000-00-00,,,0,0.00,0.00,0.00,0,0
10331993,113593481,0000-00-00,,,0,0.00,0.00,0.00,0,0
10527129,113593481,2022-12-22,,,0,0.00,0.00,0.00,0,0
10557551,113595512,0000-00-00,,,0,0.00,0.00,0.00,0,0
10362405,113608028,0000-00-00,,,0,0.00,0.00,0.00,0,0
10259312,113608154,2022-12-26,,22,0,0.00,2072.41,0.00,0,0
10331980,113610140,0000-00-00,,,0,0.00,0.00,0.00,0,0
10398618,113610200,0000-00-00,,,0,0.00,0.00,0.00,0,0
10331996,113610449,0000-00-00,,,0,0.00,0.00,0.00,0,0
10330154,113633066,0000-00-00,,,0,0.00,0.00,0.00,0,0
10362402,113633729,0000-00-00,,,0,0.00,0.00,0.00,0,0
10362474,113633729,2023-09-11,,,0,0.00,0.00,0.00,0,0
10555270,113633932,0000-00-00,,,0,0.00,0.00,0.00,0,0
10305842,113633957,0000-00-00,,,0,0.00,0.00,0.00,0,0
10291654,113633966,0000-00-00,,,0,0.00,0.00,0.00,0,0
10259353,113634287,2022-12-26,,22,0,0.00,12708.75,0.00,0,0
10341794,113634419,0000-00-00,,,0,0.00,0.00,0.00,0,0
10296701,113635198,0000-00-00,,,0,0.00,0.00,0.00,0,0
10295351,113636330,2023-04-03,,22,0,0.00,1202.41,0.00,0,0
10307627,113638073,0000-00-00,,,0,0.00,0.00,0.00,0,0
10264370,113638271,0000-00-00,,,0,0.00,0.00,0.00,0,0
10307518,113638811,0000-00-00,,,0,0.00,0.00,0.00,0,0
10265594,113640368,2023-01-12,,,0,0.00,0.00,0.00,0,0
10340821,113644775,0000-00-00,,,0,0.00,0.00,0.00,0,0
10363646,113648989,0000-00-00,,,0,0.00,0.00,0.00,0,0
10307012,113649788,0000-00-00,,,0,0.00,0.00,0.00,0,0
10308734,113650636,0000-00-00,,,0,0.00,0.00,0.00,0,0
10363139,113650802,0000-00-00,,,0,0.00,0.00,0.00,0,0
10340824,113651011,0000-00-00,,,0,0.00,0.00,0.00,0,0
10282738,113652691,2023-02-28,,22,0,0.00,1624.70,0.00,0,0
10282763,113652700,0000-00-00,,,0,0.00,0.00,0.00,0,0
10306991,113652857,0000-00-00,,,0,0.00,0.00,0.00,0,0
10275794,113653538,0000-00-00,,,0,0.00,0.00,0.00,0,0
10340827,113655196,0000-00-00,,,0,0.00,0.00,0.00,0,0
10308508,113656280,0000-00-00,,,0,0.00,0.00,0.00,0,0
10363677,113656490,0000-00-00,,,0,0.00,0.00,0.00,0,0
10400240,113658266,0000-00-00,,,0,0.00,0.00,0.00,0,0
10340831,113659040,0000-00-00,,,0,0.00,0.00,0.00,0,0
10400564,113659288,0000-00-00,,,0,0.00,0.00,0.00,0,0
10280408,113659295,2023-02-21,,,0,0.00,0.00,0.00,0,0
10307051,113659436,0000-00-00,,,0,0.00,0.00,0.00,0,0
10362827,113660344,0000-00-00,,,0,0.00,0.00,0.00,0,0
10308590,113660666,0000-00-00,,,0,0.00,0.00,0.00,0,0
10307063,113662769,0000-00-00,,,0,0.00,0.00,0.00,0,0
10362039,113662982,0000-00-00,,,0,0.00,0.00,0.00,0,0
10305182,113663459,0000-00-00,,,0,0.00,0.00,0.00,0,0
10308544,113665199,0000-00-00,,,0,0.00,0.00,0.00,0,0
10288460,113665340,2023-03-15,,22,0,0.00,3392.37,0.00,0,0
10290404,113665471,2023-03-21,52,12,0,0.00,836.77,0.00,0,0
10557443,113665631,0000-00-00,,,0,0.00,0.00,0.00,0,0
10286102,113666378,2023-03-09,40,12,0,0.00,556.10,0.00,0,0
10285478,113666882,2022-11-14,50,12,0,0.00,2674.76,0.00,0,0
10307066,113667059,0000-00-00,,,0,0.00,0.00,0.00,0,0
10308281,113667779,0000-00-00,,,0,0.00,0.00,0.00,0,0
10294160,113667788,0000-00-00,,,0,0.00,0.00,0.00,0,0
10306237,113667791,0000-00-00,,,0,0.00,0.00,0.00,0,0
10308541,113669744,0000-00-00,,,0,0.00,0.00,0.00,0,0
10330099,113670479,0000-00-00,,,0,0.00,0.00,0.00,0,0
10361541,113670493,0000-00-00,,,0,0.00,0.00,0.00,0,0
10309328,113670496,0000-00-00,,,0,0.00,0.00,0.00,0,0
10300702,113671172,2023-04-05,,,0,0.00,0.00,0.00,0,0
10340834,113671882,0000-00-00,,,0,0.00,0.00,0.00,0,0
10369155,113672456,0000-00-00,,,0,0.00,0.00,0.00,0,0
10292786,113672471,2023-03-28,50,12,0,0.00,993.47,0.00,0,0
10290349,113672740,0000-00-00,,,0,0.00,0.00,0.00,0,0
10400244,113674408,0000-00-00,,,0,0.00,0.00,0.00,0,0
10292789,113674912,2023-03-28,,22,0,0.00,6017.29,0.00,0,0
10364304,113675410,0000-00-00,,,0,0.00,0.00,0.00,0,0
10340525,113676134,0000-00-00,,,0,0.00,0.00,0.00,0,0
10305026,113676845,0000-00-00,,,0,0.00,0.00,0.00,0,0
10308515,113677180,0000-00-00,,,0,0.00,0.00,0.00,0,0
10315964,113677180,2023-06-08,,22,0,0.00,1963.53,0.00,0,0
10363916,113677882,0000-00-00,,,0,0.00,0.00,0.00,0,0
10309013,113678720,2023-05-11,,12,0,0.00,740.98,0.00,0,0
10296829,113679515,2023-04-07,40,12,0,0.00,1325.95,0.00,0,0
10340843,113680061,0000-00-00,,,0,0.00,0.00,0.00,0,0
10364324,113680754,0000-00-00,,,0,0.00,0.00,0.00,0,0
10369173,113681501,0000-00-00,,,0,0.00,0.00,0.00,0,0
10427310,113682605,0000-00-00,,,0,0.00,0.00,0.00,0,0
10364307,113682874,0000-00-00,,,0,0.00,0.00,0.00,0,0
10300204,113682890,2023-04-19,50,12,0,0.00,2876.77,0.00,0,0
10315421,113684557,2023-04-26,,,0,0.00,0.00,0.00,0,0
10400903,113684674,0000-00-00,,,0,0.00,0.00,0.00,0,0
10339885,113684753,2023-05-02,,,0,0.00,0.00,0.00,0,0
10340846,113686486,0000-00-00,,,0,0.00,0.00,0.00,0,0
10303772,113686760,2023-04-27,10,12,0,0.00,2535.37,0.00,0,0
10302668,113686784,0000-00-00,,,0,0.00,0.00,0.00,0,0
10363671,113686982,0000-00-00,,,0,0.00,0.00,0.00,0,0
10366181,113687704,0000-00-00,,,0,0.00,0.00,0.00,0,0
10430056,113687755,0000-00-00,,,0,0.00,0.00,0.00,0,0
10369025,113688163,2023-11-23,51,23,0,0.00,0.00,0.00,0,0
10306196,113688265,0000-00-00,,,0,0.00,0.00,0.00,0,0
10306342,113689127,2023-05-05,50,12,0,0.00,995.72,0.00,0,0
10400918,113689175,0000-00-00,,,0,0.00,0.00,0.00,0,0
10441860,113689688,2023-07-27,,,0,0.00,0.00,0.00,0,0
10309592,113690239,2023-05-16,40,12,0,0.00,647.82,0.00,0,0
10327939,113690890,2023-05-12,,,0,0.00,0.00,0.00,0,0
10311079,113691374,2023-05-23,10,22,0,0.00,10841.49,0.00,0,0
10423716,113691794,0000-00-00,,,0,0.00,0.00,0.00,0,0
10309067,113692405,2023-05-15,40,12,0,0.00,1598.18,0.00,0,0
10400921,113692472,0000-00-00,,,0,0.00,0.00,0.00,0,0
10309055,113692883,2023-05-15,,22,0,0.00,5125.51,0.00,0,0
10308899,113694632,0000-00-00,,,0,0.00,0.00,0.00,0,0
10312859,113695718,2023-05-30,,22,0,0.00,15557.66,0.00,0,0
10398570,113696489,0000-00-00,,,0,0.00,0.00,0.00,0,0
10366166,113697422,0000-00-00,,,0,0.00,0.00,0.00,0,0
10313732,113698475,2023-06-01,50,12,0,0.00,905.00,0.00,0,0
10313245,113698514,2023-05-31,,12,0,0.00,845.83,0.00,0,0
10338233,113698622,2023-06-16,,,0,0.00,0.00,0.00,0,0
10314649,113699414,2023-06-05,10,12,0,0.00,2131.81,0.00,0,0
10314533,113699852,2023-06-05,,,0,0.00,0.00,0.00,0,0
10320005,113700302,2023-06-07,,,0,0.00,0.00,0.00,0,0
10315585,113701514,2023-06-08,,22,0,0.00,2804.94,0.00,0,0
10331881,113702234,0000-00-00,,,0,0.00,0.00,0.00,0,0
10400810,113702561,0000-00-00,,,0,0.00,0.00,0.00,0,0
10400916,113702815,0000-00-00,,,0,0.00,0.00,0.00,0,0
10364316,113702818,0000-00-00,,,0,0.00,0.00,0.00,0,0
10400639,113704868,0000-00-00,,,0,0.00,0.00,0.00,0,0
10400774,113705069,0000-00-00,,,0,0.00,0.00,0.00,0,0
10328344,113705141,2023-07-05,13,12,0,0.00,323.36,0.00,0,0
10348079,113706211,0000-00-00,,,0,0.00,0.00,0.00,0,0
10361553,113707403,0000-00-00,,,0,0.00,0.00,0.00,0,0
10361559,113708491,0000-00-00,,,0,0.00,0.00,0.00,0,0
10319986,113708836,2023-06-21,40,12,0,0.00,1671.87,0.00,0,0
10331534,113712868,2023-06-27,,42,0,0.00,2962.39,0.00,0,0
10362281,113712929,2023-07-17,,,0,0.00,0.00,0.00,0,0
10423195,113713052,0000-00-00,,,0,0.00,0.00,0.00,0,0
10332524,113713082,2023-06-28,50,,30,0.00,4868.00,0.00,0,0
10368900,113713178,0000-00-00,,,0,0.00,0.00,0.00,0,0
10373289,113714434,0000-00-00,,,0,0.00,0.00,0.00,0,0
10334260,113714446,0000-00-00,,,0,0.00,0.00,0.00,0,0
10328369,113714489,2023-07-05,20,12,0,0.00,1885.97,0.00,0,0
10340849,113714998,0000-00-00,,,0,0.00,0.00,0.00,0,0
10328341,113715004,2023-07-05,13,12,0,0.00,778.87,0.00,0,0
10398414,113715347,0000-00-00,,,0,0.00,0.00,0.00,0,0
10429698,113739152,0000-00-00,,,0,0.00,0.00,0.00,0,0
10419376,113739608,0000-00-00,,,0,0.00,0.00,0.00,0,0
10332922,113741623,0000-00-00,,,0,0.00,0.00,0.00,0,0
10555272,113742014,0000-00-00,,,0,0.00,0.00,0.00,0,0
10340852,113742125,0000-00-00,,,0,0.00,0.00,0.00,0,0
10368953,113742265,0000-00-00,,,0,0.00,0.00,0.00,0,0
10361690,113742401,0000-00-00,,,0,0.00,0.00,0.00,0,0
10402029,113743238,0000-00-00,,,0,0.00,0.00,0.00,0,0
10402242,113744288,0000-00-00,,,0,0.00,0.00,0.00,0,0
10402244,113744929,0000-00-00,,,0,0.00,0.00,0.00,0,0
10406501,113745191,0000-00-00,,,0,0.00,0.00,0.00,0,0
10340390,113745199,2023-08-23,,,0,0.00,0.00,0.00,0,0
10555274,113745616,0000-00-00,,,0,0.00,0.00,0.00,0,0
10345421,113745904,0000-00-00,,,0,0.00,0.00,0.00,0,0
10394937,113745904,2023-08-22,,,0,0.00,0.00,0.00,0,0
10352216,113746844,0000-00-00,,,0,0.00,0.00,0.00,0,0
10365026,113747447,0000-00-00,,,0,0.00,0.00,0.00,0,0
10336355,113747809,0000-00-00,,,0,0.00,0.00,0.00,0,0
10557564,113747855,0000-00-00,,,0,0.00,0.00,0.00,0,0
10336364,113747900,0000-00-00,,,0,0.00,0.00,0.00,0,0
10483182,113747905,0000-00-00,,,0,0.00,0.00,0.00,0,0
10339657,113748665,2023-08-22,,42,0,0.00,3490.52,0.00,0,0
10365815,113749982,0000-00-00,,,0,0.00,0.00,0.00,0,0
10404762,113750522,0000-00-00,,,0,0.00,0.00,0.00,0,0
10406753,113750551,0000-00-00,,,0,0.00,0.00,0.00,0,0
10421055,113750551,2023-08-17,,,0,0.00,0.00,0.00,0,0
10483155,113751766,0000-00-00,,,0,0.00,0.00,0.00,0,0
10365270,113752529,0000-00-00,,,0,0.00,0.00,0.00,0,0
10341479,113752730,2023-08-25,,22,0,0.00,0.00,0.00,0,0
10341796,113752730,2023-08-28,,22,0,0.00,3899.77,0.00,0,0
10361684,113754152,0000-00-00,,,0,0.00,0.00,0.00,0,0
10406796,113754566,0000-00-00,,,0,0.00,0.00,0.00,0,0
10406955,113756401,0000-00-00,,,0,0.00,0.00,0.00,0,0
10523675,113756408,0000-00-00,,,0,0.00,0.00,0.00,0,0
10406010,113756536,0000-00-00,,,0,0.00,0.00,0.00,0,0
10365267,113757410,0000-00-00,,,0,0.00,0.00,0.00,0,0
10348070,113757697,2023-09-19,,22,0,0.00,29627.34,0.00,0,0
10406756,113758664,0000-00-00,,,0,0.00,0.00,0.00,0,0
10483206,113758736,0000-00-00,,,0,0.00,0.00,0.00,0,0
10362360,113758999,0000-00-00,,,0,0.00,0.00,0.00,0,0
10406762,113759027,0000-00-00,,,0,0.00,0.00,0.00,0,0
10406315,113759443,0000-00-00,,,0,0.00,0.00,0.00,0,0
10420161,113759638,0000-00-00,,,0,0.00,0.00,0.00,0,0
10406859,113760974,0000-00-00,,,0,0.00,0.00,0.00,0,0
10406840,113761288,0000-00-00,,,0,0.00,0.00,0.00,0,0
10496587,113762285,0000-00-00,,,0,0.00,0.00,0.00,0,0
10365273,113762636,0000-00-00,,,0,0.00,0.00,0.00,0,0
10406843,113762905,0000-00-00,,,0,0.00,0.00,0.00,0,0
10406786,113764186,0000-00-00,,,0,0.00,0.00,0.00,0,0
10347841,113764807,0000-00-00,,,0,0.00,0.00,0.00,0,0
10360587,113765306,2023-10-03,,,0,0.00,0.00,0.00,0,0
10361693,113766961,0000-00-00,,,0,0.00,0.00,0.00,0,0
10362557,113767652,0000-00-00,,,0,0.00,0.00,0.00,0,0
10350658,113769154,0000-00-00,,,0,0.00,0.00,0.00,0,0
10406313,113769917,0000-00-00,,,0,0.00,0.00,0.00,0,0
10359462,113770871,2023-10-31,52,,0,0.00,2412.45,0.00,0,0
10352557,113771023,2023-10-05,,22,0,0.00,0.00,0.00,0,0
10358153,113771023,2023-10-26,,22,0,0.00,0.00,0.00,0,0
10358955,113771023,2023-10-30,,22,0,0.00,2319.12,0.00,0,0
10400798,113772610,0000-00-00,,,0,0.00,0.00,0.00,0,0
10420441,113772812,0000-00-00,,,0,0.00,0.00,0.00,0,0
10354287,113774208,0000-00-00,,,0,0.00,0.00,0.00,0,0
10356536,113774523,2023-10-20,,22,0,0.00,2850.17,0.00,0,0
10393133,113774523,2024-02-14,,22,0,0.00,4368.31,0.00,0,0
10535395,113774763,2023-10-31,,,0,0.00,0.00,0.00,0,0
10356909,113776143,2023-10-20,,26,0,0.00,1018.21,0.00,0,0
10410905,113777373,0000-00-00,,,0,0.00,0.00,0.00,0,0
10356656,113777588,2023-10-20,40,22,0,0.00,2254.35,0.00,0,0
10358289,113777619,2023-10-25,,12,0,0.00,5795.27,0.00,0,0
10365584,113778171,0000-00-00,,,0,0.00,0.00,0.00,0,0
10358618,113778702,2023-10-27,,22,0,0.00,4751.00,0.00,0,0
10397646,113778867,0000-00-00,,,0,0.00,0.00,0.00,0,0
10358958,113779269,2023-10-30,,,0,0.00,0.00,0.00,0,0
10429744,113779392,0000-00-00,,,0,0.00,0.00,0.00,0,0
10358028,113779403,0000-00-00,,,0,0.00,0.00,0.00,0,0
10402062,113779434,0000-00-00,,,0,0.00,0.00,0.00,0,0
10410923,113780721,0000-00-00,,,0,0.00,0.00,0.00,0,0
10411448,113781410,0000-00-00,,,0,0.00,0.00,0.00,0,0
10411434,113781705,0000-00-00,,,0,0.00,0.00,0.00,0,0
10483992,113781722,0000-00-00,,,0,0.00,0.00,0.00,0,0
10483413,113782277,0000-00-00,,,0,0.00,0.00,0.00,0,0
10517193,113784081,0000-00-00,,,0,0.00,0.00,0.00,0,0
10364538,113784147,2023-11-14,,,0,0.00,0.00,0.00,0,0
10411451,113786535,0000-00-00,,,0,0.00,0.00,0.00,0,0
10411214,113789067,0000-00-00,,,0,0.00,0.00,0.00,0,0
10483513,113789988,0000-00-00,,,0,0.00,0.00,0.00,0,0
10406853,113791400,0000-00-00,,,0,0.00,0.00,0.00,0,0
10372572,113793255,2023-12-05,10,22,0,0.00,3064.40,0.00,0,0
10429708,113793612,0000-00-00,,,0,0.00,0.00,0.00,0,0
10369766,113793957,2023-11-27,,12,0,0.00,0.00,0.00,0,0
10375802,113793957,2023-12-18,40,12,0,0.00,1117.76,0.00,0,0
10411139,113794227,0000-00-00,,,0,0.00,0.00,0.00,0,0
10419292,113794227,2023-11-30,,,0,0.00,0.00,0.00,0,0
10374704,113794524,0000-00-00,,,0,0.00,0.00,0.00,0,0
10400897,113795370,0000-00-00,,,0,0.00,0.00,0.00,0,0
10371099,113795736,0000-00-00,,,0,0.00,0.00,0.00,0,0
10555478,113796002,0000-00-00,,,0,0.00,0.00,0.00,0,0
10430341,113797227,0000-00-00,,,0,0.00,0.00,0.00,0,0
10372691,113797472,2023-12-05,10,12,0,0.00,1387.12,0.00,0,0
10411208,113797533,0000-00-00,,,0,0.00,0.00,0.00,0,0
10411269,113797613,0000-00-00,,,0,0.00,0.00,0.00,0,0
10411272,113797797,0000-00-00,,,0,0.00,0.00,0.00,0,0
10524502,113798600,0000-00-00,,,0,0.00,0.00,0.00,0,0
10374882,113799260,2023-12-13,10,12,0,0.00,1399.77,0.00,0,0
10429887,113800929,0000-00-00,,,0,0.00,0.00,0.00,0,0
10433092,113801702,2024-05-27,31,22,0,0.00,0.00,0.00,0,0
10381251,113802495,0000-00-00,,,0,0.00,0.00,0.00,0,0
10411205,113803037,0000-00-00,,,0,0.00,0.00,0.00,0,0
10404708,113804256,2024-01-23,,,0,0.00,0.00,0.00,0,0
10430311,113804657,0000-00-00,,,0,0.00,0.00,0.00,0,0
10378643,113804777,2023-12-28,,,0,0.00,0.00,0.00,0,0
10378773,113804777,2023-12-29,,,0,0.00,0.00,0.00,0,0
10429711,113804937,0000-00-00,,,0,0.00,0.00,0.00,0,0
10555280,113806077,0000-00-00,,,0,0.00,0.00,0.00,0,0
10411266,113806353,0000-00-00,,,0,0.00,0.00,0.00,0,0
10382610,113806557,0000-00-00,,,0,0.00,0.00,0.00,0,0
10464903,113806557,2024-01-04,,,0,0.00,0.00,0.00,0,0
10483636,113806833,0000-00-00,,,0,0.00,0.00,0.00,0,0
10407092,113807169,0000-00-00,,,0,0.00,0.00,0.00,0,0
10381563,113807552,0000-00-00,,,0,0.00,0.00,0.00,0,0
10414356,113807928,0000-00-00,,,0,0.00,0.00,0.00,0,0
10410855,113807990,0000-00-00,,,0,0.00,0.00,0.00,0,0
10483638,113808771,0000-00-00,,,0,0.00,0.00,0.00,0,0
10414902,113808921,0000-00-00,,,0,0.00,0.00,0.00,0,0
10483641,113809512,0000-00-00,,,0,0.00,0.00,0.00,0,0
10411218,113809514,0000-00-00,,,0,0.00,0.00,0.00,0,0
10483524,113811275,0000-00-00,,,0,0.00,0.00,0.00,0,0
10557445,113811626,0000-00-00,,,0,0.00,0.00,0.00,0,0
10414361,113812781,0000-00-00,,,0,0.00,0.00,0.00,0,0
10483455,113812875,0000-00-00,,,0,0.00,0.00,0.00,0,0
10398140,113813687,2024-02-20,,,0,0.00,0.00,0.00,0,0
10486462,113815074,0000-00-00,,,0,0.00,0.00,0.00,0,0
10483749,113815407,0000-00-00,,,0,0.00,0.00,0.00,0,0
10483786,113816084,0000-00-00,,,0,0.00,0.00,0.00,0,0
10483783,113817029,0000-00-00,,,0,0.00,0.00,0.00,0,0
10483800,113817749,0000-00-00,,,0,0.00,0.00,0.00,0,0
10388193,113817927,0000-00-00,,,0,0.00,0.00,0.00,0,0
10419822,113818155,2024-02-05,,,0,0.00,0.00,0.00,0,0
10483647,113819079,0000-00-00,,,0,0.00,0.00,0.00,0,0
10389906,113819418,2024-02-06,,27,0,0.00,139.07,0.00,0,0
10394907,113820950,0000-00-00,,,0,0.00,0.00,0.00,0,0
10425831,113820996,0000-00-00,,,0,0.00,0.00,0.00,0,0
10483971,113822331,0000-00-00,,,0,0.00,0.00,0.00,0,0
10483623,113823360,0000-00-00,,,0,0.00,0.00,0.00,0,0
10483917,113823360,2024-02-19,,,0,0.00,0.00,0.00,0,0
10483672,113824196,0000-00-00,,,0,0.00,0.00,0.00,0,0
10394820,113824596,2024-02-20,,27,0,0.00,858.99,0.00,0,0
10487385,113825649,0000-00-00,,,0,0.00,0.00,0.00,0,0
10484163,113826150,0000-00-00,,,0,0.00,0.00,0.00,0,0
10398182,113826228,2024-02-29,10,12,0,0.00,2139.86,0.00,0,0
10421049,113826953,2024-03-04,,,0,0.00,0.00,0.00,0,0
10397919,113827593,2024-02-28,,,0,0.00,0.00,0.00,0,0
10398143,113827599,2024-02-29,,12,0,0.00,128.05,0.00,0,0
10524551,113828817,0000-00-00,,,0,0.00,0.00,0.00,0,0
10483821,113828970,0000-00-00,,,0,0.00,0.00,0.00,0,0
10458361,113829173,0000-00-00,,,0,0.00,0.00,0.00,0,0
10524559,113829327,0000-00-00,,,0,0.00,0.00,0.00,0,0
10406520,113830026,0000-00-00,,,0,0.00,0.00,0.00,0,0
10400000,113830176,2024-03-07,40,22,0,0.00,2717.56,0.00,0,0
10410938,113830608,2024-03-21,50,12,0,0.00,529.50,0.00,0,0
10484544,113830998,0000-00-00,,,0,0.00,0.00,0.00,0,0
10413309,113831393,0000-00-00,,,0,0.00,0.00,0.00,0,0
10483861,113831733,0000-00-00,,,0,0.00,0.00,0.00,0,0
10401612,113832234,2024-03-11,,22,0,0.00,0.00,0.00,0,0
10407999,113832234,2024-03-18,,22,0,0.00,0.00,0.00,0,0
10526633,113832351,0000-00-00,,,0,0.00,0.00,0.00,0,0
10483869,113832638,0000-00-00,,,0,0.00,0.00,0.00,0,0
10483882,113832642,0000-00-00,,,0,0.00,0.00,0.00,0,0
10406741,113867372,2024-03-15,,12,0,0.00,0.00,0.00,0,0
10425183,113867496,0000-00-00,,,0,0.00,0.00,0.00,0,0
10458835,113867496,2024-03-20,,,0,0.00,0.00,0.00,0,0
10408200,113868158,2024-03-19,,,0,0.00,0.00,0.00,0,0
10572235,113885289,0000-00-00,,,0,0.00,0.00,0.00,0,0
10524623,113886095,0000-00-00,,,0,0.00,0.00,0.00,0,0
10440864,113886477,2024-04-12,,,0,0.00,0.00,0.00,0,0
10529555,113904200,2024-04-09,,,0,0.00,0.00,0.00,0,0
10483996,113904360,0000-00-00,,,0,0.00,0.00,0.00,0,0
10524652,113905071,0000-00-00,,,0,0.00,0.00,0.00,0,0
10484004,113922584,0000-00-00,,,0,0.00,0.00,0.00,0,0
10556122,113939940,0000-00-00,,,0,0.00,0.00,0.00,0,0
10483912,113940633,0000-00-00,,,0,0.00,0.00,0.00,0,0
10487539,113941140,0000-00-00,,,0,0.00,0.00,0.00,0,0
10434297,113941284,0000-00-00,,,0,0.00,0.00,0.00,0,0
10434294,113941363,0000-00-00,,,0,0.00,0.00,0.00,0,0
10484010,113941441,0000-00-00,,,0,0.00,0.00,0.00,0,0
10421022,113941527,0000-00-00,,,0,0.00,0.00,0.00,0,0
10524831,113941698,0000-00-00,,,0,0.00,0.00,0.00,0,0
10495305,113942781,0000-00-00,,,0,0.00,0.00,0.00,0,0
10423050,113943486,2024-04-16,,,0,0.00,0.00,0.00,0,0
10421688,113943633,0000-00-00,,,0,0.00,0.00,0.00,0,0
10483929,113943760,0000-00-00,,,0,0.00,0.00,0.00,0,0
10426542,113944192,0000-00-00,,,0,0.00,0.00,0.00,0,0
10556155,113945694,0000-00-00,,,0,0.00,0.00,0.00,0,0
10484928,113945712,0000-00-00,,,0,0.00,0.00,0.00,0,0
10484856,113945763,2024-10-21,40,12,0,0.00,0.00,0.00,0,0
10500497,113945763,2024-12-23,40,12,0,0.00,740.00,0.00,0,0
10555311,113946381,0000-00-00,,,0,0.00,0.00,0.00,0,0
10425051,113946423,2024-04-24,,,0,0.00,3381.14,0.00,0,0
10488575,113947824,0000-00-00,,,0,0.00,0.00,0.00,0,0
10524520,113947912,0000-00-00,,,0,0.00,0.00,0.00,0,0
10488569,113948569,0000-00-00,,,0,0.00,0.00,0.00,0,0
10484983,113949057,0000-00-00,,,0,0.00,0.00,0.00,0,0
10430368,113949066,2024-05-15,,,0,0.00,0.00,0.00,0,0
10464231,113949066,2024-08-19,50,12,0,0.00,1506.28,0.00,0,0
10526671,113950359,0000-00-00,,,0,0.00,0.00,0.00,0,0
10429014,113951235,0000-00-00,,,0,0.00,0.00,0.00,0,0
10428438,113951859,2024-05-06,40,12,0,0.00,652.60,0.00,0,0
10484925,113951889,0000-00-00,,,0,0.00,0.00,0.00,0,0
10428723,113952330,0000-00-00,,,0,0.00,0.00,0.00,0,0
10556149,113952682,0000-00-00,,,0,0.00,0.00,0.00,0,0
10429381,113953227,2024-05-13,,,0,0.00,0.00,0.00,0,0
10430793,113953236,0000-00-00,,,0,0.00,0.00,0.00,0,0
10447015,113953279,2024-05-23,,,0,0.00,0.00,0.00,0,0
10486020,113953549,0000-00-00,,,0,0.00,0.00,0.00,0,0
10544302,113954650,2024-05-29,,,0,0.00,0.00,0.00,0,0
10484929,113955261,0000-00-00,,,0,0.00,0.00,0.00,0,0
10431405,113955651,2024-05-17,,,0,0.00,0.00,0.00,0,0
10432695,113957272,2024-05-24,20,22,0,0.00,5374.02,0.00,0,0
10433703,113957940,0000-00-00,,,0,0.00,0.00,0.00,0,0
10485018,113958385,0000-00-00,,,0,0.00,0.00,0.00,0,0
10524848,113958621,0000-00-00,,,0,0.00,0.00,0.00,0,0
10485171,113959110,2024-06-04,,,0,0.00,0.00,0.00,0,0
10485027,113959506,0000-00-00,,,0,0.00,0.00,0.00,0,0
10485016,113960323,0000-00-00,,,0,0.00,0.00,0.00,0,0
10511709,113962003,0000-00-00,,,0,0.00,0.00,0.00,0,0
10485034,113963197,0000-00-00,,,0,0.00,0.00,0.00,0,0
10553909,113964279,0000-00-00,,,0,0.00,0.00,0.00,0,0
10496635,113964903,0000-00-00,,,0,0.00,0.00,0.00,0,0
10486011,113965086,0000-00-00,,,0,0.00,0.00,0.00,0,0
10438158,113965152,0000-00-00,,,0,0.00,0.00,0.00,0,0
10485037,113965593,0000-00-00,,,0,0.00,0.00,0.00,0,0
10439356,113965935,2024-06-19,,22,0,0.00,0.00,0.00,0,0
10493097,113968536,0000-00-00,,,0,0.00,0.00,0.00,0,0
10481733,113968839,0000-00-00,,,0,0.00,0.00,0.00,0,0
10524725,113969449,0000-00-00,,,0,0.00,0.00,0.00,0,0
10485145,113970117,0000-00-00,,,0,0.00,0.00,0.00,0,0
10444857,113970792,2024-07-10,,22,0,0.00,1580.30,0.00,0,0
10444978,113970912,0000-00-00,,,0,0.00,0.00,0.00,0,0
10557444,113971896,0000-00-00,,,0,0.00,0.00,0.00,0,0
10443738,113972265,2024-07-04,13,12,0,0.00,1704.78,0.00,0,0
10462681,113973414,0000-00-00,,,0,0.00,0.00,0.00,0,0
10461225,113973679,0000-00-00,,,0,0.00,0.00,0.00,0,0
10485076,113974348,0000-00-00,,,0,0.00,0.00,0.00,0,0
10488764,113974360,0000-00-00,,,0,0.00,0.00,0.00,0,0
10493105,113975955,0000-00-00,,,0,0.00,0.00,0.00,0,0
10488572,113976381,0000-00-00,,,0,0.00,0.00,0.00,0,0
10457553,113976747,2024-07-17,,,0,0.00,0.00,0.00,0,0
10486518,113977044,0000-00-00,,,0,0.00,0.00,0.00,0,0
10457412,113977521,0000-00-00,,,0,0.00,0.00,0.00,0,0
10488636,113977783,0000-00-00,,,0,0.00,0.00,0.00,0,0
10458255,113977920,2024-07-19,,22,0,0.00,511.00,0.00,0,0
10483617,113977926,0000-00-00,,,0,0.00,0.00,0.00,0,0
10466331,113978032,2024-08-24,,22,0,0.00,2752.17,0.00,0,0
10458910,113979430,0000-00-00,,,0,0.00,0.00,0.00,0,0
10485705,113979552,0000-00-00,,,0,0.00,0.00,0.00,0,0
10459822,113980363,0000-00-00,,,0,0.00,0.00,0.00,0,0
10461885,113980443,0000-00-00,,,0,0.00,0.00,0.00,0,0
10485702,113980521,0000-00-00,,,0,0.00,0.00,0.00,0,0
10526605,113980761,0000-00-00,,,0,0.00,0.00,0.00,0,0
10486521,113980902,0000-00-00,,,0,0.00,0.00,0.00,0,0
10485174,113981119,0000-00-00,,,0,0.00,0.00,0.00,0,0
10460856,113981386,2024-07-31,50,12,0,0.00,3591.46,0.00,0,0
10485093,113981400,0000-00-00,,,0,0.00,0.00,0.00,0,0
10485699,113982084,0000-00-00,,,0,0.00,0.00,0.00,0,0
10556378,113982366,0000-00-00,,,0,0.00,0.00,0.00,0,0
10524747,113983309,0000-00-00,,,0,0.00,0.00,0.00,0,0
10485696,113983396,0000-00-00,,,0,0.00,0.00,0.00,0,0
10462269,113983536,0000-00-00,,,0,0.00,0.00,0.00,0,0
10463098,113984403,2024-08-09,52,12,0,0.00,0.00,0.00,0,0
10487379,113984748,0000-00-00,,,0,0.00,0.00,0.00,0,0
10496639,113984911,0000-00-00,,,0,0.00,0.00,0.00,0,0
10527333,113985231,0000-00-00,,,0,0.00,0.00,0.00,0,0
10485678,113985960,0000-00-00,,,0,0.00,0.00,0.00,0,0
10464387,113986086,2024-08-19,51,12,0,0.00,1687.48,0.00,0,0
10464076,113986096,0000-00-00,,,0,0.00,0.00,0.00,0,0
10488633,113986420,0000-00-00,,,0,0.00,0.00,0.00,0,0
10536778,113986812,2024-09-09,,,0,0.00,0.00,0.00,0,0
10465012,113987532,0000-00-00,,,0,0.00,0.00,0.00,0,0
10485709,113987587,0000-00-00,,,0,0.00,0.00,0.00,0,0
10478922,113988135,0000-00-00,,,0,0.00,0.00,0.00,0,0
10555700,113988297,0000-00-00,,,0,0.00,0.00,0.00,0,0
10495911,113988405,0000-00-00,,,0,0.00,0.00,0.00,0,0
10466314,113989215,2024-08-26,,12,0,0.00,4537.19,0.00,0,0
10481974,113989701,2024-10-11,40,12,0,0.00,1383.06,0.00,0,0
10485030,113989854,0000-00-00,,,0,0.00,0.00,0.00,0,0
10521049,113989905,2024-09-03,,,0,0.00,0.00,0.00,0,0
10469569,113990961,2024-09-09,31,22,0,0.00,4614.58,0.00,0,0
10472382,113991379,2024-09-18,40,12,0,0.00,763.80,0.00,0,0
10522225,113991474,2024-09-05,,,0,0.00,0.00,0.00,0,0
10488761,113991793,0000-00-00,,,0,0.00,0.00,0.00,0,0
10470687,114107943,0000-00-00,,,0,0.00,0.00,0.00,0,0
10470945,114108816,2024-09-13,20,12,0,0.00,3135.73,0.00,0,0
10496908,114108966,0000-00-00,,,0,0.00,0.00,0.00,0,0
10582005,114224182,0000-00-00,,,0,0.00,0.00,0.00,0,0
10488624,114224223,0000-00-00,,,0,0.00,0.00,0.00,0,0
10486014,114301447,0000-00-00,,,0,0.00,0.00,0.00,0,0
10496527,114301447,2024-12-05,,26,0,0.00,1928.11,0.00,0,0
10524932,114317127,0000-00-00,,,0,0.00,0.00,0.00,0,0
10476151,114333027,2024-09-25,,22,0,0.00,1420.01,0.00,0,0
10576062,114333528,0000-00-00,,,0,0.00,0.00,0.00,0,0
10478454,114348789,2024-09-30,,,0,0.00,0.00,0.00,0,0
10527133,114349261,0000-00-00,,,0,0.00,0.00,0.00,0,0
10483171,114349474,0000-00-00,,,0,0.00,0.00,0.00,0,0
10519904,114349977,0000-00-00,,,0,0.00,0.00,0.00,0,0
10479292,114350058,2024-10-03,,22,0,0.00,1515.35,0.00,0,0
10556189,114352908,0000-00-00,,,0,0.00,0.00,0.00,0,0
10480372,114352933,0000-00-00,,,0,0.00,0.00,0.00,0,0
10524934,114353368,0000-00-00,,,0,0.00,0.00,0.00,0,0
10482063,114353449,2024-10-10,31,12,0,0.00,864.05,0.00,0,0
10557426,114353898,0000-00-00,,,0,0.00,0.00,0.00,0,0
10481391,114354111,0000-00-00,,,0,0.00,0.00,0.00,0,0
10520058,114354397,0000-00-00,,,0,0.00,0.00,0.00,0,0
10482066,114355140,2024-10-11,,27,0,0.00,2535.04,0.00,0,0
10482510,114355153,2024-10-14,,,0,0.00,0.00,0.00,0,0
10482720,114355549,2024-10-15,40,12,0,0.00,1032.69,0.00,0,0
10482460,114355801,0000-00-00,,,0,0.00,0.00,0.00,0,0
10489713,114356140,2024-11-12,40,12,0,0.00,472.03,0.00,0,0
10557918,114356206,0000-00-00,,,0,0.00,0.00,0.00,0,0
10555487,114356443,0000-00-00,,,0,0.00,0.00,0.00,0,0
10525532,114356466,0000-00-00,,,0,0.00,0.00,0.00,0,0
10525551,114358087,0000-00-00,,,0,0.00,0.00,0.00,0,0
10525541,114358180,0000-00-00,,,0,0.00,0.00,0.00,0,0
10527393,114358180,2024-10-25,,,0,0.00,0.00,0.00,0,0
10519902,114358383,0000-00-00,,,0,0.00,0.00,0.00,0,0
10485270,114359286,0000-00-00,,,0,0.00,0.00,0.00,0,0
10559893,114359286,2025-11-21,,,0,0.00,4071.27,0.00,0,0
10486137,114360315,2024-10-28,,22,0,0.00,1901.65,0.00,0,0
10524225,114360531,0000-00-00,,,0,0.00,0.00,0.00,0,0
10489391,114361725,2024-11-08,,91,0,0.00,6733.47,0.00,0,0
10550039,114362613,0000-00-00,,,0,0.00,0.00,0.00,0,0
10487836,114362638,0000-00-00,,,0,0.00,0.00,0.00,0,0
10491965,114362661,2024-11-19,30,12,0,0.00,2855.08,0.00,0,0
10488012,114362888,0000-00-00,,,0,0.00,0.00,0.00,0,0
10551969,114362892,0000-00-00,,,0,0.00,0.00,0.00,0,0
10556217,114362920,0000-00-00,,,0,0.00,0.00,0.00,0,0
10556231,114362998,0000-00-00,,,0,0.00,0.00,0.00,0,0
10488370,114363280,0000-00-00,,,0,0.00,0.00,0.00,0,0
10488699,114363768,2024-11-06,,27,0,0.00,1808.86,0.00,0,0
10494015,114363867,2024-11-26,52,22,0,0.00,803.87,0.00,0,0
10524945,114364037,0000-00-00,,,0,0.00,0.00,0.00,0,0
10578145,114364185,0000-00-00,,,0,0.00,0.00,0.00,0,0
10557609,114365367,0000-00-00,,,0,0.00,0.00,0.00,0,0
10552232,114365391,0000-00-00,,,0,0.00,0.00,0.00,0,0
10578311,114365616,0000-00-00,,,0,0.00,0.00,0.00,0,0
10557425,114365732,0000-00-00,,,0,0.00,0.00,0.00,0,0
10525764,114366401,0000-00-00,,,0,0.00,0.00,0.00,0,0
10581963,114367979,0000-00-00,,,0,0.00,0.00,0.00,0,0
10493627,114368247,0000-00-00,,,0,0.00,0.00,0.00,0,0
10508740,114368280,2025-01-29,,22,0,0.00,2436.00,0.00,0,0
10493838,114368598,2024-11-25,50,12,0,0.00,2850.23,0.00,0,0
10494693,114369840,0000-00-00,,,0,0.00,0.00,0.00,0,0
10493483,114369923,0000-00-00,,,0,0.00,0.00,0.00,0,0
10524481,114370581,0000-00-00,,,0,0.00,0.00,0.00,0,0
10494372,114370665,2024-11-27,,,0,0.00,7556.36,0.00,0,0
10525770,114371019,0000-00-00,,,0,0.00,0.00,0.00,0,0
10525785,114371824,0000-00-00,,,0,0.00,0.00,0.00,0,0
10555447,114371937,0000-00-00,,,0,0.00,0.00,0.00,0,0
10576005,114371939,0000-00-00,,,0,0.00,0.00,0.00,0,0
10495716,114372126,2024-12-03,,27,0,0.00,1242.90,0.00,0,0
10496357,114372875,2024-12-05,,28,0,0.00,2912.15,0.00,0,0
10526595,114372899,0000-00-00,,,0,0.00,0.00,0.00,0,0
10556327,114373500,0000-00-00,,,0,0.00,0.00,0.00,0,0
10527147,114373696,0000-00-00,,,0,0.00,0.00,0.00,0,0
10555521,114374224,0000-00-00,,,0,0.00,0.00,0.00,0,0
10555525,114374705,0000-00-00,,,0,0.00,0.00,0.00,0,0
10571575,114375239,0000-00-00,,,0,0.00,0.00,0.00,0,0
10550347,114376178,0000-00-00,,,0,0.00,0.00,0.00,0,0
10552161,114376456,0000-00-00,,,0,0.00,0.00,0.00,0,0
10555531,114377284,0000-00-00,,,0,0.00,0.00,0.00,0,0
10498949,114377602,2024-12-17,,,0,0.00,0.00,0.00,0,0
10560697,114377918,0000-00-00,,,0,0.00,0.00,0.00,0,0
10521543,114378737,0000-00-00,,,0,0.00,0.00,0.00,0,0
10582003,114379165,0000-00-00,,,0,0.00,0.00,0.00,0,0
10525837,114379264,0000-00-00,,,0,0.00,0.00,0.00,0,0
10500241,114379336,2024-12-23,,12,0,0.00,4608.50,0.00,0,0
10555523,114379474,0000-00-00,,,0,0.00,0.00,0.00,0,0
10501354,114379624,2024-12-30,50,12,0,0.00,2117.12,0.00,0,0
10500848,114379708,2024-12-26,,22,0,0.00,1157.24,0.00,0,0
10525834,114380125,0000-00-00,,,0,0.00,0.00,0.00,0,0
10527218,114380716,0000-00-00,,,0,0.00,0.00,0.00,0,0
10505612,114382144,2025-01-17,52,12,0,0.00,1772.89,0.00,0,0
10502807,114382898,0000-00-00,,,0,0.00,0.00,0.00,0,0
10512762,114383371,0000-00-00,,,0,0.00,0.00,0.00,0,0
10555540,114383615,0000-00-00,,,0,0.00,0.00,0.00,0,0
10523671,114384853,0000-00-00,,,0,0.00,0.00,0.00,0,0
10504495,114385003,0000-00-00,,,0,0.00,0.00,0.00,0,0
10524650,114385340,0000-00-00,,,0,0.00,0.00,0.00,0,0
10557478,114385588,0000-00-00,,,0,0.00,0.00,0.00,0,0
10505615,114386495,2025-01-17,,,0,0.00,0.00,0.00,0,0
10543028,114386849,2025-02-07,,,0,0.00,0.00,0.00,0,0
10527212,114386866,0000-00-00,,,0,0.00,0.00,0.00,0,0
10505891,114387158,0000-00-00,,,0,0.00,0.00,0.00,0,0
10555450,114387203,0000-00-00,,,0,0.00,0.00,0.00,0,0
10505959,114387256,0000-00-00,,,0,0.00,0.00,0.00,0,0
10506211,114387529,0000-00-00,,,0,0.00,0.00,0.00,0,0
10527216,114388039,0000-00-00,,,0,0.00,0.00,0.00,0,0
10578317,114388366,0000-00-00,,,0,0.00,0.00,0.00,0,0
10506953,114388385,2022-12-22,,12,0,0.00,3786.73,0.00,0,0
10553274,114389257,0000-00-00,,,0,0.00,0.00,0.00,0,0
10555543,114390472,0000-00-00,,,0,0.00,0.00,0.00,0,0
10509193,114390613,2025-01-30,13,12,0,0.00,750.00,0.00,0,0
10557967,114390682,0000-00-00,,,0,0.00,0.00,0.00,0,0
10517196,114391135,0000-00-00,,,0,0.00,0.00,0.00,0,0
10510355,114392132,2025-02-05,40,12,0,0.00,308.62,0.00,0,0
10525909,114392756,0000-00-00,,,0,0.00,0.00,0.00,0,0
10517199,114393479,0000-00-00,,,0,0.00,0.00,0.00,0,0
10578355,114393764,0000-00-00,,,0,0.00,0.00,0.00,0,0
10525917,114393870,0000-00-00,,,0,0.00,0.00,0.00,0,0
10512860,114394026,2025-02-14,,27,0,0.00,617.47,0.00,0,0
10556497,114394322,0000-00-00,,,0,0.00,0.00,0.00,0,0
10512657,114394767,0000-00-00,,,0,0.00,0.00,0.00,0,0
10512770,114394914,0000-00-00,,,0,0.00,0.00,0.00,0,0
10515710,114398687,2025-02-19,10,12,0,0.00,3575.34,0.00,0,0
10517699,114399071,0000-00-00,,,0,0.00,0.00,0.00,0,0
10557978,114400019,0000-00-00,,,0,0.00,0.00,0.00,0,0
10527090,114400202,0000-00-00,,,0,0.00,0.00,0.00,0,0
10518794,114400805,2025-02-27,,22,0,0.00,5149.94,0.00,0,0
10519604,114401102,2025-03-03,,,0,0.00,0.00,0.00,0,0
10557979,114401123,0000-00-00,,,0,0.00,0.00,0.00,0,0
10555558,114401800,0000-00-00,,,0,0.00,0.00,0.00,0,0
10555560,114401965,0000-00-00,,,0,0.00,0.00,0.00,0,0
10519804,114401969,2025-03-04,,,0,0.00,0.00,0.00,0,0
10520463,114402073,2025-03-10,40,12,0,0.00,423.00,0.00,0,0
10519908,114402237,2025-03-05,40,22,0,0.00,11612.00,0.00,0,0
10520061,114402393,2025-03-06,,12,0,0.00,0.00,0.00,0,0
10557982,114403139,0000-00-00,,,0,0.00,0.00,0.00,0,0
10555568,114403145,0000-00-00,,,0,0.00,0.00,0.00,0,0
10552174,114403397,0000-00-00,,,0,0.00,0.00,0.00,0,0
10540624,114403979,2025-03-14,,,0,0.00,0.00,0.00,0,0
10521119,114404043,2025-03-12,13,12,0,0.00,1672.41,0.00,0,0
10521465,114404508,2025-03-14,,12,0,0.00,0.00,0.00,0,0
10522009,114404508,2025-03-18,40,12,0,0.00,1024.89,0.00,0,0
10582039,114405415,0000-00-00,,,0,0.00,0.00,0.00,0,0
10524287,114405637,0000-00-00,,,0,0.00,0.00,0.00,0,0
10526027,114406350,2025-04-11,,22,0,0.00,10951.12,0.00,0,0
10578435,114406454,0000-00-00,,,0,0.00,0.00,0.00,0,0
10537717,114406798,0000-00-00,,,0,0.00,0.00,0.00,0,0
10551425,114406837,2025-09-26,,,0,0.00,6553.58,0.00,0,0
10555759,114406854,0000-00-00,,,0,0.00,0.00,0.00,0,0
10523330,114406996,0000-00-00,,,0,0.00,0.00,0.00,0,0
10523563,114407361,0000-00-00,,,0,0.00,0.00,0.00,0,0
10523663,114407471,0000-00-00,,,0,0.00,0.00,0.00,0,0
10525454,114407482,0000-00-00,,,0,0.00,0.00,0.00,0,0
10555571,114407506,0000-00-00,,,0,0.00,0.00,0.00,0,0
10557985,114407508,0000-00-00,,,0,0.00,0.00,0.00,0,0
10557422,114407546,0000-00-00,,,0,0.00,0.00,0.00,0,0
10523973,114407887,0000-00-00,,,0,0.00,0.00,0.00,0,0
10555448,114408268,0000-00-00,,,0,0.00,0.00,0.00,0,0
10532434,114408753,2025-05-22,13,,0,0.00,3266.60,0.00,0,0
10552182,114408761,0000-00-00,,,0,0.00,0.00,0.00,0,0
10525027,114409171,0000-00-00,,,0,0.00,0.00,0.00,0,0
10525096,114409228,2025-04-07,,12,0,0.00,1654.44,0.00,0,0
10525153,114409357,0000-00-00,,,0,0.00,0.00,0.00,0,0
10557421,114409384,0000-00-00,,,0,0.00,0.00,0.00,0,0
10556291,114409431,0000-00-00,,,0,0.00,0.00,0.00,0,0
10528093,114410145,2025-04-24,40,12,0,0.00,1182.57,0.00,0,0
10557458,114410192,0000-00-00,,,0,0.00,0.00,0.00,0,0
10527331,114410271,2025-04-18,,27,0,0.00,1189.67,0.00,0,0
10560706,114410484,0000-00-00,,,0,0.00,0.00,0.00,0,0
10582013,114410850,0000-00-00,,,0,0.00,0.00,0.00,0,0
10526865,114411437,2025-04-16,40,12,0,0.00,729.17,0.00,0,0
10557442,114411461,0000-00-00,,,0,0.00,0.00,0.00,0,0
10550349,114411728,0000-00-00,,,0,0.00,0.00,0.00,0,0
10560708,114411759,0000-00-00,,,0,0.00,0.00,0.00,0,0
10527165,114411769,0000-00-00,,,0,0.00,0.00,0.00,0,0
10545368,114411820,2025-04-23,,,0,0.00,0.00,0.00,0,0
10528091,114412819,0000-00-00,,,0,0.00,0.00,0.00,0,0
10529462,114413037,2025-05-06,,,0,0.00,2206.02,0.00,0,0
10528529,114413315,2025-04-28,,22,0,0.00,30810.17,0.00,0,0
10529213,114414069,2025-05-05,,,0,0.00,1232.16,0.00,0,0
10530981,114414127,2025-05-13,,,0,0.00,1583.97,0.00,0,0
10529749,114414129,2025-05-07,,,0,0.00,1294.22,0.00,0,0
10556325,114414222,0000-00-00,,,0,0.00,0.00,0.00,0,0
10552995,114414395,2025-06-12,10,,0,360.00,0.00,0.00,0,0
10529871,114414413,2025-05-08,50,,0,0.00,4625.27,0.00,0,0
10537851,114414419,0000-00-00,,,0,0.00,0.00,0.00,0,0
10578361,114414608,0000-00-00,,,0,0.00,0.00,0.00,0,0
10529547,114414855,0000-00-00,,,0,0.00,0.00,0.00,0,0
10529708,114414967,2025-05-07,50,,0,0.00,1303.81,0.00,0,0
10555803,114415013,0000-00-00,,,0,0.00,0.00,0.00,0,0
10555698,114415140,0000-00-00,,,0,0.00,0.00,0.00,0,0
10550351,114415231,0000-00-00,,,0,0.00,0.00,0.00,0,0
10530075,114415611,0000-00-00,,,0,0.00,0.00,0.00,0,0
10530425,114415879,0000-00-00,,,0,0.00,0.00,0.00,0,0
10530370,114416026,0000-00-00,,,0,0.00,0.00,0.00,0,0
10530807,114416033,2025-05-13,,,0,0.00,8108.52,0.00,0,0
10530411,114416087,0000-00-00,,,0,0.00,0.00,0.00,0,0
10547975,114416205,2025-06-02,,,0,0.00,0.00,0.00,0,0
10533692,114416329,2025-06-02,50,,0,0.00,497.50,0.00,0,0
10530767,114416421,0000-00-00,,,0,0.00,0.00,0.00,0,0
10533690,114416597,2025-06-02,40,,0,0.00,1861.12,0.00,0,0
10578313,114416613,0000-00-00,,,0,0.00,0.00,0.00,0,0
10532358,114416811,0000-00-00,,,0,0.00,0.00,0.00,0,0
10531887,114417450,2025-05-20,,,0,0.00,0.00,0.00,0,0
10560729,114417563,0000-00-00,,,0,0.00,0.00,0.00,0,0
10557384,114417612,0000-00-00,,,0,0.00,0.00,0.00,0,0
10556440,114417632,0000-00-00,,,0,0.00,0.00,0.00,0,0
10557339,114417701,0000-00-00,,,0,0.00,0.00,0.00,0,0
10555777,114418225,0000-00-00,,,0,0.00,0.00,0.00,0,0
10536419,114418346,2025-06-16,,,0,0.00,1313.48,0.00,0,0
10557970,114418636,0000-00-00,,,0,0.00,0.00,0.00,0,0
10582047,114418929,0000-00-00,,,0,0.00,0.00,0.00,0,0
10557293,114418933,0000-00-00,,,0,0.00,0.00,0.00,0,0
10556677,114419209,0000-00-00,,,0,0.00,0.00,0.00,0,0
10578052,114419448,0000-00-00,,,0,0.00,0.00,0.00,0,0
10534838,114419481,2025-06-03,40,,0,0.00,0.00,0.00,0,0
10536077,114419481,2025-06-13,40,,0,0.00,928.61,0.00,0,0
10578436,114419807,0000-00-00,,,0,0.00,0.00,0.00,0,0
10582099,114419837,0000-00-00,,,0,0.00,0.00,0.00,0,0
10538833,114419913,2025-07-02,50,,0,0.00,545.85,0.00,0,0
10557335,114419927,0000-00-00,,,0,0.00,0.00,0.00,0,0
10557420,114424524,0000-00-00,,,0,0.00,0.00,0.00,0,0
10534705,114424601,2025-06-03,,,0,0.00,0.00,0.00,0,0
10534749,114424601,2025-06-04,13,,0,0.00,1454.97,0.00,0,0
10555774,114424857,0000-00-00,,,0,0.00,0.00,0.00,0,0
10535119,114425031,0000-00-00,,,0,0.00,0.00,0.00,0,0
10570628,114425621,0000-00-00,,,0,0.00,0.00,0.00,0,0
10557262,114425822,0000-00-00,,,0,0.00,0.00,0.00,0,0
10578535,114426315,0000-00-00,,,0,0.00,0.00,0.00,0,0
10556487,114426949,0000-00-00,,,0,0.00,0.00,0.00,0,0
10550817,114426978,0000-00-00,,,0,0.00,0.00,0.00,0,0
10552555,114427247,2025-06-25,,,0,0.00,0.00,0.00,0,0
10539975,114427372,0000-00-00,,,0,0.00,0.00,0.00,0,0
10550819,114427586,0000-00-00,,,0,0.00,0.00,0.00,0,0
10539910,114427645,2025-07-09,,,0,0.00,3235.46,0.00,0,0
10557429,114427678,0000-00-00,,,0,0.00,0.00,0.00,0,0
10537228,114428298,0000-00-00,,,0,0.00,0.00,0.00,0,0
10557436,114428845,0000-00-00,,,0,0.00,0.00,0.00,0,0
10538064,114429401,2025-06-26,,,0,0.00,0.00,0.00,0,0
10543140,114429422,0000-00-00,,,0,0.00,0.00,0.00,0,0
10538531,114429937,2025-06-30,,,0,0.00,1840.60,0.00,0,0
10538533,114429955,2025-06-30,40,,0,0.00,964.87,0.00,0,0
10538808,114430379,2025-07-02,50,,0,0.00,2706.90,0.00,0,0
10578056,114431773,0000-00-00,,,0,0.00,0.00,0.00,0,0
10557316,114432205,0000-00-00,,,0,0.00,0.00,0.00,0,0
10582195,114432241,0000-00-00,,,0,0.00,0.00,0.00,0,0
10556591,114432287,0000-00-00,,,0,0.00,0.00,0.00,0,0
10557332,114432296,0000-00-00,,,0,0.00,0.00,0.00,0,0
10540147,114432341,0000-00-00,,,0,0.00,0.00,0.00,0,0
10555799,114432454,0000-00-00,,,0,0.00,0.00,0.00,0,0
10557343,114432513,0000-00-00,,,0,0.00,0.00,0.00,0,0
10540697,114432569,2025-07-11,10,,0,0.00,2758.54,0.00,0,0
10557593,114432611,0000-00-00,,,0,0.00,0.00,0.00,0,0
10540589,114432691,0000-00-00,,,0,0.00,0.00,0.00,0,0
10556128,114432964,0000-00-00,,,0,0.00,0.00,0.00,0,0
10555903,114433319,0000-00-00,,,0,0.00,0.00,0.00,0,0
10541467,114433979,2025-07-22,,,0,0.00,0.00,0.00,0,0
10541685,114434195,2025-07-23,10,,0,0.00,1557.58,0.00,0,0
10578561,114434371,0000-00-00,,,0,0.00,0.00,0.00,0,0
10541913,114434447,2025-07-24,,,0,0.00,0.00,0.00,0,0
10541981,114434447,2025-07-25,40,,0,0.00,0.00,0.00,0,0
10543564,114434447,2025-08-04,40,,0,0.00,2479.56,0.00,0,0
10542775,114434657,2025-07-30,40,,0,0.00,799.10,0.00,0,0
10578563,114435150,0000-00-00,,,0,0.00,0.00,0.00,0,0
10557464,114435272,0000-00-00,,,0,0.00,0.00,0.00,0,0
10578543,114435276,0000-00-00,,,0,0.00,0.00,0.00,0,0
10557472,114435305,0000-00-00,,,0,0.00,0.00,0.00,0,0
10553069,114435413,2025-10-08,30,,0,0.00,2204.12,0.00,0,0
10555550,114435447,0000-00-00,,,0,0.00,0.00,0.00,0,0
10542798,114435521,2025-07-30,,,0,0.00,4931.78,0.00,0,0
10543022,114435685,2025-07-31,13,,0,0.00,1856.37,0.00,0,0
10557305,114435716,0000-00-00,,,0,0.00,0.00,0.00,0,0
10543329,114436012,0000-00-00,,,0,0.00,0.00,0.00,0,0
10555789,114436209,0000-00-00,,,0,0.00,0.00,0.00,0,0
10543666,114436328,0000-00-00,,,0,0.00,0.00,0.00,0,0
10557314,114436350,0000-00-00,,,0,0.00,0.00,0.00,0,0
10584923,114436595,0000-00-00,,,0,0.00,0.00,0.00,0,0
10545885,114436771,2025-08-21,10,,0,0.00,5677.00,0.00,0,0
10556306,114436860,0000-00-00,,,0,0.00,0.00,0.00,0,0
10557323,114437835,0000-00-00,,,0,0.00,0.00,0.00,0,0
10554639,114438089,2025-10-20,10,,10,0.00,1799.53,0.00,0,0
10546854,114438135,2025-08-28,,,0,0.00,0.00,0.00,0,0
10552264,114438135,2025-10-02,,,0,0.00,5877.77,0.00,0,0
10578611,114438725,0000-00-00,,,0,0.00,0.00,0.00,0,0
10571262,114438966,0000-00-00,,,0,0.00,0.00,0.00,0,0
10578558,114439004,0000-00-00,,,0,0.00,0.00,0.00,0,0
10546087,114439147,2025-08-21,40,,0,0.00,1687.39,0.00,0,0
10556525,114439235,0000-00-00,,,0,0.00,0.00,0.00,0,0
10554466,114439251,0000-00-00,,,0,0.00,0.00,0.00,0,0
10546520,114439907,2025-08-26,,,0,0.00,1385.40,0.00,0,0
10555801,114439911,0000-00-00,,,0,0.00,0.00,0.00,0,0
10555793,114440111,0000-00-00,,,0,0.00,0.00,0.00,0,0
10577029,114440162,0000-00-00,,,0,0.00,0.00,0.00,0,0
10557432,114440362,0000-00-00,,,0,0.00,0.00,0.00,0,0
10577031,114440521,0000-00-00,,,0,0.00,0.00,0.00,0,0
10546957,114440567,0000-00-00,,,0,0.00,0.00,0.00,0,0
10547345,114440934,2025-09-01,,,0,0.00,0.00,0.00,0,0
10577033,114441063,0000-00-00,,,0,0.00,0.00,0.00,0,0
10555957,114441146,0000-00-00,,,0,0.00,0.00,0.00,0,0
10556527,114441394,0000-00-00,,,0,0.00,0.00,0.00,0,0
10578571,114441575,0000-00-00,,,0,0.00,0.00,0.00,0,0
10554961,114441665,0000-00-00,,,0,0.00,0.00,0.00,0,0
10548211,114442363,0000-00-00,,,0,0.00,0.00,0.00,0,0
10548637,114442879,0000-00-00,,,0,0.00,0.00,0.00,0,0
10556521,114443403,0000-00-00,,,0,0.00,0.00,0.00,0,0
10556515,114443583,0000-00-00,,,0,0.00,0.00,0.00,0,0
10549313,114443651,2025-09-15,50,,0,0.00,0.00,0.00,0,0
10549391,114443707,2025-09-15,,,0,0.00,10834.08,0.00,0,0
10549364,114443793,2025-09-15,,,0,0.00,0.00,0.00,0,0
10552822,114443793,2025-10-06,,,0,0.00,0.00,0.00,0,0
10556517,114443838,0000-00-00,,,0,0.00,0.00,0.00,0,0
10556519,114443838,0000-00-00,,,0,0.00,0.00,0.00,0,0
10552246,114444295,0000-00-00,,,0,0.00,0.00,0.00,0,0
10569047,114444297,0000-00-00,,,0,0.00,0.00,0.00,0,0
10551967,114444349,0000-00-00,,,0,0.00,0.00,0.00,0,0
10576256,114444447,0000-00-00,,,0,0.00,0.00,0.00,0,0
10550419,114444785,2025-09-22,13,,10,0.00,861.34,0.00,0,0
10551593,114445103,2025-09-29,,,0,0.00,0.00,0.00,0,0
10578073,114445106,0000-00-00,,,0,0.00,0.00,0.00,0,0
10550518,114445290,0000-00-00,,,0,0.00,0.00,0.00,0,0
10558648,114445563,0000-00-00,,,0,0.00,0.00,0.00,0,0
10557430,114445640,0000-00-00,,,0,0.00,0.00,0.00,0,0
10550791,114445643,0000-00-00,,,0,0.00,0.00,0.00,0,0
10579169,114446011,0000-00-00,,,0,0.00,0.00,0.00,0,0
10571053,114446074,0000-00-00,,,0,0.00,0.00,0.00,0,0
10551505,114446212,2025-09-29,10,,0,0.00,1056.06,0.00,0,0
10560742,114446261,2025-11-25,,,0,0.00,1248.24,0.00,0,0
10582224,114446385,0000-00-00,,,0,0.00,0.00,0.00,0,0
10551783,114446721,2025-09-30,40,,0,0.00,2199.95,0.00,0,0
10557711,114446721,2025-11-07,40,,0,0.00,5945.76,0.00,0,0
10553965,114447238,2025-10-14,,,0,0.00,5677.00,0.00,0,0
10552850,114448040,0000-00-00,,,0,0.00,0.00,0.00,0,0
10577027,114448773,0000-00-00,,,0,0.00,0.00,0.00,0,0
10582241,114449056,0000-00-00,,,0,0.00,0.00,0.00,0,0
10553950,114449115,0000-00-00,,,0,0.00,0.00,0.00,0,0
10572336,114449200,0000-00-00,,,0,0.00,0.00,0.00,0,0
10554153,114449441,2025-10-15,,,0,0.00,0.00,0.00,0,0
10582227,114450205,0000-00-00,,,0,0.00,0.00,0.00,0,0
10577035,114450487,0000-00-00,,,0,0.00,0.00,0.00,0,0
10567387,114450731,0000-00-00,,,0,0.00,0.00,0.00,0,0
10582239,114450825,0000-00-00,,,0,0.00,0.00,0.00,0,0
10572338,114450884,0000-00-00,,,0,0.00,0.00,0.00,0,0
10555140,114451248,0000-00-00,,,0,0.00,0.00,0.00,0,0
10556132,114451336,0000-00-00,,,0,0.00,0.00,0.00,0,0
10582233,114451569,0000-00-00,,,0,0.00,0.00,0.00,0,0
10555981,114451719,2025-10-24,,,0,0.00,1765.27,0.00,0,0
10559447,114452968,0000-00-00,,,0,0.00,0.00,0.00,0,0
10578583,114453043,0000-00-00,,,0,0.00,0.00,0.00,0,0
10579183,114453196,0000-00-00,,,0,0.00,0.00,0.00,0,0
10578147,114453216,0000-00-00,,,0,0.00,0.00,0.00,0,0
10556793,114453359,2021-06-18,40,,0,0.00,1330.46,0.00,0,0
10557004,114453467,0000-00-00,,,0,0.00,0.00,0.00,0,0
10557047,114453597,2025-11-03,40,,0,0.00,2585.74,0.00,0,0
10575668,114453632,0000-00-00,,,0,0.00,0.00,0.00,0,0
10557098,114453747,0000-00-00,,,0,0.00,0.00,0.00,0,0
10557167,114453852,0000-00-00,,,0,0.00,0.00,0.00,0,0
10557465,114454245,0000-00-00,,,0,0.00,0.00,0.00,0,0
10557691,114454651,0000-00-00,,,0,0.00,0.00,0.00,0,0
10579221,114454668,0000-00-00,,,0,0.00,0.00,0.00,0,0
10578077,114455364,0000-00-00,,,0,0.00,0.00,0.00,0,0
10558684,114455409,2025-11-13,50,,0,0.00,3006.31,0.00,0,0
10559409,114456997,2025-11-18,,,0,0.00,2107.44,0.00,0,0
10559764,114457746,0000-00-00,,,0,0.00,0.00,0.00,0,0
10562227,114457750,0000-00-00,,,0,0.00,0.00,0.00,0,0
10579237,114457801,0000-00-00,,,0,0.00,0.00,0.00,0,0
10560339,114458000,2025-11-24,,,0,0.00,0.00,0.00,0,0
10567204,114458000,2026-01-12,,,0,0.00,0.00,0.00,0,0
10560691,114458269,2025-11-25,10,,0,0.00,2934.07,0.00,0,0
10560928,114458677,2025-11-26,,,0,0.00,0.00,0.00,0,0
10562897,114459584,2025-12-08,,,0,0.00,4990.25,0.00,0,0
10582321,114459669,0000-00-00,,,0,0.00,0.00,0.00,0,0
10562289,114460073,0000-00-00,,,0,0.00,0.00,0.00,0,0
10573587,114460216,0000-00-00,,,0,0.00,0.00,0.00,0,0
10582399,114460267,0000-00-00,,,0,0.00,0.00,0.00,0,0
10563206,114460955,2025-12-09,10,,0,0.00,702.73,0.00,0,0
10563081,114461017,0000-00-00,,,0,0.00,0.00,0.00,0,0
10563455,114461753,0000-00-00,,,0,0.00,0.00,0.00,0,0
10563597,114461795,2025-12-11,13,,0,0.00,716.12,0.00,0,0
10566636,114461837,0000-00-00,,,0,0.00,0.00,0.00,0,0
10563683,114461935,2025-12-12,40,,0,0.00,1287.53,0.00,0,0
10565307,114462225,0000-00-00,,,0,0.00,0.00,0.00,0,0
10579188,114462525,0000-00-00,,,0,0.00,0.00,0.00,0,0
10565257,114462695,2025-12-23,13,,0,0.00,1268.31,0.00,0,0
10564343,114462903,2025-12-17,50,,0,0.00,0.00,0.00,0,0
10564420,114462903,2025-12-18,50,,0,0.00,4733.05,0.00,0,0
10579368,114463098,0000-00-00,,,0,0.00,0.00,0.00,0,0
10579376,114463211,0000-00-00,,,0,0.00,0.00,0.00,0,0
10564997,114463642,2025-12-22,,,0,0.00,0.00,0.00,0,0
10571425,114463642,2026-02-09,,,0,0.00,0.00,0.00,0,0
10579378,114463759,0000-00-00,,,0,0.00,0.00,0.00,0,0
10565787,114464246,2025-12-31,,,0,0.00,3936.58,0.00,0,0
10565667,114464414,2025-12-30,40,22,10,0.00,2784.10,0.00,0,0
10574432,114464511,0000-00-00,,,0,0.00,0.00,0.00,0,0
10582359,114464562,0000-00-00,,,0,0.00,0.00,0.00,0,0
10565813,114464745,2025-12-31,,,0,0.00,5722.00,0.00,0,0
10567162,114464769,0000-00-00,,,0,0.00,0.00,0.00,0,0
10582382,114465777,0000-00-00,,,0,0.00,0.00,0.00,0,0
10576570,114465818,0000-00-00,,,0,0.00,0.00,0.00,0,0
10566679,114465908,0000-00-00,,,0,0.00,0.00,0.00,0,0
10566892,114466037,2026-01-08,,,0,0.00,3444.08,0.00,0,0
10566949,114466383,0000-00-00,,,0,0.00,0.00,0.00,0,0
10567132,114466485,2026-01-12,50,,0,0.00,5400.66,0.00,0,0
10584503,114466485,2026-05-05,50,,0,0.00,0.00,0.00,0,0
10567160,114466570,2026-01-12,,,0,0.00,2689.19,0.00,0,0
10579424,114466779,0000-00-00,,,0,0.00,0.00,0.00,0,0
10567327,114466941,0000-00-00,,,0,0.00,0.00,0.00,0,0
10578210,114467167,0000-00-00,,,0,0.00,0.00,0.00,0,0
10582380,114467204,0000-00-00,,,0,0.00,0.00,0.00,0,0
10578364,114467450,2026-03-26,,,0,0.00,2590.96,0.00,0,0
10568139,114468263,0000-00-00,,,0,0.00,0.00,0.00,0,0
10568878,114469035,2026-01-22,,,0,0.00,0.00,0.00,0,0
10569057,114469035,2026-01-23,,,0,0.00,9313.45,0.00,0,0
10579409,114469809,0000-00-00,,,0,0.00,0.00,0.00,0,0
10569393,114469895,0000-00-00,,,0,0.00,0.00,0.00,0,0
10569495,114469983,2026-01-27,10,,0,0.00,1779.91,0.00,0,0
10569911,114470509,0000-00-00,,,0,0.00,0.00,0.00,0,0
10570501,114470863,2026-02-02,,,0,0.00,0.00,0.00,0,0
10570420,114471078,2026-02-02,,,0,0.00,2086.18,0.00,0,0
10583891,114471319,0000-00-00,,,0,0.00,0.00,0.00,0,0
10573859,114471725,0000-00-00,,,0,0.00,0.00,0.00,0,0
10571121,114471975,0000-00-00,,,0,0.00,0.00,0.00,0,0
10571267,114472075,0000-00-00,,,0,0.00,0.00,0.00,0,0
10579573,114472101,0000-00-00,,,0,0.00,0.00,0.00,0,0
10571550,114472307,2026-02-09,40,,0,0.00,326.00,0.00,0,0
10583164,114474597,2026-04-27,,,0,0.00,0.00,0.00,0,0
10579579,114475029,0000-00-00,,,0,0.00,0.00,0.00,0,0
10579494,114475245,0000-00-00,,,0,0.00,0.00,0.00,0,0
10574192,114475963,0000-00-00,,,0,0.00,0.00,0.00,0,0
10579591,114476157,0000-00-00,,,0,0.00,0.00,0.00,0,0
10579583,114476278,0000-00-00,,,0,0.00,0.00,0.00,0,0
10582237,114476413,0000-00-00,,,0,0.00,0.00,0.00,0,0
10579598,114476461,0000-00-00,,,0,0.00,0.00,0.00,0,0
10575039,114477111,0000-00-00,,,0,0.00,0.00,0.00,0,0
10575517,114477699,2026-03-06,,,0,0.00,534.20,0.00,0,0
10579611,114477971,0000-00-00,,,0,0.00,0.00,0.00,0,0
10579481,114477991,2026-04-03,,,0,0.00,0.00,0.00,0,0
10575689,114477997,0000-00-00,,,0,0.00,0.00,0.00,0,0
10578634,114478155,2026-03-20,,,0,0.00,0.00,0.00,0,0
10578861,114479055,2026-03-30,,,0,0.00,518.94,0.00,0,0
10583455,114479628,0000-00-00,,,0,0.00,0.00,0.00,0,0
10583630,114479628,2026-04-29,,,0,0.00,0.00,0.00,0,0
10579607,114479777,0000-00-00,,,0,0.00,0.00,0.00,0,0
10577114,114479958,0000-00-00,,,0,0.00,0.00,0.00,0,0
10579609,114480151,0000-00-00,,,0,0.00,0.00,0.00,0,0
10577764,114480679,2026-03-23,,,0,0.00,826.45,0.00,0,0
10577687,114480707,0000-00-00,,,0,0.00,0.00,0.00,0,0
10578636,114481261,2026-03-26,,,0,0.00,0.00,0.00,0,0
10583563,114481309,0000-00-00,,,0,0.00,0.00,0.00,0,0
10583597,114481321,0000-00-00,,,0,0.00,0.00,0.00,0,0
10578226,114481420,0000-00-00,,,0,0.00,0.00,0.00,0,0
10580396,114481827,0000-00-00,,,0,0.00,0.00,0.00,0,0
10583561,114482092,0000-00-00,,,0,0.00,0.00,0.00,0,0
10579126,114482511,2026-03-31,,,0,0.00,0.00,0.00,0,0
10579265,114482511,2026-04-01,13,,0,0.00,2012.97,0.00,0,0
10582360,114482574,0000-00-00,,,0,0.00,0.00,0.00,0,0
10579202,114482654,0000-00-00,,,0,0.00,0.00,0.00,0,0
10579211,114482665,0000-00-00,,,0,0.00,0.00,0.00,0,0
10579586,114483100,0000-00-00,,,0,0.00,0.00,0.00,0,0
10582402,114483114,2026-04-24,,,0,0.00,1455.78,0.00,0,0
10580320,114483769,2026-04-10,,,0,0.00,0.00,0.00,0,0
10580521,114483769,2026-04-13,,,0,0.00,0.00,0.00,0,0
10581344,114485530,0000-00-00,,,0,0.00,0.00,0.00,0,0
10584761,114511673,2026-05-07,,,0,0.00,0.00,0.00,0,0
10583833,114511767,0000-00-00,,,0,0.00,0.00,0.00,0,0
10583629,114511959,2026-04-29,,,0,0.00,0.00,0.00,0,0
10584117,114512485,2026-05-04,,,0,0.00,0.00,0.00,0,0
10585375,114513821,0000-00-00,,,0,0.00,0.00,0.00,0,0
10585064,114525188,0000-00-00,,,0,0.00,0.00,0.00,0,0
10585990,114526102,2026-05-18,40,,0,0.00,1132.50,0.00,0,0
10587033,114526111,2026-05-26,,,0,0.00,0.00,0.00,0,0
10587038,114527569,2026-05-26,,,0,0.00,0.00,0.00,0,0
10586892,114527624,0000-00-00,,,0,0.00,0.00,0.00,0,0
